ticket_id,customer_id,created_at,closed_at,product,category,priority
f9b3b1ea-d191-4d53-a689-096bfe10a013,98400e17-49f2-49a8-90eb-b74c5ec59746,2026-08-28T04:50:00,2026-08-28T10:47:32.885390,analytics,bug,high
311a1079-09a4-401a-ab53-8e8f7f77cba6,5c7fde82-84ce-4ce3-bbd9-06ec3a5af373,2026-07-13T16:49:00,2026-07-14T12:26:43.914807,analytics,account,low
479db081-972a-4b65-b382-629e347aa7f6,7d75a53b-0ca1-4671-9cec-ec6ada4e5e28,2026-07-03T21:25:00,2026-07-04T06:12:30.950594,analytics,bug,medium
038164c7-f4ff-4602-89e4-1fb50114afb6,f57fb9a5-6a5e-4d35-9578-f13daa52ec2c,2026-08-24T19:07:00,2026-08-25T09:42:32.047278,analytics,account,medium
f1c6de5f-9788-469c-8344-ce0b14cfa3b9,a0b12e7e-56ce-4a7e-afe1-867ccbaa73f5,2026-08-19T14:26:00,2026-08-19T17:42:04.069386,messaging,billing,critical
1b925601-67f3-4432-9b22-d79f3ca5e691,8a955ef8-1561-4680-a8d9-249b390159c7,2026-07-01T14:11:00,2026-07-01T20:24:22.694640,payments,performance,high
e26db19d-6619-42d1-bf7c-1f6331eb98cb,d31050dd-2fc2-40e5-b191-cd7434647699,2026-07-20T14:21:00,2026-07-21T06:11:19.289081,identity,bug,low
5a737572-0029-4160-8964-a61d776c342c,aa13c2f9-9e1c-4bd8-9b76-8f5ae2d70542,2026-08-02T16:12:00,2026-08-03T02:39:25.294270,identity,account,high
bd4044e7-5b53-45ca-b21d-325a2e031c21,0efae675-70df-4f85-af5a-6ccf9de228fe,2026-08-11T19:37:00,2026-08-12T14:33:12.232907,analytics,performance,low
a38638fa-dd90-4645-9129-e662a7f533e6,50a9003a-c127-4045-bc07-1dd6d392fced,2026-08-27T05:17:00,2026-08-27T19:44:17.503324,identity,account,medium
8f7124f8-6799-4534-9d3c-aeea3cb6d113,f8f44c7f-0802-4a2f-ba9f-224682430000,2026-07-05T04:06:00,2026-07-06T04:29:44.588322,payments,configuration,low
a8e4207d-f7f9-42aa-8751-336751c6f93f,a4c28814-d52a-437e-aed0-eb4f3b3bdde9,2026-07-10T04:38:00,2026-07-10T08:02:25.391998,messaging,configuration,critical
04ea997e-8285-47e7-8326-57131d0d3d00,efc2c8a4-df8d-450c-8ff8-5e9992630271,2026-08-03T04:59:00,2026-08-03T15:12:00.844475,payments,configuration,high
c0d83dbd-fa51-4736-a9b9-ba92128ebf83,25e27330-8922-4db2-ae39-46728a355d58,2026-07-25T07:13:00,2026-07-25T19:37:34.842688,analytics,account,medium
77543d80-6517-4953-b860-67ef76c6d105,a9c3a691-724f-4b65-887a-bf98d0f40172,2026-07-23T06:47:00,2026-07-23T09:05:35.436529,payments,performance,critical
506c7396-0e5c-42fe-91f6-c0b5a4621754,ddaba122-d3b0-4ea0-8d5e-e835fdb5ac10,2026-08-28T06:06:00,2026-08-29T05:43:16.167114,payments,configuration,low
e136012e-669e-4db4-b79d-a9c0f791c64f,4534bfe8-e023-4f59-b1dd-e947b4480c53,2026-07-03T22:07:00,2026-07-04T02:38:46.231830,identity,performance,high
024fed18-8a14-4660-89a5-443ffd0e4ec4,b7fce1e3-0eab-44f4-8425-cff0f587d9ac,2026-08-21T15:01:00,2026-08-21T17:42:12.824531,identity,billing,critical
b2c7ce3f-5b72-4f2c-aa33-7f8de2c42c7d,4ed5e3e0-5d11-4b49-9e3d-d06c512ebff8,2026-08-28T12:19:00,2026-08-28T17:26:01.353202,messaging,billing,high
a5dbfb07-be49-4272-9678-fc4492146b38,a9aa8196-1a5d-410a-991c-893297ce11d9,2026-08-21T02:19:00,2026-08-21T06:30:36.487143,identity,account,critical
1a62778e-70e3-4a6e-91a2-b73b29eb91e3,5b95c79e-dbc9-4409-b3aa-662e91079ab0,2026-08-06T08:30:00,2026-08-06T20:36:51.535887,identity,billing,medium
0e24a856-ff18-49af-a46a-b491d6cfa823,f2a322c7-b04c-4596-90cd-f90746419684,2026-07-09T06:35:00,2026-07-09T20:06:45.669002,analytics,bug,medium
f31e6e9e-db58-4b0e-bf2b-fe205bf3e542,d2bc1012-d99e-4f31-8e84-83a0ce335a18,2026-08-08T10:13:00,2026-08-08T13:30:15.595026,analytics,performance,critical
ae25556a-83a9-42f7-9e8e-6cf38c634f4e,1d85febc-340e-4f15-ae1b-7880f42c67a0,2026-08-12T14:28:00,2026-08-13T11:42:42.364985,identity,account,low
8857baec-77fa-4d84-bdc4-aaa14edc2022,83ba8c6e-589b-4cd5-aa33-318d326c6cca,2026-07-11T10:14:00,2026-07-12T00:30:58.808336,identity,configuration,low
682cf91d-d4d8-4f73-8fa1-876f0a960739,b69d8def-1806-44f2-988e-25eaa594b17a,2026-07-15T09:30:00,2026-07-15T21:16:30.377247,messaging,bug,high
c574fe00-8113-4761-a5d1-d9661a2f0e54,ac4ef041-2f7b-429d-aab8-d9045d1737d6,2026-07-17T06:16:00,2026-07-17T14:06:02.656401,analytics,configuration,medium
cdaf00fa-958f-4f7d-a07e-ab8f09f2a13a,d6443b28-81ce-41d8-8392-fb19b8ea8d27,2026-07-15T16:54:00,2026-07-16T00:48:31.844391,analytics,account,high
310e163f-bfbb-404f-8670-1fb3f220b673,1d8fe99f-83e5-48b3-868a-b4dd7d90b680,2026-07-11T04:22:00,2026-07-11T11:03:42.367193,identity,configuration,medium
cf3f665f-44cc-499c-af75-03a6ced74a66,ec07c38f-1ef0-47aa-85b6-3cf8489544c8,2026-08-21T15:24:00,2026-08-21T19:20:53.051137,analytics,bug,critical
af2456cc-7dba-4c85-b30f-b65bc9474fb2,11f95920-f2f1-4d22-9347-13e8a8f4557c,2026-08-18T11:42:00,2026-08-18T19:30:46.738333,payments,billing,critical
474b2b98-4eed-4ddf-893b-9aeec37e174f,9fc72276-7af7-4e77-888a-408c5145f878,2026-07-16T00:43:00,2026-07-16T05:06:35.119385,identity,account,critical
e5a58fc8-7d12-4252-9709-5dcb829ecfd1,b6cbe79f-e895-4296-8064-12a862d77732,2026-08-19T02:06:00,2026-08-19T10:10:25.703493,payments,configuration,critical
add55928-0e62-4435-974f-a1e4b14874db,94ed4f79-4fda-4933-93c6-86cd2af278f2,2026-08-29T03:40:00,2026-08-29T05:31:46.845315,identity,performance,critical
323e3ab3-adfb-4a26-8c15-0f092d804c90,11b85148-704e-4363-a1c9-e9bb257de646,2026-07-21T10:51:00,2026-07-22T06:26:22.404956,analytics,configuration,low
b74795a9-5ff1-433a-b4d5-50e9d783a487,ba3600db-daa6-427b-9ab0-543fe5fbace5,2026-07-21T22:41:00,2026-07-22T20:25:28.093336,payments,bug,low
0c879080-ac21-4c9a-9ec6-2c82ce1d20f0,73af315a-f582-46d8-95d5-21d5a079192b,2026-07-06T08:36:00,2026-07-07T09:04:24.373936,payments,bug,low
810d0027-be95-4556-8d95-25e1f4eedf1b,8b34e033-6cb4-4364-8380-5b054e10d3fc,2026-07-07T10:47:00,2026-07-07T12:55:33.757520,payments,configuration,critical
2da10f5a-bfe4-4d94-b811-aaebeca3bd7e,5145d515-2491-467b-a86d-60577aed2dbb,2026-07-13T01:02:00,2026-07-13T04:57:20.967576,messaging,billing,critical
0365d58a-d17b-41eb-ab3c-736df4f154ea,755664c3-afaa-48ff-8aaa-6147edd6335d,2026-07-18T07:57:00,2026-07-18T10:30:46.413719,analytics,bug,critical
7c724cfc-490b-47bd-b050-71d2818c77d9,b17b6c03-9536-4ff5-bde4-c190a95e83f1,2026-08-07T10:03:00,2026-08-07T20:08:27.701280,messaging,bug,low
11461481-10f2-41b1-8b1c-73f2c5da82bc,22913e61-2dca-4c2b-b3e2-9b0c2a2b6c2d,2026-07-31T21:13:00,2026-08-01T05:29:57.024845,analytics,billing,medium
870545f5-1ab6-4c46-8949-620bab440416,891c1ab3-840d-4ace-83db-32584b53cc7c,2026-08-10T20:00:00,2026-08-11T12:48:59.670449,payments,performance,medium
aabec000-0504-4000-87a2-6bdecf9ccbda,70d372ab-08a7-4c27-b8f7-234e23d9877b,2026-07-23T17:42:00,2026-07-24T03:36:38.123753,analytics,performance,low
03758caf-d3b5-4ea1-b6a1-cc3e42c0b7ab,5c02c87b-f730-419b-b3e0-4b79531923a4,2026-08-19T04:55:00,2026-08-19T12:54:44.639978,analytics,bug,medium
d217754c-b412-4437-b0b4-dd79f5dd276e,11865f24-0e65-4ff6-994b-fac1ff948deb,2026-08-14T04:53:00,2026-08-14T09:05:26.382948,messaging,billing,critical
53e8549f-69ff-4af8-9ad7-3149785c59cd,8dff25eb-4fe9-48da-b344-505477ca4058,2026-07-15T23:39:00,2026-07-16T01:56:44.193028,messaging,bug,critical
1de2e5eb-a9fd-4be8-9b18-4b18153b8279,3ddbe6f8-8237-4e0c-99fb-75af940ee2c7,2026-08-11T09:58:00,2026-08-11T11:55:51.805713,identity,performance,critical
d448c378-ac4d-44ca-a393-bf8c92ac89aa,2e7e5cbc-4c0d-4062-b980-9866fa16dba3,2026-07-28T00:10:00,2026-07-28T22:37:48.816313,payments,bug,low
417d7707-5f87-491c-a598-b05d91843299,b85e9fe9-6966-469f-a21a-93516bccee70,2026-07-06T04:52:00,2026-07-06T07:52:30.784136,analytics,account,critical
dbdedcf4-4f2e-4afa-8153-2874c515d2b9,7e3f82f8-58bd-48d5-9fe6-c6e153317f00,2026-08-18T08:15:00,2026-08-20T04:02:00.594489,payments,bug,low
e552981b-6cef-4f57-b2ef-cb1ee48a4c63,0668fdbd-2d90-476c-bf21-c33a240dcaa9,2026-07-07T05:41:00,2026-07-07T07:32:34.775431,analytics,billing,critical
f903323f-4305-46df-aaf7-6c7fa05e2870,a2fb8300-a341-4f63-993d-f49aafe53cde,2026-08-21T20:28:00,2026-08-23T08:44:04.659365,payments,account,low
2159ad1e-1508-41db-a999-fc837bfec898,ddc7b947-efc5-44ce-bde1-3250001cd983,2026-08-08T03:48:00,2026-08-08T17:50:12.162110,identity,configuration,medium
c99d585e-901a-4993-b431-410a636a4ceb,0f9fc56f-38c6-46e8-af88-f39f71508a10,2026-07-29T14:20:00,2026-07-29T16:13:33.485447,payments,configuration,critical
c67bf420-c159-462b-9347-580785b6baaa,b275211f-c9c2-4ea9-92fa-de532fe3d07b,2026-08-28T18:07:00,2026-08-29T05:32:55.727953,identity,performance,high
a0fab264-ccfa-4c39-9b96-422ec4708ec6,f8934e7a-b00a-4d6a-bc24-7bee4c1916f9,2026-07-07T14:28:00,2026-07-08T00:47:07.294727,analytics,performance,low
1841bcbe-e00b-49e2-a41d-da6c0c10ab3a,14bc0a2f-fe50-461d-82db-bac09aa3a9e6,2026-07-20T09:38:00,2026-07-20T20:40:48.888202,identity,billing,high
6f2ab541-3423-4708-876f-8ea31875613e,6f36a698-8b8d-4582-b924-b2bf971484fb,2026-07-23T05:38:00,2026-07-23T16:53:29.573554,identity,configuration,medium
72f230a1-451e-4d45-b7ae-844ed3d31bed,ef43e587-ed25-4c17-8143-32dfeccb3f84,2026-08-19T10:40:00,2026-08-20T07:41:17.535601,identity,account,low
f8d46d83-48a0-47e5-ba43-7700104b769d,2624339c-3581-4f53-a88d-d649535520b6,2026-08-20T11:32:00,2026-08-20T20:42:24.927808,identity,bug,medium
ddb11f43-7e86-4f4e-9e8b-64021a271367,46ee4daf-f2f8-4f59-94d0-6b1930005eea,2026-07-10T17:49:00,2026-07-11T02:39:19.099018,payments,configuration,high
ce9064cd-f116-4a92-ba9b-a03610fc5791,12740067-12a3-45db-9b52-65adbcb19e36,2026-08-01T05:02:00,2026-08-01T09:05:21.797140,payments,configuration,critical
8535ffb6-cd5c-4ac1-beb0-8b3cbd76f2a1,a5ef59b0-8540-4a40-a255-c4866d27fcfd,2026-07-05T14:58:00,2026-07-05T19:19:09.698740,analytics,performance,high
18a930b0-e718-48a7-8af0-965d38532f81,268243ca-dc83-418c-ae99-bc0cb0ac2af1,2026-07-31T08:39:00,2026-07-31T23:32:41.175241,payments,configuration,medium
6e3d39bb-362b-410e-8732-8d72fe9f6c2d,b3a0151b-a035-4de1-bfa6-1b1a1299e618,2026-08-20T05:09:00,2026-08-20T16:09:49.427462,messaging,account,low
4f7d1af4-1eba-422a-a2d9-5c35a5bb8e8a,fe41b736-d213-4940-aaac-02852ab750b2,2026-07-14T13:36:00,2026-07-15T00:45:26.785996,analytics,configuration,medium
54313d16-80df-4a05-8442-c68af667d47b,cd28b7d8-aa5d-4a84-a05a-ea35080e94fe,2026-07-04T19:22:00,2026-07-05T20:32:50.316447,identity,configuration,low
3dc12dcc-5f03-4000-9eb8-eb8581c2a92f,3a579b2f-4f42-4ece-b453-585b25cac2c1,2026-07-20T02:55:00,2026-07-20T13:09:27.347766,payments,bug,high
44e7b763-541c-4242-bfd1-ba452fa0b23b,bbfed257-3b6c-4ad3-9570-b423a554996c,2026-08-06T23:44:00,2026-08-08T07:37:09.781121,payments,billing,medium
5e6e304c-e0f1-4751-ad33-7f8e051b6996,42629c6e-14f2-4ccc-abcc-c007c05f15f0,2026-07-17T02:46:00,2026-07-17T17:36:19.585180,messaging,bug,medium
2c01dbc3-f117-4073-899f-2ed10206bb09,e4f09f6a-6888-4ff8-a637-e3dc1162faa0,2026-07-31T05:40:00,2026-07-31T10:56:24.897878,messaging,billing,high
40b46b51-3bda-410c-84b9-c243df5e534e,c2ab4379-44ac-4c4f-b81d-eb02d9d2c6a2,2026-07-10T20:08:00,2026-07-10T22:18:02.284149,messaging,bug,critical
645f7563-43cc-44c3-9e4c-26c8525a9db6,d08a276c-8c7c-4940-9219-86079f024683,2026-08-11T21:32:00,2026-08-12T06:12:30.297239,identity,configuration,medium
f4c2b506-22f4-43b3-8135-044af1ccbb4d,f2d8ff76-28e2-43b2-8234-815423772933,2026-08-30T01:51:00,2026-08-30T13:03:42.782683,payments,performance,high
ca8a4c78-b0da-4385-a7ae-dd85e2f09b00,bd079f5d-e930-4067-8cbd-bd14a7f75437,2026-07-07T07:39:00,2026-07-07T11:11:18.795678,identity,configuration,critical
e9c203a1-6b92-445a-b183-858d2282fff0,b0969097-b68a-411d-ad84-d8a64de57d5c,2026-08-18T19:22:00,2026-08-19T20:09:12.089070,identity,bug,low
21e9e1bf-32fc-44c9-bf7c-dfb7a45c43c0,f093e6fd-f506-4221-8a62-5e5f5c5929da,2026-07-24T18:37:00,2026-07-24T22:55:21.807284,payments,account,high
94d7a2fb-9f2f-4567-adca-fbd07f69a0a0,33f1bc94-3675-4806-9ce5-b30c37977bb5,2026-08-24T07:13:00,2026-08-24T14:42:28.143855,messaging,configuration,high
fdc90221-ecda-45d4-ab47-d38bec313a1a,a6f1c25d-32a8-4430-9c47-c081e0a3c2ab,2026-08-16T13:13:00,2026-08-16T22:16:24.012265,analytics,performance,medium
62ae6232-ed9b-431a-8bb9-e24f850ecc36,1460a16e-b94c-486b-ae39-48d17ad0be1c,2026-08-09T16:34:00,2026-08-10T02:56:14.367581,analytics,account,medium
a66ab223-0acf-490e-aff2-1aab029ba206,961fb607-2f30-4e23-b2e8-dbd42d9d61e2,2026-07-07T08:51:00,2026-07-07T18:09:25.559316,identity,account,high
c5e49765-be61-4bb2-acf1-629e6d7b1d91,50d18ddb-2f7d-4a90-88de-0e6a318bb0c5,2026-07-12T08:14:00,2026-07-12T17:34:06.515638,identity,account,high
bb4f5749-bc2d-4539-a0d9-103f78f73835,41a25646-9dce-4c36-82de-482de656966d,2026-07-30T16:33:00,2026-07-31T00:51:07.492017,messaging,configuration,medium
74c0f119-b19c-4ff6-b854-e91666db81a4,1c422497-ab96-47ea-a20a-288d873f2315,2026-08-30T12:33:00,2026-08-30T19:47:54.964860,messaging,billing,high
9626be47-c012-4f37-bc31-cee6272d4a77,70d9b546-01f0-4eba-9b13-ed005f90b7f3,2026-07-01T00:53:00,2026-07-01T12:02:31.168080,identity,configuration,medium
471bcb3a-1e0a-4968-950a-3b5200fadfaa,bd71f5cb-8215-43a5-883d-c2700e585a55,2026-08-22T18:59:00,2026-08-22T21:48:35.325832,identity,performance,critical
8f48a570-d207-4f48-873b-fc2118cc86b9,0fa9aa37-1eda-4a47-a0a7-5196bdf3c412,2026-07-20T10:50:00,2026-07-21T00:56:29.359044,messaging,billing,low
58129a45-d4cd-4e55-be43-14762dc77a72,b4b8497a-584d-4476-b317-9f7106521dd0,2026-08-30T10:12:00,2026-08-31T00:16:24.772968,identity,bug,medium
789e48d9-189e-4e21-802c-85e52aa85287,cfcca99a-73be-4919-8fc9-28691501add0,2026-07-21T10:44:00,2026-07-21T20:33:54.648932,payments,billing,low
d44feef3-84c4-434a-a227-7b3904e82fb2,84a88bfe-c95b-4ea2-b705-4f31df007f44,2026-08-13T05:57:00,2026-08-13T10:06:30.278618,analytics,performance,critical
289a99bd-fcca-4c46-88b8-dcb22f35d70e,e1f20e56-9c32-4f21-8781-e3ddc80113f8,2026-08-22T09:34:00,2026-08-22T14:25:29.251654,payments,performance,critical
ef74083e-d78c-45a6-bd23-ee89c739dd44,f680c044-e397-4ec7-becf-d87e7087bd3c,2026-07-14T10:22:00,2026-07-14T12:31:23.484278,analytics,bug,critical
170716a0-e20a-45ba-8e25-aca9f436d6b5,5bed1e4e-c44b-46c6-9d2a-8ff6fb1db5c0,2026-08-17T03:29:00,2026-08-17T20:29:34.704624,messaging,bug,medium
a2d9241f-fa2f-4164-9815-03d8a6d64607,ab0d657e-8d97-4f7c-9a15-cd56d8b370a2,2026-07-12T01:06:00,2026-07-12T04:36:09.839512,messaging,billing,critical
4ea45340-e75e-4bee-89fd-57902b61434c,0cee89a7-70d0-41d5-8382-9e9d76608e11,2026-08-20T20:59:00,2026-08-21T00:58:30.147033,identity,performance,critical
7f56a7ed-15f7-4534-921b-209401661cfd,e2b6add3-e469-447a-a6dc-6e279121e91c,2026-08-19T20:50:00,2026-08-19T23:41:00.753378,messaging,billing,critical
30d504b7-6ee6-4e2c-8ca2-94749db164e3,2140fede-b74a-4c66-9701-7f2f579e7c41,2026-07-23T12:06:00,2026-07-23T15:28:48.883119,identity,account,critical
bac7acf9-556e-4953-9a92-e376330747c9,2166ef38-3b1e-4b5e-819a-437384e7f6b1,2026-07-25T23:52:00,2026-07-26T05:44:33.415047,messaging,bug,high
75d8c159-ce96-49fc-8dc0-fa5fab45c85e,1d5e333a-67ed-4aa2-ba74-9417d3ca1ed1,2026-07-31T13:40:00,2026-08-01T01:09:26.639186,identity,account,low
7f6e769d-9282-4a62-b49b-ddf9c4a79abd,1c38c7bc-9d0d-496d-b245-efa3818d7545,2026-07-22T01:11:00,2026-07-22T07:57:14.686351,messaging,billing,medium
a3607905-3f9a-4a9e-a2f6-a5fc36f615ed,2ca30ebc-15c7-4780-82da-ff0ca15da748,2026-08-07T02:24:00,2026-08-07T05:08:50.361728,identity,account,critical
0ce63569-583e-42d1-b4ee-3663db5e6efb,14f6131f-fefc-4f20-8630-4a424661c6ac,2026-07-19T19:50:00,2026-07-20T20:15:16.235693,messaging,performance,low
3a4307c3-f184-4e7d-bb1a-6acb57574efe,4c780b36-7e5e-4d81-aff2-b8cc8ee5e16b,2026-08-22T09:36:00,2026-08-23T11:34:09.659402,messaging,performance,low
230d4b40-3811-4152-9c7f-eb7e89c709a0,8125f6dc-a1e0-48c0-b7e9-9cd64ef8ee3a,2026-07-28T04:19:00,2026-07-28T16:10:31.513430,messaging,performance,medium
5281635a-f436-403f-920a-30ef61d3cd1d,19f01cb3-8128-495a-8630-3b72fa702126,2026-07-25T20:14:00,2026-07-26T12:13:57.946770,messaging,performance,low
612470df-2ddd-4c6e-8343-87fde566d4ca,f76719d5-3c90-4f55-a76a-1df56ab3a28d,2026-08-30T21:10:00,2026-08-31T01:25:31.049503,messaging,billing,critical
10e03a92-8e7d-4b85-85b1-0e6f3a39c126,64d83d16-8259-40b5-862d-22eae7392926,2026-08-26T15:20:00,2026-08-27T01:50:39.795548,analytics,performance,low
ab3e45ec-00ff-4936-8355-0a21038a5445,133ebdf6-dc78-48fc-82b4-ba3ca1098469,2026-08-09T00:19:00,2026-08-09T12:12:10.133100,payments,performance,medium
9a90497c-5ada-443a-a7e0-b68a10627cec,4eb89aa4-e2e3-46d9-a855-799a8821b814,2026-08-04T12:09:00,2026-08-04T14:37:49.934693,identity,billing,critical
d2d6fb3c-d084-46d5-8fa6-1a67cb0d2757,8e7431d4-47ab-4c13-9483-d2df71408957,2026-08-04T12:12:00,2026-08-04T22:52:45.434349,identity,performance,high
02555ee2-55c6-4365-8b02-e27779141566,70fa3b8a-e444-4a51-9c5b-a2397cd38892,2026-08-12T19:24:00,2026-08-13T22:23:54.027287,analytics,account,low
9b9dcfe3-de6c-4921-90c1-f739b7246006,730d5862-2c8d-4785-adf8-53536db68f20,2026-08-01T20:30:00,2026-08-03T13:08:13.760922,payments,bug,low
5b377af0-5526-40b6-ba85-dce87da5c107,7f1bde78-eb8a-4838-817f-25c9d9aa38d4,2026-07-23T12:11:00,2026-07-23T21:02:45.141490,payments,bug,medium
5a61df07-2480-49de-af8b-53fe981ee4e5,f7f6d790-9219-4e9b-ad20-fc0751d90b30,2026-08-13T02:30:00,2026-08-13T14:04:49.468084,analytics,account,medium
3b743a75-995c-4d25-8522-e677c3aca1f8,3ed37464-4691-4507-80e9-6f78926ecfac,2026-07-24T07:46:00,2026-07-25T06:46:00.914224,identity,billing,low
b02be676-495f-42da-8329-7f9c2c85bb37,dff635b7-1b73-47b2-b7a4-853895e22918,2026-07-15T21:45:00,2026-07-16T23:28:11.888513,identity,bug,low
56691970-afa7-4a54-88cf-ade31b81ec32,f8b03a6c-2628-4a0a-aa51-5812928588dc,2026-08-22T09:50:00,2026-08-22T16:44:43.047843,messaging,performance,medium
64169574-3c67-42d5-9b08-844ee90c2047,3185acdf-49be-465c-972b-e61383438b8f,2026-08-27T02:13:00,2026-08-27T21:39:39.201514,payments,bug,high
51d7c51c-5c70-4ed9-85d3-327e2353f580,fbd94dd8-3434-4087-9619-2041c604895c,2026-08-24T15:37:00,2026-08-25T06:51:58.803992,analytics,account,low
9ed8e3ba-8c47-4eb1-a306-1e84038181b7,9d574b52-01b2-4827-ad13-bc6d9654eecf,2026-08-08T23:48:00,2026-08-09T03:54:04.381925,identity,bug,high
b252f2dd-feb9-4a90-bfcc-94ebf5a4c8be,3b85dbd0-74f7-435d-82eb-574f8a9fc27b,2026-08-08T05:37:00,2026-08-08T09:59:56.505726,messaging,bug,critical
8e35f904-664f-40d5-83e1-9d044fc61329,aacbeae8-ac0c-4d7d-9490-e3abd0b6ee52,2026-08-27T20:27:00,2026-08-27T22:28:42.279180,messaging,billing,critical
d4384bd6-0872-4e63-bcb3-9913f858e089,21b04995-278d-454d-9000-7b5741a70b2c,2026-08-17T11:46:00,2026-08-17T14:39:40.636734,identity,account,critical
d4d68c8a-39ff-4909-8902-31c29a2cf2f3,7d7a86c6-cf94-4899-8b3b-b9864107f435,2026-08-23T22:16:00,2026-08-24T14:14:07.580016,identity,configuration,medium
351a458e-e07e-4b4f-a96c-4f9a0c60b2c4,8610d113-b0db-4310-91ca-ee1f56fb65be,2026-07-08T21:19:00,2026-07-09T12:19:20.575375,identity,performance,medium
51bbf694-9af1-4674-a986-051d82b9c012,8b444fc4-dc9b-48df-89de-e2983527009c,2026-08-21T20:51:00,2026-08-22T14:44:51.061434,messaging,configuration,low
9e3b82e8-5350-4670-a300-016441a15aac,cf83a8ef-4e0c-4e45-8e13-f254cebf9f60,2026-07-30T14:00:00,2026-07-31T00:15:28.438539,payments,performance,medium
a8dd562d-9c53-4093-947d-fd3444d2b28c,53bc48a9-0092-4b62-bc42-acb6513d76e7,2026-07-24T12:22:00,2026-07-24T20:48:46.781604,identity,configuration,high
544bc2a8-ebb0-474d-ad7e-ddb514fbfc9d,fe9610b7-1c72-4584-a4d8-a60467cd8973,2026-08-17T00:35:00,2026-08-18T02:56:13.005881,payments,bug,medium
9d5cbeda-34eb-47ab-a987-6b2ac573954b,e390f870-d5bd-4867-94df-168e0e4c7129,2026-08-14T11:18:00,2026-08-14T16:25:12.513244,payments,performance,critical
702aef3d-314c-4b2b-8ef3-e401ff5a0399,d81a32d0-1853-40cf-844c-9f7ecf3474f4,2026-07-02T13:40:00,2026-07-03T00:31:10.128759,analytics,configuration,medium
b411e645-dd4c-405d-a501-1adc2a5e6e78,95048415-2651-46bb-ba8d-e583d88991d0,2026-07-23T03:30:00,2026-07-23T11:17:09.902076,identity,account,high
4c4eb792-67d0-4bb0-bb2f-6d2c47cd99c6,64c125ea-948a-44ec-8e89-69abe0e68544,2026-08-18T07:48:00,2026-08-18T14:36:52.143195,identity,performance,high
796fa31f-073e-447a-9bc3-3e9692158f24,6c283a40-4b7e-48a0-8aec-88f47f424ede,2026-08-11T07:13:00,2026-08-11T13:03:39.495589,identity,configuration,high
ed175331-3c92-4713-8aa4-53f09cb28a4e,093b6ab3-9cd1-4d18-85f3-85b45464d14a,2026-07-18T12:42:00,2026-07-18T20:59:54.570034,identity,bug,medium
cc560f91-9220-462c-93a4-340c9dc429db,6fd544d2-44bd-488d-8b24-02265d26a577,2026-08-14T01:44:00,2026-08-14T13:34:38.706157,identity,account,high
c98189a3-b4cc-4d2f-a304-e77232f2be6c,93757228-2565-4a80-968f-0220e6a29dc1,2026-07-18T16:03:00,2026-07-18T21:29:07.916458,identity,billing,high
20e46226-6e95-409b-8b3f-6ff2b4f7f295,ffbfe5d0-09e0-4ad3-a17c-4205c88fb76b,2026-07-02T06:54:00,2026-07-03T09:26:14.311535,payments,configuration,low
a579bec8-d5cb-4a88-80c8-830148d19354,740f0c54-7e57-469b-8f92-9b599a52395a,2026-08-20T08:49:00,2026-08-20T10:37:27.946585,identity,billing,critical
45581083-4110-43bc-b3e1-ef078f1f926b,d04af404-cce1-4534-88bb-a1feab0f8312,2026-07-02T02:47:00,2026-07-02T05:36:17.063020,identity,performance,critical
f5047b1f-82a0-4729-9c13-64933802ea41,0ce823cf-1232-4c86-bdbe-f51e6fe6b8d1,2026-07-17T18:44:00,2026-07-17T20:34:32.141120,analytics,configuration,critical
d7de0767-c08a-4714-9d8a-5f55b04e52cb,0c67dfe5-cf17-4561-82f4-585779e40958,2026-07-06T22:44:00,2026-07-07T18:07:10.970939,messaging,performance,low
e91b462c-02df-4b0e-bf25-c8987584afe6,85b6e16f-7c51-453f-8143-09af665a84b8,2026-07-05T21:06:00,2026-07-06T01:46:53.210162,payments,billing,high
bcb095c1-8bdf-4fe2-814a-bd90884502a3,2d5d8826-a250-4ab0-9bad-8284360b786e,2026-07-23T14:10:00,2026-07-23T17:29:08.230633,analytics,account,critical
7d354c68-0725-4fc4-8aff-eb16a56615be,5bd37ec3-16f0-413b-920c-2049034e30b8,2026-08-26T06:57:00,2026-08-26T12:04:58.001197,payments,account,critical
689973b2-2dbc-42e2-b44f-bf686e339920,02bf31fe-7903-47d8-b580-e51209462525,2026-08-10T07:08:00,2026-08-10T09:32:58.106639,identity,account,critical
77341e12-0954-44ce-91f5-18767769b19e,eee52005-2c79-4f81-bb87-94c44b4e9bd1,2026-08-26T12:39:00,2026-08-27T14:42:23.844981,analytics,account,low
85d96d19-69ea-4183-bf44-d6f71404f250,e0b7448a-5a36-469b-a428-a48059d44420,2026-07-19T21:55:00,2026-07-20T09:44:37.299651,payments,configuration,low
2a6ac58e-c9df-4ec6-bd6e-6738e72f498d,7aa8ff4b-ad13-4bbf-9be6-1687d50dc92b,2026-07-16T19:42:00,2026-07-17T12:03:11.938708,analytics,billing,low
66a3a365-d9fd-450d-93ac-999b9c1fa9e9,130d55a5-e052-4ff3-b6a8-7f2c69cac3fe,2026-08-24T01:12:00,2026-08-24T14:21:59.659999,messaging,configuration,low
1a1be3ed-f2aa-4e31-af19-73d4abb001b9,1e988291-64cf-4f40-9046-a937fce23123,2026-07-26T17:36:00,2026-07-27T10:41:12.957122,messaging,bug,medium
0fcb65c4-16a5-466d-9227-7e27417aff2f,7d0ca5d5-6f90-4e72-9a22-3f63ad7666be,2026-08-26T21:27:00,2026-08-28T07:17:37.755853,payments,performance,low
4db3b70a-8ac7-4a00-84a4-3515db9a31b5,c9b2bbaa-9d1c-4d03-a049-aa6bfd52718e,2026-08-28T22:46:00,2026-08-29T11:06:32.828914,payments,configuration,medium
65782ad2-a024-4254-a178-916eb7a60f59,69e62b50-72f2-4230-a783-b41d05f44640,2026-07-16T02:27:00,2026-07-16T09:57:47.619322,identity,account,high
2b948e11-a3e4-4feb-a071-9d826b9d11c0,28582330-9814-40d2-b935-8b2dcf4e600d,2026-08-12T15:53:00,2026-08-12T23:53:13.598701,identity,performance,high
0a079a4a-4914-41da-933b-a25338c5de0f,48e3f240-697c-4dac-a54e-60b6330df92d,2026-08-14T22:42:00,2026-08-15T23:42:34.603226,messaging,bug,low
794dc5d3-3d14-4a04-a2e4-c6572b3a0399,a1610419-044b-4c39-ab20-fa29fe436dcd,2026-07-30T08:07:00,2026-07-30T21:14:14.302139,identity,bug,low
f35bdedd-8d1c-49ba-814a-271bacfccdee,13a1239e-55cb-43d5-8ed0-a3601bd6201b,2026-08-22T08:32:00,2026-08-23T07:16:09.463470,analytics,configuration,low
67420a62-427c-4508-84bd-fa0597418780,ba8d9220-5b1b-416f-8c01-1b0aa6617140,2026-07-16T22:42:00,2026-07-17T02:56:53.586110,messaging,account,critical
0219094c-a4f8-46d5-bd14-091b67a2b255,b9348ca4-8a0c-4bc1-a87e-4900651acbfa,2026-07-17T12:28:00,2026-07-18T05:55:36.673593,messaging,performance,low
3bff6593-6261-4fb7-8301-537aa6fc7c6b,80800b8d-d95f-4f93-b94e-598ab1811ed7,2026-08-07T04:03:00,2026-08-08T04:29:21.104517,identity,configuration,low
57246dc7-429a-4877-928d-11166b4398fe,f09fea0a-0610-4e02-a09a-fc12defc0912,2026-07-31T00:28:00,2026-07-31T09:46:02.405865,messaging,performance,high
6822b51f-696c-4457-bb52-2d8bd29ed783,be095419-cfbe-4dc8-bd3c-ec082fa1ac75,2026-08-06T10:48:00,2026-08-07T01:27:40.711785,analytics,performance,low
3e0aeefe-d7c1-4992-9983-397d14b20d17,5202fa0b-6cae-4203-9706-3c8051a0560c,2026-07-30T10:12:00,2026-07-31T07:02:16.393044,analytics,performance,low
9f41060b-3eed-49a6-98c5-023d260bc37a,59c7fc89-c4ab-480c-a6f7-857e30887f37,2026-08-19T09:18:00,2026-08-19T21:40:35.348682,messaging,performance,low
d68a0333-d8fd-4b41-b77d-92e8c03d0b82,ed34b2e6-77ff-4fd6-8f3e-3f8a66158aca,2026-08-02T22:19:00,2026-08-03T10:58:50.573845,messaging,performance,low
e9c112c1-1db5-4675-99f9-8f156a49ff0f,665f9166-4e7d-4060-b415-365b781ae48f,2026-08-19T23:47:00,2026-08-20T07:14:23.658241,payments,configuration,critical
5b6e0f4a-d435-48f5-a7d9-2c7b998dc9f7,6f8cdbb0-98fe-40c8-811a-f7ac7313f482,2026-08-14T02:52:00,2026-08-14T17:23:02.618044,analytics,bug,medium
6a6a88b0-a82e-4fd6-b527-de3b66df5870,373979d1-51c3-414b-9785-34c5456d4046,2026-07-29T06:50:00,2026-07-29T08:36:46.659374,analytics,account,critical
dd7bbec9-6595-4834-9caa-4848b3e87cf3,f44fe257-f829-4438-8109-d420f9884abc,2026-07-11T07:51:00,2026-07-11T19:49:49.821803,messaging,bug,medium
c62db4b5-e5f2-4162-8351-61232f8c0217,cfa05e86-bac0-4e3c-b61f-08ca29ce9e74,2026-07-27T13:34:00,2026-07-27T18:00:26.642032,identity,performance,critical
549e6881-5284-4a96-9296-9e2306746e5a,b1f51e14-2803-4a22-9608-ba77ed2289f4,2026-07-23T04:26:00,2026-07-23T15:02:10.915772,messaging,account,medium
99d99ad3-ed83-454e-acda-e80240a51573,a2c49185-a952-4bce-bda8-f768a6e72f48,2026-08-24T13:21:00,2026-08-25T07:40:35.478878,payments,bug,high
fccd62e3-cf06-4d0c-afd8-b0b7dd03960d,ffa39d13-8bd7-449f-8669-54c7b9dab495,2026-08-07T18:27:00,2026-08-08T05:00:51.824828,identity,account,high
04a87d09-071b-424b-bb32-67d256b9c7eb,85cc95ee-39d0-42d9-a1a3-632c346b385a,2026-07-26T17:52:00,2026-07-26T21:57:44.814423,identity,account,critical
d69645ed-ca44-4b57-8fa9-e2db32b55683,08c76962-4879-4f06-bb42-8f97814bf851,2026-08-10T15:29:00,2026-08-10T23:53:55.221612,messaging,configuration,high
0bce3b94-820f-48f7-8248-5c23bc41c472,924e73f0-2e1e-4475-8e15-f5fcd4564832,2026-08-19T11:08:00,2026-08-19T22:05:24.528477,messaging,performance,high
78f76b2d-0fe0-4d72-be68-2db6ffa3770d,8e11b250-241c-4d5f-bb67-91dc9e45f969,2026-07-22T17:40:00,2026-07-22T19:17:51.390830,messaging,billing,critical
303a1925-6ddb-434a-b8cf-8c432bb0b998,00658c9a-2aa6-4ee5-9dd9-e1b98935dc17,2026-08-13T01:13:00,2026-08-13T13:09:38.197663,messaging,performance,medium
db756e3d-b658-438a-ba1b-f99d74eaa104,147fe3a7-dc9d-4bd6-ae21-3758f5560be6,2026-07-04T08:52:00,2026-07-04T19:49:27.369025,payments,account,high
8af1243e-d930-4e00-af29-6e0160d5b11e,3738980a-54a0-430d-9784-0c63311f509e,2026-08-10T01:51:00,2026-08-10T03:23:45.754057,analytics,account,critical
f6c38d6d-a7b2-458c-a532-24ef59f8595a,16518a36-1fb2-4025-b5cb-da744c23ee45,2026-07-14T02:54:00,2026-07-14T20:21:02.990944,messaging,billing,low
a95636b8-535a-43ab-8b8b-537e94592788,69c73d83-4f94-475c-b9c0-0342112323b4,2026-07-25T02:57:00,2026-07-25T06:23:58.235848,identity,account,critical
8b8845b6-5250-41c9-b218-6cc4d02ee83c,edace15b-b7d4-4459-9223-ad1786b2fb97,2026-07-30T21:45:00,2026-07-31T01:52:01.736588,messaging,configuration,critical
e6defc5a-56a7-4e72-af3f-e2e42c57bc66,38b7d301-8347-48e0-a535-c67626673b3e,2026-07-04T06:25:00,2026-07-04T18:23:45.866581,analytics,billing,high
1fc152f5-77e2-4629-be38-43fef8564ed3,3e929e14-8c7e-42a9-b3ec-0cacb928a3e2,2026-07-09T05:26:00,2026-07-09T22:25:10.370148,messaging,bug,low
f0911cab-41e4-488e-ae4d-244372d48ed0,66ffa3fd-822c-4872-b568-2e200a9155ab,2026-07-28T06:11:00,2026-07-28T16:33:08.931797,analytics,bug,high
6c094708-d4e2-4e12-9bcc-6f98b52bb763,d0edcd8e-37e3-494f-8c33-0f99892b8a60,2026-07-27T16:52:00,2026-07-27T18:48:12.153794,identity,configuration,critical
576f45b5-0fa0-4bfc-a0f8-9b891e17128b,e70a3d27-d147-4230-bd5a-8c706e92df75,2026-08-18T08:21:00,2026-08-18T16:23:23.293640,messaging,account,medium
0de1cc16-230f-459b-819f-2efe0154b930,37e63cbb-1545-45df-898b-4c7d08e983f2,2026-07-08T04:30:00,2026-07-08T16:28:19.225302,messaging,account,medium
65afa76c-4539-432a-bc4b-a691234f6b2d,9184859a-d135-4dac-9c87-806f034b3511,2026-08-23T01:55:00,2026-08-23T08:03:40.866027,payments,billing,critical
abe075c6-d1de-4a8c-8fc3-b0098edad545,afbed76a-2217-4abc-b2f4-5bf7f5d55aa6,2026-08-11T19:56:00,2026-08-12T00:08:13.061775,identity,bug,critical
fa2daca5-81eb-4159-9d60-fa9fbbe93b94,e32e1501-4bc0-4caf-8957-2be9762da813,2026-08-19T18:03:00,2026-08-20T01:51:15.380743,payments,bug,critical
6310aef0-c1c6-4804-abb4-73ccd063dc34,f08550d4-e871-4188-a789-914f083d09a1,2026-08-23T11:34:00,2026-08-23T19:13:16.871405,identity,performance,high
6500f57c-c780-4408-b8a0-fc208fe71892,3028b9f1-e81f-47ed-9fcb-434017417bfa,2026-07-28T11:59:00,2026-07-28T13:48:11.855288,payments,performance,critical
cf482f41-70b8-4cfb-a5c6-524c68f01d01,290dc75e-6e81-48cc-ad9a-c1fd321c0053,2026-08-04T17:06:00,2026-08-05T05:02:29.530856,identity,account,high
f81eb3b6-de83-4ce6-924b-38e4c4a63474,4257c121-8d0f-4224-95fd-6075ee15730c,2026-07-27T20:56:00,2026-07-28T00:59:53.221414,analytics,performance,high
283985ad-42a2-4c1a-a76d-dc3d76f807d8,5e82e476-7947-49c0-8035-8192d2892117,2026-07-05T11:08:00,2026-07-06T00:25:05.207921,messaging,configuration,medium
1596e7e9-01ce-46de-8481-11963f863a84,950375aa-7c58-4e41-b5af-34d19e2353d6,2026-08-02T01:39:00,2026-08-02T18:36:35.309535,payments,billing,high
f25110a9-61bd-447b-90ab-7b7e599b07d4,96fad0de-eca3-48b3-82fc-091de6e7ff00,2026-08-30T00:00:00,2026-08-31T02:12:33.931584,payments,bug,low
4c104048-f334-41d7-8d68-a803c0622b54,888302be-8fc9-4a76-976c-f18479c6bea1,2026-08-10T02:59:00,2026-08-10T12:50:31.961317,analytics,account,high
04e7d2e5-2e8f-4a21-a3c6-82acf7bf75e4,fb008565-a090-4161-9f32-bd513049f177,2026-07-09T04:53:00,2026-07-09T06:54:36.912761,identity,configuration,critical
dc02efa5-fa74-4a34-a0a3-64cfe395b980,01454d0c-fe50-4351-b566-dce2ef4a8296,2026-07-13T00:42:00,2026-07-13T11:20:37.611444,identity,account,high
067219fe-6634-48c6-9d88-856bc90671a5,098d3d4b-1617-4e48-a2ce-e96b636c5d96,2026-07-24T09:21:00,2026-07-24T19:47:01.897112,messaging,configuration,high
2db8991d-a8b3-495d-87bc-e955e641f9da,95def651-0d03-4c68-acc7-d211258390d7,2026-08-12T15:05:00,2026-08-13T07:24:18.073786,analytics,billing,medium
9cab6365-a8c2-4d5c-b9e1-f88cc1b5c982,c4fc1c8d-31ba-4f22-90d3-86ecbdfec2dc,2026-08-06T04:09:00,2026-08-06T05:41:30.321475,identity,bug,critical
4df80b45-965a-4c09-bbf8-1614647e4e05,e9f67587-384d-480b-b116-ac6707d20ee5,2026-08-18T20:09:00,2026-08-19T05:31:57.457398,analytics,performance,high
acd186b5-8a3a-498a-9582-b4615b28df06,fb355e18-603e-4991-89cd-3bc0e607f3c8,2026-07-24T20:42:00,2026-07-25T17:50:49.408788,messaging,configuration,low
f133ab47-a65b-4168-bfae-418b0ca2cf76,a818483c-aecb-4e97-9331-c6f4a3a3f0cd,2026-08-12T21:57:00,2026-08-13T09:16:19.370172,analytics,account,high
953c528c-0fe9-40cd-9fe9-c2880725b761,5b4e0cf8-bb41-4c65-80ab-56a0f9410a85,2026-07-21T03:35:00,2026-07-21T12:46:38.096053,analytics,performance,high
fcb143d9-bfc1-4dfe-ab01-d56d7258c278,84a49a4b-fb81-491c-b4fc-995f5fe9c191,2026-07-11T14:52:00,2026-07-12T05:20:42.825066,payments,bug,low
3426a12d-a93d-480e-9e84-a0a2cf2512bc,86bfef86-b04d-479b-80b4-fa903dd2e65a,2026-08-14T20:09:00,2026-08-15T12:47:49.602128,analytics,bug,medium
dca03221-e397-41c6-bdcf-f203f617cea0,b15b74a0-7a3d-4fa7-8aa2-3f717078dc52,2026-07-13T08:21:00,2026-07-13T17:42:50.003103,messaging,performance,high
e26641e0-a940-4c06-8591-fbfd82998010,994dcb30-090d-4acc-88a2-759532c2f76d,2026-08-19T04:04:00,2026-08-19T20:41:29.875464,messaging,account,medium
7061fe33-53fd-4487-afc6-86858b7f9f51,2c3b2197-6bc0-4c46-a5eb-81431e882323,2026-08-29T14:41:00,2026-08-29T19:00:01.773110,analytics,performance,critical
fbe9eb6d-e0b3-4e3c-8586-5f82bd703293,ba1c517e-f39c-4b50-992d-70234455884e,2026-07-26T11:06:00,2026-07-26T22:25:14.149318,analytics,configuration,medium
30af60b2-43d5-4db4-8d69-1db671a54f95,7bc3fd41-93f1-4d53-8c28-95c47ee22e44,2026-07-22T11:47:00,2026-07-22T20:08:20.616811,identity,bug,high
120be79a-e57a-455a-a911-462ca7f89465,2474c899-e5ca-4b0a-a2d8-617e46052a7c,2026-08-28T16:38:00,2026-08-28T18:57:39.519561,identity,bug,critical
3e30f3a1-adf4-420c-b438-275d0e803a96,35b71bc7-e147-47cd-a15b-3d1199f5ddb5,2026-07-12T02:51:00,2026-07-12T16:33:01.632984,messaging,bug,medium
7955fe77-5fb3-4245-b951-17e171d4f9c2,1f30bdf9-f3ef-4f93-97c0-00bda67526fa,2026-08-24T08:29:00,2026-08-24T14:25:54.784238,analytics,bug,high
de52dd07-b66d-4905-acf8-0e55a58adb6a,4e52974f-e26d-40f5-83c1-e59e197f40a9,2026-07-12T11:05:00,2026-07-13T00:07:11.749211,payments,bug,medium
83390d26-1f42-4a44-8a95-865bc9da58c1,0832a7ae-d980-4936-99cc-91caf3115096,2026-07-22T04:59:00,2026-07-22T18:58:27.410019,identity,billing,low
c7f3ffa2-94d3-46fb-9e73-8dc3d00d6d4d,cd183231-5f43-4514-a0fe-77c67bf967c8,2026-07-14T04:04:00,2026-07-14T14:27:17.198118,payments,account,high
023168ef-65dd-4e0e-b565-3f834b5a5585,070afb37-a0e7-4032-bee7-018b819b48a2,2026-07-11T00:08:00,2026-07-11T15:34:54.099693,analytics,billing,low
ed53ed40-3052-4550-a323-b37e1790781b,cd67ac7d-1c3b-40fc-a252-56bfc897cb0f,2026-07-22T15:46:00,2026-07-23T00:57:03.876360,identity,bug,medium
04d8ba41-2bce-4cf0-ae6a-987a1d9b2f58,2609bba2-1d35-45fa-b108-bf78a815ed5e,2026-07-12T12:54:00,2026-07-13T11:19:19.109822,messaging,account,low
2a7fd0da-5e08-4f66-a0be-19138308f39a,300e6723-9a5f-4df7-93e0-37242d1cee9a,2026-08-13T08:22:00,2026-08-14T01:30:09.951210,messaging,configuration,low
35c1b850-e7e3-4cdb-8116-10871aa8a272,9489194e-5a6c-47ff-a0ad-8e9a396f84b9,2026-07-21T03:58:00,2026-07-21T11:37:51.624636,analytics,account,high
4f8c9dc6-411c-41e7-8048-24e4d143945d,2571e892-bd7f-4620-adee-167350af4801,2026-07-03T20:02:00,2026-07-03T22:48:43.755088,analytics,performance,critical
a6548485-d4a0-4734-901f-bca779b6dc05,8a58ba9e-9abf-48fe-be3f-89957a993765,2026-07-10T19:50:00,2026-07-11T21:01:12.486380,messaging,performance,low
ca997a3e-700d-4576-9f0f-60d2cada8ebc,dd18b639-7a1b-48bf-b08a-336247c45275,2026-07-30T07:39:00,2026-07-30T16:57:00.691181,payments,bug,medium
2cacd5f2-8be8-4a8c-a45e-5d083c2437b7,74f98c75-d59c-469d-85e9-6570b4de3791,2026-08-27T14:58:00,2026-08-27T22:35:47.004026,identity,performance,high
9ddd6f96-e67e-494e-9a82-6cd7ff197bb4,90c1198e-523d-47ea-a311-7bc35d856576,2026-08-25T02:34:00,2026-08-26T02:55:00.969377,messaging,bug,low
0cc930a8-845c-4100-8b9d-40e4da19d600,97c6d849-dfa1-4638-af55-f9ebf91ac943,2026-08-29T05:56:00,2026-08-29T13:25:44.489467,payments,performance,critical
8dc86840-2750-4b99-b022-4acc59b82f44,5a468955-286c-422f-80f1-a94b17f4e8ff,2026-08-07T15:59:00,2026-08-07T18:43:52.688223,identity,performance,critical
f948ce98-66f1-4c7a-93a9-1294d6b84b01,8923bf22-4bd3-4924-a120-d8429fff3fc4,2026-07-09T15:43:00,2026-07-10T01:02:15.106456,identity,performance,high
a76337b4-2fd1-4a29-a099-c57dd06a2ef3,378cf39d-6cca-4779-a9cb-d9bff446e68f,2026-08-04T01:40:00,2026-08-04T20:49:20.459315,payments,performance,low
cda95035-818b-49f2-a139-881fca650e84,48b3d430-1908-44bf-bb59-f6018d8cb9cf,2026-07-08T18:28:00,2026-07-09T16:52:09.365204,analytics,performance,low
4d1e3230-ce14-403b-bd4e-8118a06fdce8,6ab08183-3d0e-4bd8-82ae-0b0698f1cb6b,2026-08-03T22:03:00,2026-08-05T09:15:05.287251,payments,account,low
a7870799-3d62-4808-a5ac-ef70f7a51d40,8b259bb7-28dc-4b38-a389-4a565753c897,2026-08-21T02:48:00,2026-08-21T05:21:38.859260,identity,bug,critical
e3798c49-674a-4f6c-810a-ef0ec63f33c3,627dccdb-016d-4f50-956e-7af10963d4cf,2026-08-30T13:27:00,2026-08-30T22:15:11.810627,messaging,bug,high
13b5c4e2-20a1-4537-a97a-3eb7cab60222,4f5fa3c4-d43a-4de0-bc8c-7d0edbc76da7,2026-08-02T00:10:00,2026-08-02T08:01:24.343597,analytics,account,medium
baa64200-75dd-4e15-a98d-dd1d68f9b4e4,dbbd2366-f858-4a8d-b132-7b45313b549e,2026-08-13T21:21:00,2026-08-14T16:43:24.158020,payments,bug,high
b12aa13b-fdc1-4c67-98c6-35ccd48bc8ed,ac123180-f0fd-4d81-afdc-32692e292df0,2026-08-03T10:56:00,2026-08-04T02:37:11.963234,analytics,configuration,medium
7989c574-2d4f-4a0a-a095-a7918b671e67,782088e6-e295-431f-ab3f-0b2b0ca5e326,2026-08-21T01:26:00,2026-08-21T05:39:53.851615,analytics,account,high
76b54fc3-7f8c-46d4-bca5-f5f0d8126b76,fca5b2d2-704d-4b74-9775-47b0754f2173,2026-07-25T20:58:00,2026-07-26T01:00:55.846735,identity,configuration,high
7d73fe86-108e-419a-bbd2-864d33f18678,130ab799-77d2-445b-8f2d-b0652e202ea2,2026-07-14T00:56:00,2026-07-14T15:49:29.863354,messaging,bug,medium
7bf93659-c021-4569-895c-147c77045d53,016864eb-d090-462e-ba49-14045e78910a,2026-07-03T18:58:00,2026-07-04T05:28:51.598326,analytics,account,medium
ef919cc9-26f7-4708-8a1a-22147ce0818b,388a537f-b80e-45d1-b260-f959c5e15e9f,2026-08-11T07:00:00,2026-08-11T13:29:35.156247,identity,billing,high
fc9c0536-1118-4091-bd23-61cb1e374ca7,c863e369-799c-4c38-8fca-f6826e93c30c,2026-07-30T12:37:00,2026-07-30T20:30:20.107555,analytics,bug,medium
fcd48281-cf39-4406-8378-eedc61222541,54f08004-4354-491d-80f6-5dc19220d61c,2026-08-26T05:41:00,2026-08-26T13:13:41.653661,analytics,bug,high
849aa8eb-9eb3-4efd-b0f5-68b272115e33,41d330a3-90b3-4cee-974c-d3c8bf2a3f11,2026-08-08T14:16:00,2026-08-08T17:00:33.184369,messaging,account,critical
29835ea8-19f9-4875-ac84-ac9c0cdbd286,37d723f3-0015-47ac-bcf4-4cab11591e53,2026-07-20T14:55:00,2026-07-20T16:44:57.609540,analytics,configuration,critical
b279d531-0ff9-4174-858b-242da3dca592,e875f1bc-0f3b-43b1-be4e-430be466ade2,2026-08-23T23:43:00,2026-08-24T04:04:48.020043,messaging,account,high
5e0a1c3c-6ef5-4ef5-8e27-dcf34604fb56,616bf6e2-c3bb-461a-84fe-5db3f0fa7d18,2026-08-05T23:27:00,2026-08-06T09:04:01.316439,analytics,bug,medium
941efe8a-d7ee-4cce-857d-a6c7c991fe4f,e5bef2e6-f5f8-45c6-97ba-47a67b60817b,2026-07-20T05:26:00,2026-07-20T12:03:29.923851,payments,configuration,high
8b7d4152-6cbb-495d-aba5-ec5e42764161,9592b85a-75c6-43af-a64d-2d841b00fd4e,2026-07-01T16:53:00,2026-07-02T00:26:00.822316,messaging,performance,medium
8fade2b3-16bf-43c5-8d72-b8c74b28acf6,a587b164-5e90-4423-a568-112236d2e6e6,2026-08-18T11:26:00,2026-08-18T19:40:16.393743,payments,account,high
34cd0e99-aad4-4513-b686-186383bb7967,2d73bc70-c163-4f84-96c2-83eb005d4bf5,2026-07-04T20:24:00,2026-07-05T00:39:48.554293,messaging,bug,critical
43ce3865-c333-4b5e-a175-7e07d164125b,77d92ed3-6419-41b4-a0a7-c7222ed89ba8,2026-07-29T11:53:00,2026-07-29T15:30:42.588785,messaging,account,critical
8f0315a9-fb6c-4921-b4c2-cc5eacb1318d,aa15341c-4d1b-4bf5-8ef5-61fc6976b959,2026-08-08T00:27:00,2026-08-08T02:00:45.250837,identity,bug,critical
62377ecd-354e-4f4f-aef2-e8aa5e42655f,998c2477-886b-4286-a6a2-aa98902a528c,2026-07-30T13:28:00,2026-07-30T17:27:45.879861,payments,account,critical
e45fa5a8-a520-4a32-86f9-bdb065aaf027,f3bcb3c2-ee28-480a-bf3e-7920f41282c1,2026-08-02T22:28:00,2026-08-03T11:50:46.907569,analytics,performance,low
ce8844b9-7fa4-4b6a-b6a9-ae0f774f9a9a,9901f7d9-4e5b-4587-b7c5-8ccdf085b5c0,2026-08-23T14:24:00,2026-08-24T06:31:25.681956,messaging,account,low
c4a7e2c8-9588-4a1f-a869-1af4ac268ee0,684e7b1c-b90b-40cc-9fe1-816ea8a0e9c6,2026-07-29T05:48:00,2026-07-29T16:01:58.594616,identity,billing,high
3f05bcce-8810-481c-b01f-afd72ae3956f,66e275d4-b5e7-4d9d-9d80-5fcf21c465b4,2026-07-07T22:51:00,2026-07-08T15:43:15.862004,analytics,account,medium
86ce035e-d59f-49bd-bf4e-43cc789ad8f2,bccc150a-1c7d-462e-b04b-95b046484fc1,2026-08-01T19:13:00,2026-08-02T02:27:01.155600,identity,billing,medium
14d4e64c-7b49-4af8-bb65-dacde47e2962,f8cd6f60-441f-4226-8be3-14202b1fdde2,2026-07-24T07:10:00,2026-07-24T22:17:21.300768,payments,billing,medium
51615f34-4730-41be-94c5-df2b293fdce5,811fab23-20ee-4b84-b43d-8f1ab9a2c1fa,2026-08-29T15:58:00,2026-08-29T18:51:30.693140,analytics,billing,critical
6e2cdb8f-a02a-46af-a33d-a88b86a72f04,a42a2df0-73c9-43a5-a359-7a963ec7bdfb,2026-08-21T07:29:00,2026-08-21T18:23:50.309995,messaging,account,high
641c35cd-673f-4456-9c24-a8784bac0677,d073b432-c88c-4ebe-8764-948e2ffb0c6f,2026-08-27T02:10:00,2026-08-27T03:52:17.491592,identity,billing,critical
8b19338b-0379-440c-a7d7-efa3c79157ad,a290063d-469c-481e-a09d-e7e0b7992a5f,2026-08-10T06:01:00,2026-08-10T21:21:05.856026,identity,configuration,low
16e4d8c7-8d53-49d1-961d-ff10150ea65c,ca60f0d0-66a3-4e6e-acd4-c1fbfc3a114c,2026-07-07T18:04:00,2026-07-07T19:40:46.158252,identity,performance,critical
4ba03d96-58e5-4286-9673-51bbf7282ece,66f91202-2808-43e5-a260-96409afda7fe,2026-08-03T13:31:00,2026-08-04T09:35:12.543569,identity,bug,low
e82043c7-88f5-4f06-87a8-c2a9b62c3489,320d3b3a-a8c2-4903-8ceb-f4db42fd8565,2026-08-16T03:42:00,2026-08-16T20:47:42.743997,messaging,performance,low
53290622-a919-4c69-888b-5dbde46eda05,1230d4c1-84b8-418a-9ade-e90eb4412030,2026-08-22T00:48:00,2026-08-22T06:12:26.580348,payments,configuration,critical
cac6bf47-9667-4dd3-92ba-bf1ed2cac9c3,6f5f7148-3fe6-482a-a579-6b83f6a9aa18,2026-07-06T15:09:00,2026-07-07T03:00:32.704735,messaging,bug,high
fbb81cd2-099e-4d87-9ae3-358ffeecfaaa,a52db541-8179-4156-b135-9f8acf57331b,2026-07-08T16:13:00,2026-07-09T06:42:29.257627,payments,bug,medium
02c91845-7efc-4860-bd11-3a166fca2f2e,d3f2f4ef-e748-4a5d-9410-7ce26f1dd88c,2026-08-09T23:55:00,2026-08-10T20:20:05.843148,payments,configuration,high
48b979d4-b78a-4e53-aa8c-da1ef850be90,e927bbc7-6f27-497e-a03c-13d0f3b2d9b9,2026-08-05T06:19:00,2026-08-06T05:31:21.905165,messaging,configuration,low
65142a85-0423-4413-9307-bb31149c36f8,0ae6df5d-f1bf-4193-8824-f8ec08540e6f,2026-08-28T22:03:00,2026-08-29T02:48:21.771288,identity,bug,high
f324d382-b116-4751-948a-c99302836537,2ab55aef-cb33-469f-8f34-a69eb095a860,2026-08-05T04:27:00,2026-08-05T14:27:01.239958,identity,configuration,medium
30e1d73f-5034-455f-8ee5-7d8c8906f4a2,668e93b5-c318-49c8-ba10-30f2792a6ba1,2026-08-23T01:00:00,2026-08-23T22:08:05.386959,payments,configuration,high
cbe6f2b7-d23e-43b9-8c90-974e198e2694,6b86ba24-1975-44d2-9872-bf556ee3ba74,2026-08-30T06:27:00,2026-08-30T21:01:20.906305,messaging,billing,low
868f2249-3ea1-45dd-8364-7f93dde844e6,515068cf-e32a-457d-997f-0f0d1ebd2939,2026-08-04T06:52:00,2026-08-05T03:29:42.408384,identity,billing,low
293ec07d-9f33-469b-bf6c-d3a5f0331fe6,53855259-2e8b-4e60-b47d-f077136d80a2,2026-08-08T12:56:00,2026-08-08T19:24:15.342818,identity,bug,high
e74cdd4e-adb1-4eda-9c24-533778a9ead2,11b7ac3e-7a6b-4633-9b1d-4603e2dda1e4,2026-07-20T11:54:00,2026-07-20T20:37:06.659610,identity,performance,medium
3cf0e92c-89d6-410b-a71c-88bab8fbb040,c6a707f1-d112-4e65-85f8-127cd472061b,2026-07-13T12:30:00,2026-07-13T23:15:19.537594,payments,bug,high
1f451b1f-d321-4c9c-9e68-11746c96e99a,437ea7ac-3097-4f4c-baeb-279b62179b9d,2026-07-10T04:56:00,2026-07-10T18:06:01.046254,analytics,configuration,medium
7d47931a-b8a4-4606-8674-c8ffca94d738,d756bebd-b367-4f04-b925-5dcfb508d745,2026-07-15T00:58:00,2026-07-15T15:37:15.105505,payments,billing,medium
3b52dd63-c2f8-474e-b460-a7989ad8ef00,a0bef0b3-e38f-49bc-91ab-95af35612b5b,2026-07-04T23:26:00,2026-07-05T17:04:06.227667,messaging,configuration,medium
4a7ca35a-22ca-4b9d-8203-1ecadb9cdb23,b5af54ff-fbcf-4141-aed4-677ee89a3cc6,2026-08-25T13:51:00,2026-08-26T02:15:29.281667,identity,performance,medium
789411ae-b135-4721-99b2-6cdca48f8f9c,8a0fb000-240f-4cc7-acfc-2227b946fea0,2026-07-29T04:02:00,2026-07-29T13:27:35.236562,messaging,billing,high
c42c5db4-d928-48d2-a3d1-98588c20ae0a,c852aef7-4967-429e-9760-22c93011f09b,2026-08-21T22:06:00,2026-08-22T08:19:29.972273,messaging,performance,high
a987635d-ffdb-4f1a-9cf1-1a5a0d74b45e,040ed8c2-d87b-478e-bf80-217588cd4ceb,2026-08-15T18:36:00,2026-08-16T10:12:54.398483,messaging,billing,medium
a9dac656-1dd5-4320-a088-43eeb9b925c1,b42d6fad-f6c7-4604-9b78-316aee5f717c,2026-07-13T14:20:00,2026-07-13T18:27:20.463007,identity,bug,critical
2e6899bf-0c69-4a99-9c4a-85c1e40f07c8,8a1cc9ab-2afa-4803-b7f6-5ab2020a3c9f,2026-08-20T11:24:00,2026-08-21T01:31:52.083311,analytics,account,low
fd016d3d-eb33-40df-8b68-854357cb6989,c31b8a02-729b-4b7a-9a0e-ac8aa356723e,2026-07-15T14:12:00,2026-07-16T06:10:21.218245,identity,performance,medium
292fc44a-b822-42f6-a5b6-6cbfa0635717,48bd23ad-1905-4494-8913-a3cb32d6ffa4,2026-07-09T08:21:00,2026-07-09T19:47:37.591501,payments,performance,high
3df75317-c32a-41bb-9dd1-c1360100ea90,1cd44ae8-27a0-4dc9-b8f1-af913dcfc85d,2026-08-07T18:21:00,2026-08-08T00:14:10.408527,analytics,performance,high
2845dda2-5979-44a9-bc75-1b9b7b7c94d1,9d6ff643-774c-4ad4-b681-f9727cd7d1ae,2026-07-08T10:16:00,2026-07-09T01:00:10.779929,identity,billing,low
75d47e2e-e0bb-4bb6-852d-9fb93e3efd60,61b90b28-88b5-4c59-bfd5-aea205fb36d1,2026-07-10T00:27:00,2026-07-10T06:54:34.697856,identity,billing,medium
287955ac-a82e-419a-a1d9-6ad4d47cfc8a,efd233b0-40c9-4862-9dbe-0f4374dd72a3,2026-08-13T00:05:00,2026-08-13T06:06:22.370119,payments,performance,critical
a25ade10-1a7d-4892-b2be-00bad6f63e29,712b57b4-ad58-4355-b79c-a7eaca666f7d,2026-07-08T05:04:00,2026-07-08T21:05:10.405889,analytics,configuration,medium
194e3f52-c296-452c-ae21-e67cbae78f2e,63e4984f-517a-44d3-aba0-595a3d03edef,2026-08-19T22:52:00,2026-08-20T04:46:04.038527,messaging,bug,high
72f323ae-8175-4a18-9071-74ddf64087d6,d966443b-f3e8-4e63-a74c-6b24b8772eca,2026-07-12T02:10:00,2026-07-12T05:35:00.678707,analytics,billing,critical
ccaf912d-b3b8-434b-806a-5a2865d690c5,c2a0388d-ccd4-4ca9-bae4-2d4beed6c003,2026-08-26T16:33:00,2026-08-27T16:36:37.364295,messaging,bug,low
3fb63a6f-fc6d-4938-a4b9-1e1f54b3770b,02d2040e-1ae5-467f-978e-6d15ed04dcdb,2026-08-15T11:53:00,2026-08-16T02:30:21.114961,analytics,account,medium
5e8bc685-e365-4358-a70e-3e6f820c093f,7adbfc35-8524-48d8-a74f-cf7d7426f809,2026-07-27T12:17:00,2026-07-27T18:12:28.250078,messaging,bug,high
9aedc4d9-e256-4bae-865a-66e93eefd2d9,e30f6821-b65c-4d34-8f88-b99c2f477219,2026-08-07T22:00:00,2026-08-08T06:10:28.496100,payments,bug,high
bf4bc6df-d248-47fb-a5c7-0f37fe788c9d,ab6cf5a8-6665-44a1-bcdb-36b42ac5f631,2026-08-17T21:11:00,2026-08-17T22:48:50.171792,analytics,performance,critical
9ed105be-fa2f-4aa0-b31c-3730c6ee7383,b31cbc05-2385-4496-8317-7c30b9468ca6,2026-08-05T05:09:00,2026-08-05T20:34:39.683198,identity,configuration,low
cbe4fe0d-bf35-48b7-8759-6f97ad9f718b,90cc711e-ded8-400a-823d-7bfad81bcb70,2026-07-07T03:35:00,2026-07-08T02:28:13.289042,identity,billing,low
b9bb86f1-0669-4f4b-b195-9ffeb0b3af33,73b1430f-6804-46ab-af6e-b27173c34616,2026-07-31T06:23:00,2026-07-31T14:45:05.195862,payments,bug,high
704810ec-8b46-44d4-9faa-85076e44f1d4,17ef8329-952b-4f73-b1a7-d8ff41ca9c07,2026-08-28T12:12:00,2026-08-28T18:18:40.944880,payments,performance,critical
ebff93b7-afa2-417d-8788-14073e41bc05,8a2bfc9c-2b82-4893-ac48-55466af196f9,2026-07-13T06:35:00,2026-07-13T20:51:55.078612,analytics,performance,low
011a7ef6-3419-4d65-bb1a-42232458d8a6,5a0ce2fd-1d64-48d7-b0a2-2b4ccf19d61c,2026-07-04T23:41:00,2026-07-05T11:09:01.084223,payments,bug,high
67689a16-a701-4639-b459-0cc902e8191a,197f1c1c-664e-4eb5-9946-68ea949f7869,2026-08-16T21:52:00,2026-08-17T00:07:35.788664,messaging,account,critical
4c4e45de-cfd1-4989-96b8-08b9aab90e77,a17ff06d-b0cb-4518-a90c-6d30965bce09,2026-08-28T21:10:00,2026-08-29T16:46:53.261420,payments,configuration,high
6ddd9ecb-37d1-4a65-b453-b4a3b98d4a8f,2ab87f8c-d5a7-4448-9751-12276cda99c4,2026-07-05T08:25:00,2026-07-06T07:48:17.388266,identity,configuration,low
8d68aaa3-feed-4b67-a9e9-06581b0d6c78,2cfd3ac8-ae0f-42be-9d8e-c31f40572f8d,2026-08-09T18:32:00,2026-08-09T21:03:01.595587,messaging,performance,critical
8168d270-da5a-4fe0-823b-005ebeba6744,ea6f6ea5-ef74-485e-a1a4-7922160b9fd9,2026-07-18T00:06:00,2026-07-18T11:29:40.141439,messaging,performance,high
a07780af-3794-4be8-83c2-e15448be528d,0ee17036-17a5-4717-96c0-b0ccad4751c0,2026-08-17T06:22:00,2026-08-17T08:06:12.411665,identity,bug,critical
c9c7dd95-9814-4ddd-935c-2e6c15388d82,0e64b08a-3fe2-4541-a37b-fcb7c73523e4,2026-08-24T20:04:00,2026-08-25T07:53:31.600439,payments,account,high
9756a31f-959b-46de-869d-f516164a2ee7,78f9c89a-765e-45e8-a23b-6575a5ace0de,2026-07-08T06:54:00,2026-07-08T14:28:02.373977,identity,configuration,high
2415efa0-b4b0-46c9-9e98-bf216e1a0dee,9d175090-bfb1-4ca9-befa-6429b2cdcb72,2026-08-08T18:51:00,2026-08-09T08:29:19.201557,payments,performance,high
e8d7831c-d19a-4a39-abfe-0ffbe6eb5edb,a3d83c33-6da9-4d28-a620-8caed6d15951,2026-08-02T02:10:00,2026-08-02T12:31:02.667491,messaging,configuration,low
b693d9d2-1945-49f5-9954-d51257e5289b,c591af20-c5ec-4269-b0f8-d2c635749371,2026-08-28T00:40:00,2026-08-28T18:06:00.501919,messaging,configuration,medium
3d74b38c-52e9-4d28-9dc2-333486c16f1f,0805cb25-7416-4862-87ce-ff2843af0466,2026-07-13T23:54:00,2026-07-14T06:42:24.481284,messaging,bug,medium
083e1d75-79f5-49e0-a3a4-33f499cb26a0,512325ab-a382-4c4d-9e9b-016993e370aa,2026-08-28T17:22:00,2026-08-28T21:42:54.244808,identity,configuration,critical
44fa9f91-5c97-40d2-9866-45f63aa6e61a,db575be9-805a-470f-ba7a-8b70dd6a5166,2026-07-03T22:44:00,2026-07-04T05:42:33.985300,payments,performance,high
9d8af1a2-ca7b-4b3a-ba84-231800c66e2b,b3fe5f6b-980f-4279-bf32-7e53e8946ae3,2026-07-07T23:57:00,2026-07-08T07:08:03.380523,payments,account,high
f32d69d8-1964-4893-a825-67669b516200,aa43eb8a-3f67-45a5-bb31-1d9175c740c0,2026-08-29T02:59:00,2026-08-29T12:26:59.184488,identity,billing,low
8fe70be6-922e-4afc-a60f-6c48a70ba02b,6a800a68-53af-46f0-9a40-45706c92463e,2026-07-17T22:25:00,2026-07-18T02:39:26.259063,messaging,account,critical
288b8c12-a64e-4724-a6b5-026ba162de82,184154be-fb40-4d38-9c3e-27767308e191,2026-07-11T17:15:00,2026-07-11T19:23:37.360595,identity,configuration,critical
4456d014-5ed4-4c7c-b945-f5259395da4d,0fc3a64f-38ee-4d54-8d84-41736103c881,2026-08-25T16:39:00,2026-08-26T00:07:17.936626,identity,performance,medium
86ea9fe7-a490-472e-95fc-cd2c6ed5864e,e2626e43-8225-448a-a26e-310dded99c32,2026-07-07T17:46:00,2026-07-07T22:15:30.433963,messaging,billing,critical
8552e3bb-8661-4d9d-b02f-d2fe99bffc82,3a4751b1-0034-4237-9362-15526187646a,2026-07-30T02:09:00,2026-07-30T13:16:50.352452,identity,bug,high
d1adb734-6cd3-4e6c-94b0-1fd6589d3871,64fc8fa1-9239-4f5b-af9a-ed83940b470e,2026-07-15T08:04:00,2026-07-15T15:31:22.858059,payments,configuration,medium
073068d1-f6b3-4222-9989-b76b7e1ff9de,f4d8cb51-ab25-492c-9af1-1a928a274b78,2026-07-19T07:02:00,2026-07-19T08:36:43.867490,payments,billing,critical
c58a29ca-7519-4091-bfa5-816361d00afa,abc3d08d-8d24-4449-b655-1a82ea14a972,2026-08-20T10:16:00,2026-08-20T23:36:36.169265,identity,performance,medium
adf22201-25cd-41d2-8daa-6a5c55094f2e,32c760b0-7eb7-4748-a4d5-8928c8395376,2026-07-08T20:20:00,2026-07-09T00:49:55.626474,analytics,configuration,critical
0a3d5fa5-e36a-4c00-b67b-dae15778b2cf,7e98b0b3-a6de-4988-83d9-caff67dcce3f,2026-08-13T13:39:00,2026-08-14T00:54:21.175490,messaging,performance,low
5cc7e485-735a-4ccc-8fe5-cd97e0f97747,b58d15bc-8474-41d8-b9d9-ad312087d99e,2026-07-29T20:33:00,2026-07-30T00:05:25.177099,analytics,performance,critical
d7791d81-5ee5-4475-9ac4-4498098c153e,5a7d26be-3776-4ea5-81c3-e9cea635032c,2026-08-01T08:36:00,2026-08-02T11:59:02.700121,payments,account,medium
b6506835-7e96-4649-b036-749694008e22,308f869f-91f1-476b-9211-c286d4db3752,2026-07-12T17:52:00,2026-07-13T17:49:54.124259,messaging,account,low
757ee7c2-61c3-46bb-a629-5326869459f0,615299c6-b4dd-4a43-8f10-39585703f26f,2026-08-17T03:48:00,2026-08-17T18:05:54.550775,payments,configuration,medium
3c44b9c4-4c26-40d8-bf67-a9817b5ebacb,a92c4004-18a5-4344-9bf2-8d6445d3b6c9,2026-07-21T12:32:00,2026-07-21T23:18:02.890737,identity,account,high
8f38fc36-9b32-4f42-acda-e16c6cfcda07,374c17e8-be69-412f-8e13-43c54cf534b0,2026-07-23T19:27:00,2026-07-24T00:27:04.904500,payments,account,high
ce5ad120-1b0d-401e-9126-1ab91de5e9c9,994ef68b-a612-4441-aab3-06de73016a1d,2026-07-28T13:31:00,2026-07-29T02:37:06.124838,analytics,account,medium
e576e543-060b-4f15-9dc0-c6f57e107aef,ab6dcfed-7cb4-4209-b4b5-c702bf1dba1e,2026-08-22T20:26:00,2026-08-23T15:45:56.755413,payments,billing,high
d4f480ef-0a7b-49e2-8545-515d97190f62,a2586155-ef35-43d6-ac43-67f729865100,2026-08-21T07:14:00,2026-08-21T17:03:05.924853,analytics,bug,low
46105ced-0c33-48a1-865a-9946cd495d23,a89ea0f7-cf76-46ec-9f68-effc3c403143,2026-08-28T09:16:00,2026-08-28T12:37:15.571004,identity,billing,critical
6202b6ce-4334-4689-a06c-062cd76756dd,fa73d186-9f99-4290-bc88-21770ea2f2a1,2026-07-03T18:09:00,2026-07-04T03:17:06.929932,messaging,account,high
c5aa421d-e1e7-4cf9-b39e-0d3e63dfb854,a71ff00d-b3a5-438e-b544-191fa2c5afcc,2026-07-28T11:56:00,2026-07-28T14:19:32.285811,messaging,billing,critical
358d5e82-25ed-47a3-881c-1cda06f3b2e8,f2b9ffc9-314c-443c-b10a-04dce68dad4a,2026-07-07T15:24:00,2026-07-07T18:08:48.714859,analytics,billing,critical
15affe81-09a5-4f6a-85c2-497db2ae69b1,32ba6841-bafa-44fe-856a-e2697c6be3e2,2026-08-12T06:35:00,2026-08-13T00:08:06.415141,payments,configuration,medium
5df8bc94-3650-451e-a307-736b68573f14,7feb6d4a-2ee1-49fd-88aa-c50f5628bb15,2026-07-30T01:33:00,2026-07-30T16:40:40.727775,identity,performance,medium
0ee7d325-8e48-4387-a042-e504ea1d09fa,e69a1682-390e-4746-b502-6cd27af4049d,2026-08-16T20:59:00,2026-08-17T08:34:51.614896,analytics,configuration,medium
b40d418f-6eaf-4371-9bb6-aa4fa96a0791,877238fa-df78-46f8-8e7a-fe0386ff0f6f,2026-07-25T08:18:00,2026-07-25T15:27:42.263391,messaging,billing,medium
eb6a9356-0d9c-4c13-a9b7-566dfc5a66c8,96e49450-8331-4eb9-aea9-5c691114aec9,2026-07-27T09:58:00,2026-07-27T12:12:41.319028,messaging,account,critical
535e6bba-55ed-4d7f-a64a-cba09718eb3f,c44032f1-e672-48af-a538-d72b7c02ef46,2026-07-15T12:52:00,2026-07-15T18:23:07.222115,identity,account,high
4c3869ea-3578-4562-9e77-bece49ba00ef,1b87ccbf-46a3-4e0a-951d-b62e99ddb9da,2026-07-15T12:05:00,2026-07-15T15:04:46.604851,messaging,account,critical
877112d3-3753-4a1a-ba86-b72419e9dee0,6722a913-2dbc-41db-8244-5d785d871670,2026-07-29T02:01:00,2026-07-30T04:01:51.085704,messaging,bug,low
d5dadc69-ebb9-423b-a1d1-9d706119b286,f9add989-45bf-4bc7-939d-2d8b936b3010,2026-08-16T00:09:00,2026-08-16T13:09:00.465638,messaging,billing,medium
37a7fdba-0b20-46af-b6fc-93e057feac09,cedfcf73-5793-4386-a3d5-77ad3a7928c9,2026-07-05T10:17:00,2026-07-05T13:34:33.202727,analytics,configuration,critical
3e6395db-f288-4b14-9e7b-bfc4f364a6df,d72c3110-3e1b-4d71-9d33-1f5872f33a4a,2026-08-29T13:15:00,2026-08-30T13:29:56.769277,messaging,configuration,low
842150e1-d1b4-45bb-9883-b819a18c082c,a36c3c8d-150f-46fa-8c41-da79b6e2bed1,2026-08-09T05:22:00,2026-08-09T23:33:58.334654,payments,configuration,high
52dbc61f-000b-4bf4-a3bc-9d3a125f9418,4d56fdbd-bfcd-4949-af70-9521d6e7f8ac,2026-08-03T07:24:00,2026-08-04T02:39:54.250523,analytics,performance,low
4e670e1a-175f-4c2b-91dd-9e91b37a8e16,e85a437c-cfdb-4e82-9f4e-e7e707735280,2026-07-18T17:13:00,2026-07-18T21:48:17.714393,identity,account,high
78168524-226b-42b6-8c33-542fa3aa8bba,8d66f589-f8e4-4d69-a490-5c05ac7b8355,2026-08-15T21:33:00,2026-08-16T08:09:08.965957,messaging,account,high
11516cfd-7dbb-4752-8f97-fbc9d494bf18,b18a07bd-dcbe-441b-b956-4da02cf1ab46,2026-08-26T17:29:00,2026-08-27T09:34:24.960585,analytics,billing,low
98916852-2534-429c-a236-bc03d83c4082,e7a8ba65-1b1d-4516-997c-5920993cba12,2026-07-31T20:44:00,2026-08-01T09:57:46.399490,identity,billing,medium
9a84ade1-1545-46b7-a024-0d14c1684aa1,8b01d1aa-81a9-4cc0-9134-177b8b3634d5,2026-08-06T12:50:00,2026-08-07T00:17:59.957007,analytics,bug,low
66f34a39-43ff-42f6-92a4-b74e2df4b16d,48d510aa-ed7f-41ce-84a0-dba9d8bdebc3,2026-07-31T07:32:00,2026-07-31T09:28:48.559177,messaging,account,critical
487751b5-0a77-4a09-882f-0ec73a8b3c40,cdc669c3-9232-45df-bd8c-28906cc8ef39,2026-08-16T22:08:00,2026-08-17T07:40:24.106058,payments,configuration,high
8ea7fb35-0c15-4765-bd5b-90951d34cf55,8e4553c1-5c32-48fe-a6b9-d47f09d487b3,2026-08-26T02:45:00,2026-08-26T10:48:30.671603,identity,account,high
043ad5b5-f4d0-489c-a99f-070486242a8b,d40b5ef3-f467-4eaa-92dc-57b76084cab0,2026-08-16T09:29:00,2026-08-16T17:16:56.906880,messaging,account,high
5a43b4c9-0c15-4dd1-8ce7-dd165cc43428,d6042143-2e22-4f4c-a2f5-39f92aef6509,2026-07-02T12:20:00,2026-07-03T14:58:17.392420,identity,configuration,low
841fad60-1ac5-4d17-8ed3-3796ad75e014,824580cc-df36-44b4-ad09-ebaaa4059804,2026-08-23T03:07:00,2026-08-23T05:24:47.728719,identity,bug,critical
f816d971-0906-4ddc-a498-121e54f88952,aba5fbe3-bcd3-4fe6-a908-aecf6f27b3a0,2026-08-29T16:09:00,2026-08-29T19:46:14.754480,payments,bug,critical
3901151b-b62b-4a05-a904-61a2059179c7,ea5a6145-e0b6-463f-a8bd-95e695f577a4,2026-08-27T06:07:00,2026-08-27T12:29:43.846176,messaging,billing,medium
12e4f2d8-0ab4-490b-a8d1-ddf93354e2bd,98708283-6693-4108-8f80-88b0dfeb9d0d,2026-07-11T00:04:00,2026-07-11T02:30:27.878821,payments,bug,critical
4660864a-5398-4c84-87d1-9aaec1b81b55,798cbf45-3347-4022-b927-75f01d6714d5,2026-07-14T18:48:00,2026-07-14T21:48:19.650650,messaging,billing,critical
98dd3bb0-e8a5-4015-a209-2d1cb3ff0b31,b5055a7d-382e-46d3-9466-a5b100bc2282,2026-08-25T15:47:00,2026-08-26T04:00:27.114739,messaging,bug,medium
13829fab-495e-4e7a-88fe-5734f2590678,3776e3a9-494e-45b2-9998-7521d60f02ee,2026-08-21T01:16:00,2026-08-21T03:42:28.528066,identity,performance,critical
a60df853-e9be-45a6-bfb1-954753fe5615,e2e1d484-5935-45a1-a734-10a7f7a431fc,2026-07-16T18:19:00,2026-07-17T02:41:12.668714,messaging,account,high
6563ee64-b316-4c21-9b8a-690792f67125,4e6c9465-852c-43b7-bfa8-f9bb331140ed,2026-08-28T13:19:00,2026-08-28T15:23:36.453027,identity,account,critical
c3c64221-931c-4c9a-aeb6-ff221b2b8ea0,706ff8a0-36b7-4fd2-9265-2184222e7090,2026-07-23T10:31:00,2026-07-23T16:18:56.170694,identity,account,high
0e190d25-d5a0-44dc-86f6-e887dafc015c,9ca869b3-b4dd-4acc-89ea-a9d86a697047,2026-07-28T02:08:00,2026-07-28T04:35:04.040046,identity,billing,critical
b415182a-b404-48b5-9521-1d785154d84c,3debdc91-6a16-440f-8909-7792f541ee9f,2026-08-01T17:58:00,2026-08-02T13:17:21.296891,identity,configuration,low
5ec5d5c8-8b44-41f1-8044-648471a14ab7,865c63fc-6f65-4ea5-817f-ce2ffa516c6e,2026-08-19T10:37:00,2026-08-19T22:15:12.735266,messaging,performance,high
62c69857-d605-4471-a2dc-8fec5135a4a6,760458f2-2c9b-4b4b-a098-22a9d1f9ac94,2026-07-14T07:58:00,2026-07-14T19:36:33.035069,identity,bug,high
abfccae0-11b8-444f-a373-9819ee974b0d,5fd2cb32-4700-4582-b037-3d7284985ac7,2026-07-08T04:38:00,2026-07-08T14:36:43.348792,identity,performance,high
4811db36-4580-4e59-a884-6813963804d4,f8cccdb1-0476-48f5-a823-9546e39808e0,2026-07-20T11:27:00,2026-07-20T22:54:51.089293,payments,account,high
92a072f7-0bc8-458f-98a1-99ba6d9f17c6,8515faf9-7483-4f29-ae95-d66aa1614360,2026-07-25T17:21:00,2026-07-26T02:15:34.187259,payments,bug,medium
db8976c7-00a4-44d6-b320-5b0715353766,cb0c84de-7da7-4485-8255-2ee5380df7f9,2026-08-30T23:16:00,2026-08-31T18:42:47.089943,payments,billing,low
dbdc1e3c-b1ac-42e9-adc7-839b4c1604d4,0fb8e5c2-21cc-47f1-86c4-c72683ee5d07,2026-07-31T01:32:00,2026-07-31T07:35:43.838485,messaging,bug,medium
355f9aec-2d07-4d6e-b371-c5a033fddd29,32d9a99d-e02f-4810-9b9f-478559132cda,2026-08-20T02:15:00,2026-08-20T07:31:41.599237,payments,performance,critical
254b5f73-a364-4244-81eb-157f001cb990,dd5f42f9-5ee2-4002-bef3-8368cd428a48,2026-07-19T03:43:00,2026-07-19T12:53:01.860035,identity,configuration,high
d490ff03-2ae1-454b-ae91-19c5867183b8,1b115406-0af6-4632-a835-68309239810b,2026-07-09T03:25:00,2026-07-10T04:51:17.286223,payments,account,low
0a2703f1-a6bc-4961-9a82-497082b133f2,5019b555-221e-413e-9585-2de04d9b2caa,2026-07-16T22:26:00,2026-07-18T01:22:56.732840,messaging,billing,low
c78fb1bb-656f-46d0-a124-abfe506e2542,afa0ebb9-18e9-4585-9bb7-52100032b9c6,2026-08-06T03:14:00,2026-08-06T14:14:50.203236,messaging,billing,high
9452007c-ebcb-4f95-972d-8ca4d717bef6,f059adcd-6452-4ee6-81e6-a41664b25f88,2026-07-01T20:14:00,2026-07-02T21:56:43.874022,identity,account,low
51987ca8-dc9e-4782-8b09-e2aeda6086ce,85a33d2b-efc6-43f5-b4bb-5f565fd0f4ac,2026-07-31T11:54:00,2026-07-31T16:04:04.007609,identity,performance,critical
272beed9-4c10-4367-97f2-61f9bb16396b,14593079-21b9-4817-8624-d695ab8b29de,2026-07-13T05:09:00,2026-07-13T20:51:20.759540,messaging,configuration,medium
bec65675-0ec3-4b10-a33d-0e4d85018df0,7abb6d1f-1040-4250-b64e-37ff52f5b6a4,2026-07-31T02:23:00,2026-07-31T12:07:55.627396,payments,performance,high
4768bc96-d11b-45d5-8196-92d08c4c6dd9,62141cc8-6c85-44d9-b2ac-0a77474ef8ca,2026-07-02T06:46:00,2026-07-02T14:52:21.380278,identity,configuration,medium
1703565e-bfc5-4d02-8ff9-b855d644fee2,d6b0cda1-ea72-4dd0-b97f-061925f4aadc,2026-08-28T03:19:00,2026-08-28T08:00:38.047772,messaging,performance,high
18ce2c8a-49eb-4af7-a878-840b703fe6b3,93454f34-f24e-485a-be6b-441a60c3c6c7,2026-08-30T22:00:00,2026-08-31T09:43:46.017055,analytics,billing,medium
832ed7d1-68ea-4a10-9e96-9a686d5c74d4,0630feef-6e0d-42d9-b74f-d025857cba67,2026-07-23T13:52:00,2026-07-23T16:04:23.629530,analytics,configuration,critical
8a4c7e72-4fb9-4728-a150-7a60d8e9008a,5267a641-8ebf-45b1-a4d5-bfd89677894a,2026-07-25T07:15:00,2026-07-25T20:57:28.644173,identity,configuration,low
823f59f8-37fd-42f9-a437-9f389d5c4d26,ce97aa76-0006-4adb-9739-f8be19826916,2026-08-02T17:27:00,2026-08-04T00:43:43.671743,payments,bug,low
4bc2db6a-7823-451a-9d75-aab283dad8a6,b790d298-d74e-4442-949d-0120cf3e327b,2026-07-15T12:54:00,2026-07-15T22:25:20.362870,messaging,account,high
3d2f6c7b-56fc-4bcf-a333-a507c8c4631a,f4ad1ab8-067e-49b3-9926-96af1e69f50b,2026-08-28T03:17:00,2026-08-28T11:54:46.355560,identity,configuration,medium
ee7159fa-2360-45dd-b8ea-765c3f822f47,0a2775e1-1516-436b-8fa2-750b9d616439,2026-07-13T03:47:00,2026-07-13T07:31:35.536241,messaging,billing,critical
4d142cd6-909d-4f1d-b6ed-6fe26a8e91f4,0d3a009c-2b29-4282-997e-b453c7745c14,2026-08-25T03:15:00,2026-08-25T07:01:19.385652,identity,performance,critical
14a1040f-de46-4f23-b9e4-868321669e3e,f54ed188-c19a-4a79-acf8-0616100d7bf8,2026-08-30T10:44:00,2026-08-31T19:57:35.096382,payments,billing,low
6f344c73-ec5b-459d-a4da-d3a11a38333c,83b32df4-b1ed-44d7-bf63-0d09a891a723,2026-08-18T01:48:00,2026-08-18T11:54:41.921482,identity,bug,low
03bbda3b-4bfd-4481-857f-4596929122c1,0549add8-504b-48e1-a8db-d81f1df19947,2026-08-19T20:21:00,2026-08-20T10:42:14.409296,payments,account,medium
706245d5-f7b9-4e26-a158-3788c93b527f,db5f631a-1879-4708-86d2-c5d47abbca70,2026-08-17T08:42:00,2026-08-17T23:18:10.856139,messaging,bug,medium
37d744d1-d1fe-49f7-b3ac-6fbbd8528151,649470ff-9bb3-4c51-b878-7ed0a414068f,2026-08-14T11:51:00,2026-08-14T15:46:33.874498,analytics,account,critical
75634881-db3c-4c68-a1cb-20f73c15a50b,9d9d2bf0-5c26-4b9f-bb11-93961458155e,2026-08-11T06:32:00,2026-08-11T11:42:00.162368,payments,account,critical
b76223af-d75b-4007-9392-839eeaf8f8f0,2c8a6843-02cd-4a84-9c86-ec397e518dfe,2026-07-06T06:07:00,2026-07-06T22:14:37.476405,messaging,configuration,low
14441c34-f8fa-4972-9ebc-4e6c9f328ef5,e1d001f0-ee75-4770-9f93-07802e33cb75,2026-07-01T06:35:00,2026-07-01T16:23:54.779217,payments,account,low
f5ce4fd6-df9e-4096-b42b-910cb18fa08c,035f1ae6-6b7d-4f6e-9aa6-c509b1e0218b,2026-08-01T08:38:00,2026-08-02T10:27:20.965368,analytics,account,low
df70a90e-5b06-4fcf-a947-cef1d8980166,064ef3b1-586b-4792-87ef-712ce317c692,2026-07-07T06:46:00,2026-07-07T14:02:15.367752,messaging,bug,high
58c60599-78f5-46a4-9fbe-2a7d2e4ba286,3dd5418e-deb9-4231-9f1e-93f3a9e6242a,2026-07-13T07:50:00,2026-07-13T10:40:44.201033,messaging,configuration,critical
ffbb0968-57d2-45d2-8549-ca4b755c3900,60149035-ebc1-4586-8b12-ccfc7bc91bd2,2026-08-04T08:39:00,2026-08-04T22:29:32.673052,messaging,bug,medium
3d22630e-f029-461d-9748-be9d2fe42dc3,1fae4be5-42e8-4c68-ac67-852c7e2034cb,2026-08-01T15:42:00,2026-08-01T18:47:11.499427,analytics,billing,critical
30db848b-8a3c-4c55-a30e-5b61af591861,3041e2ba-5806-4794-82e0-633002b8dfa3,2026-07-21T06:28:00,2026-07-21T14:10:14.512354,analytics,bug,high
d9760f39-c08b-4cf6-b06e-a68e7e296fff,3d4fa6bf-cb7e-4541-ac17-3470c88579ec,2026-08-19T13:21:00,2026-08-19T17:19:12.292724,messaging,account,critical
8beab0cc-fa69-4eaa-be79-4c65a5b98065,214d2f85-75e7-42b9-adb1-4989a78bdf5c,2026-07-23T12:41:00,2026-07-23T21:59:28.068241,messaging,configuration,medium
9e670877-fc17-4157-86f8-0fe096b3a421,f091b506-97ec-4cd0-aa5a-c5a35f97ca86,2026-07-11T06:30:00,2026-07-11T19:49:55.175860,analytics,performance,low
e12fb42d-9468-4540-bbe5-a6af407ce9e9,c20d363d-22fa-409c-85ad-62c0b813f1f5,2026-07-07T02:59:00,2026-07-07T20:01:09.381093,analytics,account,low
03ca7589-9d73-4e3d-9544-293ea73158af,816cf96c-29dc-40a7-bf50-f671fa7378c0,2026-07-05T10:20:00,2026-07-05T13:09:00.798364,payments,bug,critical
12490cfe-aa63-4033-8033-1b67446b50e1,b6d69206-3642-472b-a5b8-0139af17950c,2026-08-19T03:07:00,2026-08-20T00:48:02.941214,payments,bug,medium
f3596c69-95a6-4901-9ecf-f33e1276939b,0071d4b4-5188-4632-b06a-e234723af391,2026-07-27T07:54:00,2026-07-27T16:31:11.274662,payments,account,high
7073e2b7-e7b0-42d2-9f4b-5a6799813b42,bd2baa61-d95c-4165-bdc9-d31bd2dd6fcf,2026-07-30T04:30:00,2026-07-30T22:19:42.048223,payments,configuration,medium
baabce13-6ebc-4705-9b3b-6a7a81958021,693bae56-4f37-49cc-8107-ba4fabcea331,2026-08-17T10:41:00,2026-08-17T21:50:43.979239,payments,performance,high
80a56e5a-6a23-4593-bc08-e777417da160,17cdd712-cfc2-413f-93b6-81bb9a8c3fa5,2026-08-20T16:10:00,2026-08-20T19:07:11.426845,payments,performance,critical
3e166b36-61b0-40d5-8e40-2b179218b8fe,3283769f-976a-464e-802a-289407d5303c,2026-08-01T08:23:00,2026-08-01T17:57:13.682131,messaging,account,high
76bd440d-eb95-4caf-b6ca-3e989f126b61,d9e76bab-90ae-4b47-9893-54d23a90bcc7,2026-08-07T03:51:00,2026-08-07T07:32:34.607347,payments,configuration,critical
0ea0cb8c-f499-4a4d-82bb-732128a4c7b3,3e92d013-a438-4360-aad1-db9a9e1a3605,2026-08-18T23:07:00,2026-08-19T08:43:31.813292,messaging,billing,medium
4e6e1710-b840-41c0-a4cc-1407501e36fc,4c1c179c-c9e5-4b81-9634-d59e5feed436,2026-07-14T03:20:00,2026-07-14T07:44:12.090836,messaging,bug,critical
4bdfdd10-f0f0-4d95-a7dc-9ba6b0795bbe,da5d6c88-f27e-4def-b4fc-0fb55ee3448c,2026-08-20T17:24:00,2026-08-21T09:42:28.461402,payments,performance,medium
e589cf03-ebef-4c94-9578-3405f4a6e2a7,e8b5eeba-53a2-415f-aa23-389a989e6261,2026-07-31T01:28:00,2026-07-31T06:12:22.963100,analytics,performance,high
921a0094-dcfa-492b-87fa-9d55b6b091cd,09ba84c6-0715-43b4-96cc-f4800748c7be,2026-07-18T08:06:00,2026-07-18T11:37:15.656743,analytics,configuration,critical
56cc075b-57bb-4d5c-abd0-83303e5174c0,abf69acf-4678-479f-a172-c63931c0aa32,2026-08-24T21:06:00,2026-08-25T12:45:20.906691,analytics,bug,medium
561a54a4-635f-432c-bfda-69bf43eb6cbc,d779f96b-cf54-4090-a212-230412a86ffa,2026-08-23T11:35:00,2026-08-24T17:09:50.286695,payments,performance,medium
fa8c5ee4-9996-4849-bee4-85f2a20875d9,6a457a92-81aa-4b0e-a8ed-c79966bbf9ad,2026-07-31T07:22:00,2026-08-01T00:36:45.301770,identity,bug,medium
b250c4c1-33da-446c-b186-a415b8c4b024,25dbbccb-2677-44c0-8052-bd1a6939c5d4,2026-07-11T16:16:00,2026-07-12T03:01:34.504982,messaging,billing,medium
0fc1c900-ddf7-42e5-9aee-f3c0eb070bec,f305c08d-06d3-4669-996f-887ff24cb669,2026-07-22T18:49:00,2026-07-22T21:42:55.504977,identity,configuration,critical
6ccf86bd-b6a6-418e-80e2-07d2b571e0be,991b3987-b83c-422e-9993-05f454024f08,2026-08-29T01:09:00,2026-08-29T08:01:37.764998,identity,configuration,high
a456985a-bc9f-4e48-af3a-ee88a07d0e28,42289e9d-e17a-4f67-945f-419b49436d26,2026-08-15T06:19:00,2026-08-15T10:06:05.592869,messaging,bug,critical
9d7b583e-1adc-4154-b19f-04fd71516d57,b9081d51-1bcb-45ab-8085-68b4ab560bba,2026-07-30T03:33:00,2026-07-30T10:51:41.188913,payments,configuration,high
0c5cb4be-523f-4b50-89c0-f3a59d53eb0b,c6e57041-6ccd-4bbe-9d78-e9d9ca749ef0,2026-08-21T04:51:00,2026-08-22T05:29:56.692180,payments,billing,low
3ce8951b-90e7-44df-9e4b-993b5c519fb4,958b1da1-4460-4c94-93ec-2c012ca12741,2026-08-23T03:50:00,2026-08-23T12:11:15.485014,messaging,configuration,medium
2ffe9ebf-b2ab-4736-b949-9e1c2f08f402,21d92da4-6755-4c19-ad61-85907a1d9ae4,2026-07-21T22:29:00,2026-07-22T10:28:29.824038,messaging,account,medium
1e1d9a93-86a9-4b88-8648-2225dab5ac00,56347a3c-0266-479a-a911-71149449beca,2026-08-29T14:00:00,2026-08-29T18:23:58.289286,identity,configuration,critical
bd26864a-4192-418a-adf1-0a4d9b464300,f5f661bd-2e93-4bdb-b4fb-dbf63c76dde2,2026-08-28T09:48:00,2026-08-29T00:35:35.760639,messaging,performance,medium
c13864af-ee6f-4147-bfa9-66896bb0a69b,c5510865-5b4b-4441-89cb-50caacd174c3,2026-08-02T01:20:00,2026-08-02T05:01:37.888704,payments,billing,critical
b0a28a61-0c41-4609-9c63-01e087273773,e63b0273-3f1e-467f-b66a-51e35dc47938,2026-08-19T08:18:00,2026-08-20T08:24:11.638385,analytics,account,low
4786cc69-a6f6-4fff-85d6-d67d24b40e7d,da84a5e3-86ee-4a91-9224-21889c024e0c,2026-07-07T18:22:00,2026-07-07T20:16:44.908529,analytics,bug,critical
c0fe0ba6-9760-4974-aa93-71d4a7596dab,72e7491f-0e12-4103-acd1-e560003428c7,2026-08-27T09:47:00,2026-08-27T20:46:50.840061,payments,bug,medium
3897f60c-1b4f-4062-b0a0-bc77412391b7,79f76607-a07d-458d-a192-895b254e4718,2026-08-16T00:47:00,2026-08-16T20:54:15.723285,messaging,configuration,low
b256700a-5375-4c84-8caa-345accf46641,d9ce53d0-0a1e-4fc3-b7d4-cdc769f3d218,2026-08-30T16:32:00,2026-08-31T01:39:08.480733,messaging,performance,low
9208dbbe-22b8-46b0-a30a-58d0b27089ee,131dc651-16a7-4e8f-9d1c-50fe51896b84,2026-08-20T05:05:00,2026-08-20T23:36:46.263515,messaging,bug,low
c559ffd8-2efe-4e18-95f2-2db74b443ca3,0203c313-c461-4527-ae93-cb02c5430034,2026-07-26T00:10:00,2026-07-26T04:05:06.611149,identity,bug,critical
cb714523-14b3-4f13-9d6b-6a76ecbaa82a,40256282-0617-4b48-910a-d7b0ef42f882,2026-07-17T07:36:00,2026-07-17T16:29:29.853556,analytics,bug,medium
bf7c79ef-c5c1-492d-9008-7fcb8fb39793,fcee4503-a388-4795-943e-a661fb26bf4f,2026-08-26T09:55:00,2026-08-26T20:16:34.166364,identity,configuration,high
0c999dfe-4f2c-4a9e-a722-5469e51f7cfa,b19749fd-2ee9-48d0-b012-03832083bc33,2026-07-08T04:37:00,2026-07-08T07:48:42.023570,identity,performance,critical
e1475488-9f53-471a-84d7-b76ceba3fef9,d4c08d4c-c728-4dd9-9890-7ec69e488a61,2026-07-21T13:23:00,2026-07-22T00:03:58.832752,identity,bug,low
14fe6552-ebf4-4587-a599-f77dc204ff07,4f21868f-ddf0-4e5c-8a69-6d12091fc345,2026-08-04T12:30:00,2026-08-04T14:10:06.041343,messaging,account,critical
a69c501f-4424-4633-a010-3a9dd2757516,4ba46789-1cf7-47a9-8422-8ac4570102e9,2026-07-01T20:38:00,2026-07-02T00:40:09.561781,payments,bug,critical
35d65c7f-b3e4-4cc0-9b71-47027ce50d3d,f2d9f02e-879a-4eb7-9fa4-1b6c408a0401,2026-08-28T16:49:00,2026-08-29T17:55:22.470547,identity,account,low
a85e09f9-767a-4c88-9c70-f561ee5da7c5,ada356c7-e1be-462d-aef7-549b72a914c3,2026-07-04T20:57:00,2026-07-04T23:15:47.826569,payments,billing,critical
ec8dbc7f-0815-4f29-8ca9-b0bc80b68015,e63512ca-90c4-4ad6-8895-a13cd310903b,2026-07-07T18:24:00,2026-07-08T06:37:42.171809,identity,account,low
5b17d47a-296c-40c3-9bcd-90acf72cea76,e56339ab-435b-412c-9271-719c86e453e3,2026-07-29T15:00:00,2026-07-30T06:01:37.393097,analytics,billing,medium
6215bfab-128d-4cb4-997a-3035920fd68a,4b33ccb6-88e5-41a0-bd72-b27db24a72b1,2026-08-06T06:05:00,2026-08-06T18:51:02.994224,analytics,configuration,medium
1a3da7fa-611d-420f-abc5-6c2493bf8680,bb85cfd6-9e64-4bda-b6cb-3a3a522c157a,2026-08-21T13:57:00,2026-08-21T21:01:14.770966,messaging,account,high
f47a9acb-6378-493d-a512-bb2d317c2b8c,d430b441-7185-45bb-ad77-e2909a457e67,2026-07-13T17:43:00,2026-07-13T22:08:46.457240,analytics,account,high
71f0e236-e47c-4190-9600-fb0242d76384,39f3b6fd-f283-413f-bd17-7c51f2d213cb,2026-08-09T18:50:00,2026-08-10T10:44:51.947648,payments,bug,high
fa4c54b6-9379-4e3e-8fdc-bb4db6dad6b2,51b595fa-4ecb-4794-8216-544452a0c09f,2026-08-25T21:00:00,2026-08-26T17:24:51.166992,messaging,configuration,low
8e51cfe3-199f-4244-8e4c-ba4b519d0188,82868949-089c-4896-9d4f-8c97d9cc8a98,2026-08-11T00:14:00,2026-08-11T08:39:27.486479,messaging,billing,high
d2f74f95-f666-4aea-b539-1dbe1dce32d5,2af4d403-becc-498c-92ac-00fd5241febe,2026-08-04T04:07:00,2026-08-04T05:52:25.496470,messaging,billing,critical
82cd41e6-deb0-4be4-8f2e-79945ed71c8b,0d1d797a-796e-4d88-b9cf-afaae74c451f,2026-08-26T07:23:00,2026-08-26T17:51:36.063027,identity,billing,low
5a2c9821-c3e3-4292-a302-4c0efe567808,008864f1-b794-4949-9a58-30beab91ba98,2026-07-15T00:54:00,2026-07-15T03:21:00.124870,messaging,billing,critical
bde8c207-0444-4791-a62e-444b6ed8c58b,b6b736e4-c7c7-45dd-a344-fc7901098de7,2026-07-10T16:45:00,2026-07-11T00:18:28.392912,analytics,bug,high
d059a8d1-7e34-4cee-b1ab-d2c647cc4089,da86f8bf-0119-4aad-996b-912680bb6695,2026-07-25T13:18:00,2026-07-26T01:40:22.987573,analytics,billing,low
24275dab-385f-4aad-b60e-cce74bcb4e0c,54f2daee-e186-4b6c-aea0-793caa1a891c,2026-08-10T20:30:00,2026-08-11T07:06:47.300959,messaging,bug,low
5431dbfe-cf2b-4e10-843d-3da5cfb4dcfc,d6a5f3d7-ac53-4f0a-8e74-5272f560d713,2026-08-20T10:42:00,2026-08-20T21:36:35.083505,analytics,account,high
210fb148-244f-4e95-a15a-c7759649ca49,a188de87-046a-4a4a-9e51-d0445999dfb3,2026-07-02T02:57:00,2026-07-02T06:47:15.026341,identity,performance,critical
e51c360e-b7ce-4781-aabf-d6c54e673621,1740bcba-75e4-4f1e-ab0d-aa9f12dc852d,2026-08-20T22:19:00,2026-08-21T23:55:10.171522,payments,account,medium
45f1a0a8-2ba2-427b-96d4-11fe6ec8a905,4b0e5197-e92e-48c2-9217-6f3f299813f7,2026-07-16T10:16:00,2026-07-16T16:24:50.115758,payments,configuration,high
93ace5e8-fa0a-483c-b9ce-d41fe9b7db92,afe2ad54-be6b-4183-841d-79e08faeeac2,2026-07-14T06:47:00,2026-07-14T09:06:40.388213,analytics,billing,critical
f5c4e026-ba75-47d3-b172-12d50081795e,a419266e-8483-4d5a-9b30-ad021dde531b,2026-07-28T06:49:00,2026-07-28T12:49:48.952448,messaging,bug,high
3da14258-aefb-44c4-a84d-bda1895eb82f,5d7d7281-3d59-4e8c-8b96-728c87d179e8,2026-07-23T10:41:00,2026-07-23T22:10:39.622542,messaging,account,medium
49129625-0d39-4a4c-863b-4c1f03fa3318,94c4c498-520c-4530-a141-f11e848311d9,2026-07-13T07:58:00,2026-07-13T10:27:47.945925,identity,bug,critical
e0fc772c-d52a-4d24-82ed-8352dfb99d4c,ddc3fd88-02ca-4766-96fd-4eb2bad00a45,2026-08-26T10:49:00,2026-08-26T13:19:15.151216,messaging,configuration,critical
c290af42-780e-4744-9f61-0b9ea28dd264,00bec040-1d30-4e7e-902e-d31b84d0dbcf,2026-08-29T06:12:00,2026-08-29T22:05:10.472153,payments,configuration,high
fea1befe-1e69-401c-a141-3a8597e1ecdb,024aba04-481b-4265-b819-77409d351314,2026-07-19T06:46:00,2026-07-20T00:20:29.623718,messaging,configuration,medium
2381c1e4-e653-4012-947e-35d8671efb09,afbbda87-f19f-47b6-b69f-3a47e71928ba,2026-07-30T01:10:00,2026-07-30T11:04:38.285458,identity,performance,medium
ccfacf67-e489-43e1-87f3-7090f8e8dfb0,a938b3d7-c4e6-4f13-b279-ae7867abfd5d,2026-07-26T12:19:00,2026-07-27T14:05:37.951488,messaging,configuration,low
bf60da84-cfab-4f60-a14b-f722056bdef6,8418340d-7973-485b-8fd7-ce44b2c6b2af,2026-07-19T04:28:00,2026-07-20T06:37:14.698824,payments,account,low
242bab6c-8634-4452-8b82-35afc03dbb51,3b6f253e-4346-416e-94a3-75b603748d20,2026-08-12T00:25:00,2026-08-12T19:35:13.648964,payments,performance,high
9e910198-df07-4d4b-a82b-421a3461dc2c,9c18a939-96a0-4a3f-8de5-dc2f242f260c,2026-07-07T07:04:00,2026-07-07T20:40:00.116913,messaging,performance,medium
91b9b749-6485-49c7-bf9d-efa0fa668009,57b364b6-014f-47d0-b3b6-092d4e129c77,2026-07-23T00:42:00,2026-07-23T04:34:02.029043,identity,billing,critical
d50013c6-efe8-4a36-917e-48235956339c,8a6185b4-29e6-459a-9ea0-b34e88feb672,2026-07-07T17:34:00,2026-07-07T20:48:48.235408,messaging,account,critical
5f91356b-3720-4443-b356-03e47cdf18c1,4d14f16a-7086-40b4-8490-b69a9e72e2a2,2026-08-18T15:20:00,2026-08-19T14:33:58.715425,messaging,account,low
480ccdf9-3a85-41d0-9ce1-ce8034bc08c9,f8d0dc57-b67e-434c-beec-3efe8e67cb44,2026-08-02T17:24:00,2026-08-03T07:17:28.391046,analytics,bug,medium
698fdf6b-4fa9-47cf-bd59-94aa6276d91c,83f6a139-2482-44e6-a098-359bb7e18146,2026-08-02T07:31:00,2026-08-03T17:57:54.014883,payments,account,low
f010cfc2-51e8-495d-add1-8d275357858a,5abc4dd5-37f7-4e5a-86ee-f16158ab4d97,2026-08-28T17:05:00,2026-08-28T18:54:04.201157,messaging,configuration,critical
45899e4c-88e7-4c10-b64d-f108961f5dc3,5ddfc8c0-63c8-47c3-b07d-33b10945d181,2026-07-09T23:24:00,2026-07-10T10:44:57.633425,identity,billing,medium
769abd3a-bffa-417e-8d79-c5e7cb4112e6,f5d8a661-f7e1-4276-9cfd-7310e5d81d34,2026-08-05T14:26:00,2026-08-06T00:34:22.591144,messaging,account,medium
41cd2b71-f245-4c3d-8227-65669d515820,c300b4b0-a515-4cdf-a6da-778cfb83cd22,2026-07-03T05:39:00,2026-07-03T12:58:40.092342,messaging,bug,high
7979fcd6-de66-4ab0-806d-20c71c40b290,0a49f203-8e15-45c0-b63c-e9e12f144e99,2026-07-08T19:33:00,2026-07-09T02:02:42.441904,analytics,billing,high
44caba94-68d5-4bbb-8a5b-adb05b7e5d75,080e5414-99bc-4202-b00e-28e7091549ff,2026-08-11T10:41:00,2026-08-11T15:15:50.957767,payments,account,critical
dbe164b4-f5b8-4f37-a914-8f889c6078dd,a9eb5d35-66f2-4008-8dea-3a5b0ea63127,2026-07-09T21:15:00,2026-07-10T01:47:14.620993,messaging,performance,high
9b38ee34-11a0-47cf-af08-5767c488eb3a,f76366c6-ae8d-49e5-ae06-e238d1a4fa6d,2026-07-05T01:36:00,2026-07-05T10:47:01.533618,analytics,bug,high
1deed78f-4efe-4148-b162-c7172653090d,dab4a91d-bb93-4ab9-81ad-bd9446370031,2026-07-15T23:02:00,2026-07-16T11:39:22.524520,payments,account,medium
071338a6-8bd1-41a7-8107-a8d81787fb1b,92faa303-9e73-4e3e-be19-d161647b413a,2026-07-31T03:03:00,2026-07-31T18:37:23.050055,messaging,performance,medium
c28d6a36-da25-4bb7-b6cf-96c7e17b16fd,fc3cb00b-3dc6-4c2e-9c12-38bc9c3d5a87,2026-08-27T07:43:00,2026-08-27T12:33:10.121431,payments,billing,critical
5fd168aa-a767-4f28-8fd6-258ae3eeb806,d55981e8-2ec9-47f3-a090-9cfa390fc1a8,2026-08-25T21:32:00,2026-08-26T02:19:58.967570,payments,performance,critical
15044cd3-726f-4a68-b981-72be61a4f395,dfe9778b-695a-4288-86dc-f87f021844b3,2026-07-20T13:13:00,2026-07-21T08:36:32.144257,payments,configuration,low
a8fe9f5c-6738-450c-aae0-04c7be1758dd,8835c90d-c7d3-44dc-9072-6da2be905e02,2026-08-18T20:51:00,2026-08-19T06:53:16.330424,payments,configuration,high
b1a2ecca-bcb7-4438-b1e4-781582956442,016b01ff-ea3e-4c09-a4d1-f9cc25188870,2026-07-11T08:56:00,2026-07-11T17:42:32.759883,identity,performance,high
f6968db0-1b28-45b8-ad67-0ccbcaa6e22c,db445816-973e-4aa5-9b75-e26a80bd29ca,2026-08-25T15:25:00,2026-08-26T06:40:45.516506,messaging,account,low
6b220cd0-19e5-472f-a44a-84a614d8190f,6b2cf976-d5a8-4f47-9a85-c1f4c90d95b8,2026-08-11T16:12:00,2026-08-13T06:10:34.919931,payments,configuration,low
0191693c-9527-4bcb-bf31-9df9c1b03da2,701ade24-0a16-4c26-811d-71e1eb575c01,2026-07-29T12:09:00,2026-07-29T17:05:08.128434,analytics,billing,high
41c338dc-288d-4c57-b02c-58cbead98335,9a0ffcc0-6acb-43a9-8b66-6a2382d4633a,2026-08-03T23:29:00,2026-08-04T04:26:30.568225,payments,account,critical
4fdee848-764e-4bea-aaea-66d471f3f8b0,22656058-0281-47fd-b160-81668a36836d,2026-07-13T13:10:00,2026-07-14T01:00:24.153318,messaging,performance,medium
8aa403fb-3186-49b3-9fe6-c0d8941a7e0e,e252dbc2-0789-46e0-8061-f37cccc00ade,2026-08-18T21:55:00,2026-08-19T19:17:34.563957,payments,account,medium
7796bd40-3f11-4095-9500-a2faad9a33b9,59cb8689-4c0c-4e5c-89ab-e8a3d95aeacc,2026-07-13T18:28:00,2026-07-13T21:49:29.627771,payments,configuration,critical
9a67e4c7-9244-4276-98d0-b9248afd608e,521479f0-cde9-4c69-a2d2-755210df24a9,2026-08-02T16:19:00,2026-08-03T00:39:29.550839,analytics,performance,medium
9912e8e8-4e73-47be-aee5-1e1c7408b8ee,c67c5865-2199-4244-8aeb-8a78b61afb8d,2026-08-04T22:44:00,2026-08-05T01:28:48.808701,messaging,performance,critical
158f5527-0d9d-4c21-a9b0-d59d02d534e8,3bf4672e-e833-4460-841c-d895d8502e06,2026-08-10T09:36:00,2026-08-11T04:46:37.777391,messaging,billing,low
dcf418c7-b7d3-414a-ac30-4a8b4f86a248,b6595193-cf62-436e-b5e0-33619e24828b,2026-07-21T01:45:00,2026-07-21T07:32:55.490399,identity,bug,high
3c113061-e89d-4e56-9986-62de19c1a3f7,42cdb971-51c4-44b6-9f4c-3e149ac83cfd,2026-07-27T06:36:00,2026-07-27T09:44:57.042793,payments,performance,critical
ff184dcd-1ffd-4e75-a5b2-25295599f546,b28cfccf-c4ef-49b1-85b9-30a24ca3bf31,2026-07-11T07:18:00,2026-07-11T15:38:10.849319,analytics,configuration,high
7be86ab3-8776-43e2-9fca-98a1ed38dbaf,caf60ba3-f211-497f-9391-d152dec99658,2026-07-04T18:53:00,2026-07-05T12:45:38.311444,messaging,account,medium
32569d9f-2839-4d46-b549-4c0211a2755c,d6b69dda-aaa6-4b8f-92d0-52b9ebd444dd,2026-07-10T07:43:00,2026-07-11T00:48:42.655815,payments,configuration,low
2028989c-57b4-4c5a-aa14-b4898686452a,90e49c89-5b7e-4c6e-98d3-04e06635ddb2,2026-08-01T17:28:00,2026-08-02T16:25:40.930912,analytics,performance,low
cb81f130-2c75-45eb-a180-befeaabfd345,dc4bad77-03c1-4294-9009-f18ea1b485d6,2026-07-22T13:36:00,2026-07-23T00:29:18.202453,payments,account,high
101a650a-5e77-4c20-bb24-e408b5636107,d19f5f3d-48a8-4107-aea8-91ad529da9b0,2026-08-25T13:08:00,2026-08-26T04:33:05.490191,messaging,billing,medium
e7236051-f802-41ba-bf18-52e52cd2b5c2,217c6975-6f31-476f-9e7c-1dbcfd90a7c7,2026-07-19T20:04:00,2026-07-20T04:19:29.686964,analytics,account,high
f6a8d69c-8aff-43f1-b143-6ed0d804b98f,7da9cdab-f4f5-4cd1-882b-62bf48f6cc8d,2026-08-24T07:51:00,2026-08-24T19:12:59.035341,payments,configuration,high
aee83646-a481-4d08-a2c9-d5735515f2ae,04cbbfac-3f5c-4f74-adae-95238c1df274,2026-07-25T08:01:00,2026-07-25T12:16:22.702088,analytics,billing,critical
dadebb86-484f-49e5-b915-c48a5d42fcc9,46bb8dc0-695c-41a3-b5e7-1b57916e2ac7,2026-07-26T05:49:00,2026-07-26T13:34:17.716756,payments,billing,medium
ce5b5727-83e6-47e7-a17f-2d8b70ec6526,1a53e0a8-66ea-4e97-9d99-8adfb614586b,2026-07-30T07:37:00,2026-07-30T09:32:35.453637,payments,performance,critical
520e4bef-43d8-4bba-b047-5112b3aa07db,adaeaf55-745b-4d8c-8042-dfc49fea6343,2026-08-27T13:30:00,2026-08-27T16:21:21.510604,identity,performance,critical
57f6fcae-9be0-4657-8a0f-87fc23ea872d,e7b76561-030c-494f-b372-e8ee1dea7334,2026-08-27T16:10:00,2026-08-28T01:43:27.464133,analytics,performance,high
fb8fd04d-72e9-495d-918c-46ab6eddcce2,5303387e-de02-41cb-b761-d1ca1ab9da60,2026-08-03T14:14:00,2026-08-03T22:53:20.319686,messaging,performance,high
b8ef23cc-4f55-4f6e-9c59-e2b516a87658,99b5cea2-a31b-480c-be7d-87816588abcd,2026-07-09T11:28:00,2026-07-10T10:47:19.929647,messaging,configuration,low
b0632588-7136-4df4-9ee5-7c6326003891,9d251f96-99fb-423d-a551-5e42b2a546a9,2026-08-06T04:49:00,2026-08-07T02:18:09.034322,payments,performance,medium
00c9607a-a823-4215-ab1d-469c09967e10,3e749c35-3c80-4552-bea3-33d3c9909a29,2026-07-30T09:18:00,2026-07-30T22:05:37.339192,identity,configuration,medium
554030d8-88ad-48cd-9fd4-f8c6642f7362,92730e02-d8ef-4b63-9b5e-98eda66f0cfc,2026-08-14T04:14:00,2026-08-14T15:01:32.443276,identity,bug,low
b8b1359d-4da1-4ef2-bc98-ad456109c8c2,daa661a9-874e-457d-8503-f497a6524caa,2026-08-11T19:58:00,2026-08-12T07:15:43.552991,analytics,bug,medium
03213c40-115b-4313-9ecb-2580368e2543,2414b7f7-0ef0-4669-988f-a3a4b651c961,2026-07-01T01:28:00,2026-07-01T18:03:08.783407,messaging,billing,medium
055198bb-73a3-44a5-979d-220bdc5db028,7ff03560-75d5-459a-b679-fdcab517257d,2026-07-28T11:26:00,2026-07-29T08:12:57.300094,payments,configuration,low
5f6fbb6e-fcf2-4d32-8d34-84c0af994ccc,0c437e7d-f31f-4b85-84f1-7c8403a2514b,2026-07-23T18:59:00,2026-07-24T01:36:17.210282,analytics,configuration,medium
37b9b2d2-53a5-45e8-87a6-6b384b5dfa82,44fae0fd-0478-47d4-83c9-f8d7173a78c9,2026-08-26T22:39:00,2026-08-27T02:06:59.240467,identity,billing,critical
748dc370-8056-46dc-bfff-db1c18637d72,7609abec-5538-414b-b5a5-b3e13a72e887,2026-07-09T15:55:00,2026-07-09T17:39:01.738193,analytics,billing,critical
8055747a-f0bf-4706-8fac-97bf04548a7b,03a7ce5e-e497-41a6-ad90-0b08f520fc31,2026-08-24T00:54:00,2026-08-24T03:39:00.538262,payments,account,critical
97ab7286-1aea-4f2d-8f28-3c9d72cc0012,cd21ade8-ed5d-42eb-9a48-4956a02252dd,2026-08-01T06:32:00,2026-08-01T18:15:56.650430,analytics,performance,medium
52d34639-5373-434f-ad5d-fe0cab065302,37fb3c18-af5f-4ee9-8f1f-4da21d5364fb,2026-07-21T20:08:00,2026-07-22T06:59:27.459352,messaging,bug,low
84f85f1e-b12e-4c46-96fa-fd1b4d2357c6,c4e12da6-bc76-4d77-acb6-a43518c0e6e2,2026-08-03T10:57:00,2026-08-03T14:46:13.373223,identity,billing,critical
64b49778-8cdc-44da-9a21-d78fbebdc730,46bd6285-4589-47e0-a98e-9164d36b5011,2026-07-13T02:51:00,2026-07-13T22:50:08.686705,payments,bug,low
a150e160-8bdf-44a7-a6c7-ecb17e355d30,6eee8b2d-08fe-43cc-8fd2-122ce6050e0c,2026-07-15T22:31:00,2026-07-16T12:03:13.057656,messaging,configuration,medium
537da329-6e6a-4224-b7e4-ad267c8b2e80,afc8ec7a-8442-4b3a-8117-2b3aff15bec0,2026-07-14T18:40:00,2026-07-14T22:44:47.595266,messaging,account,critical
aae1e6a4-bff2-437a-941d-c6a9d75dd2b0,c14d4fea-c153-472c-b918-2521e9747309,2026-07-08T21:22:00,2026-07-09T16:58:44.389871,analytics,billing,low
e4399f86-b9eb-4d92-a60c-a913f7c67974,359ee19a-aac5-42d9-8f41-d96aeb2a8d7f,2026-08-04T22:55:00,2026-08-05T09:14:43.007843,identity,performance,high
b0ebfa57-032e-48a2-8071-aa1e54c8fb1f,79627294-7570-4387-957e-421c8dcf49e6,2026-07-23T13:17:00,2026-07-24T01:55:26.734493,identity,bug,medium
990626f5-a7fd-4ec4-a332-638922a2e085,38ce6993-1323-4020-9665-031fdaaa9b37,2026-08-24T14:44:00,2026-08-24T20:22:36.836683,identity,bug,high
71fbee0e-6454-4ae7-a91d-ff809fd023f0,6eb30b3c-9c4d-4fc8-95ab-d92dc0f25ee4,2026-08-25T05:51:00,2026-08-25T22:21:17.441117,payments,performance,high
ebb7b5f2-4e1f-4ce8-8271-2f5891bc5b5f,f5e4807c-3b44-43a7-bcd3-300dad7c67df,2026-07-22T18:50:00,2026-07-23T08:10:22.097763,messaging,performance,low
e81d0cbd-8630-4151-a002-ea7ed0ed95f0,72c53b15-c02c-4064-a9d2-dda05f1fa551,2026-08-28T01:54:00,2026-08-29T04:39:49.988128,analytics,account,low
2f18f439-7749-46d3-a368-e35e19a540a6,a82a9288-9a40-46db-813b-10a6a6f3e225,2026-07-29T19:20:00,2026-07-29T21:55:46.454599,payments,performance,critical
b12c4e20-5bc0-4044-84c4-407f39d0f639,ca5df373-8ef8-4f70-b084-fc2b34562af2,2026-07-16T17:25:00,2026-07-17T12:59:21.154601,messaging,bug,low
e182b935-5e6c-432c-bcc2-45092f14191a,acfc6cfe-caa9-4418-8013-57dacc287c38,2026-07-02T06:07:00,2026-07-03T07:43:23.137923,identity,billing,low
77f2fcac-6e3d-4f53-b221-81cd15c75790,b12d8880-c10d-45d2-877e-184f7372c430,2026-08-06T05:23:00,2026-08-06T08:09:14.612540,identity,account,critical
b8f3c5b5-9b08-47ce-a253-e9a6f7348567,767e9fd0-8f3c-4eae-b323-5188e2aecacf,2026-08-06T14:47:00,2026-08-07T00:06:46.606184,analytics,account,medium
45e88d92-4ace-4e90-b3e2-5b105bfd74c6,1884251e-874f-449a-ab0d-c2518f9ebcf2,2026-07-29T05:00:00,2026-07-29T22:41:30.338204,analytics,account,medium
8ab8966e-716c-4786-82f3-d9a64c4ed919,96eb6635-0912-410f-987d-60e32e22f85b,2026-07-15T03:25:00,2026-07-15T17:59:58.983172,identity,performance,low
aba103cc-bf2f-4cc8-be20-bc7d7b2bed74,0ccdab2a-1145-4930-abee-e397d7305245,2026-08-09T19:42:00,2026-08-10T08:21:43.907203,payments,bug,medium
10d86a5d-574c-4ac7-bbf3-161e2de4f2f0,52079713-2926-4bc7-8094-dba05ed6aaf7,2026-08-09T13:08:00,2026-08-10T03:42:01.996139,analytics,performance,low
901eb30e-99a8-4590-a960-e104c6d44577,c27543c1-1dc8-4a59-a5c3-82380443ad1e,2026-08-29T21:32:00,2026-08-31T12:40:09.526814,payments,bug,low
cd73e582-1254-4783-9bfd-13cfb22d7dd8,ee9e678c-4304-4b8c-a88a-a4083aefc1f2,2026-07-02T00:47:00,2026-07-02T08:58:02.554447,payments,performance,high
aab31feb-6429-445a-a88e-7a00636247cd,98944844-afee-481a-8517-c09ebfc34c24,2026-07-24T14:20:00,2026-07-25T05:19:50.339793,payments,configuration,medium
214f9db3-9012-4a7e-9067-1bbbb3209a07,0bf12160-20a9-42c5-ac2c-973f79f28f74,2026-07-25T11:07:00,2026-07-25T21:34:24.705984,analytics,bug,high
ba00c8ba-bf0e-48f3-8253-26a1875e17b3,a2438e12-0119-4a92-ae26-66d82aeb39d9,2026-07-25T18:09:00,2026-07-26T12:04:50.362467,analytics,configuration,low
71718c7e-c506-4fd0-8ced-eece01c0dc5f,767c764f-c08d-4b96-880a-444abb549702,2026-08-16T11:49:00,2026-08-16T15:53:41.085653,identity,bug,critical
dd307e70-67d3-4ef4-9610-5c5ced63fb7e,bbdc82cd-470e-4c42-8f56-62d4131395d4,2026-07-16T04:33:00,2026-07-16T14:44:11.873854,identity,billing,high
5772fad1-029b-47b7-9dea-0bad65b41304,32e01365-7948-45bd-b626-d016040aa05e,2026-08-22T05:43:00,2026-08-22T15:30:33.656391,analytics,billing,low
a6e84b78-ba40-4b3c-a8d2-1a5b165ef900,d03f43e9-4d62-4ef0-9aa9-6f39199a6562,2026-07-02T02:50:00,2026-07-02T05:25:30.946160,payments,bug,critical
99ed992f-c4ae-4d52-b1e3-e5d8f9e34909,5b5c51ca-495d-4a1f-8049-7ed549c1ba49,2026-07-14T15:51:00,2026-07-14T18:01:24.765389,payments,bug,critical
4ceac28f-1759-43c9-bf5d-78070a154d56,abf3ab60-715e-494e-a8bc-dd636f01e2b0,2026-07-23T14:20:00,2026-07-24T00:56:28.713472,messaging,configuration,high
5f759ebe-4212-4097-9deb-c38286ca8464,feb8c49a-f948-4b48-9bfb-b82f3337b171,2026-08-22T00:32:00,2026-08-22T12:45:41.513898,identity,bug,low
2291f7fb-ebee-4b55-94c7-73dfb4ffc328,ca741657-5dfa-4a50-acda-67bdb950de20,2026-08-16T22:43:00,2026-08-17T23:30:09.032234,analytics,performance,low
e143aecc-69be-418d-bd5e-09c7087981d7,c7a0d1c4-3c52-4edd-a468-b0298fde7de4,2026-07-26T16:42:00,2026-07-27T11:39:20.322417,identity,configuration,low
d7fed0f9-370a-4042-a5c3-709ef32cb790,0d2d18f3-5987-43d5-81ef-aeb71d60a596,2026-07-01T17:24:00,2026-07-02T01:54:37.634136,identity,billing,high
994f297f-cab6-49a4-97ac-30e9006338f6,dc8d8b7e-8b99-4a0f-b9d8-09e57621ac64,2026-07-28T15:54:00,2026-07-29T00:38:00.698928,payments,performance,high
6eabb98e-00bb-4f62-bc25-0d863d07241a,eea3111f-44df-4628-ac32-d83f3142bbf5,2026-08-14T21:45:00,2026-08-15T11:48:08.041459,payments,account,medium
34babb92-ab99-45b7-873c-a352f97544d8,b2a57e31-bfc0-4c95-826c-c68d03e727da,2026-08-07T07:44:00,2026-08-07T16:49:15.124978,analytics,billing,high
d2f45f54-339b-4f69-92c4-c16e0f63a97c,cf9936da-dd7e-4122-b8ef-29c9d46cd2c6,2026-07-01T20:57:00,2026-07-02T00:59:49.264668,identity,bug,critical
d8d5d197-b18b-49ee-a9bf-6edf6cb32fe1,2060d800-e858-47f1-ae10-8e77a997edb7,2026-07-28T23:46:00,2026-07-29T10:48:16.044375,analytics,billing,medium
c3bd71e9-b43a-471a-b415-33ce3f562291,cc70ffb8-ad13-4eea-93b0-cdc0f35fe8c5,2026-07-06T10:50:00,2026-07-06T20:37:24.737218,payments,configuration,low
010fc135-fc8f-4135-9efa-78996526108f,115aec6e-dab4-4da8-a98f-5b492e5ad552,2026-07-22T01:39:00,2026-07-22T06:04:25.191734,messaging,configuration,critical
a1080ef3-888d-435d-a2bf-4ac9fc861f62,eab18b68-0518-4f0c-84a6-1f65f0fa8961,2026-07-08T17:28:00,2026-07-09T07:06:47.717377,analytics,account,medium
9bb72e9e-72bc-4779-89e1-2645cc830cf0,1781d1a3-938c-4077-a7b7-d1a278a07353,2026-08-05T21:28:00,2026-08-06T14:17:46.890523,analytics,account,low
48d8d7e1-ce92-4cc8-8cc5-735241f7ec8c,005502a8-622f-4bf7-96fb-0c0108c7502c,2026-07-12T21:32:00,2026-07-13T08:20:26.314727,payments,configuration,high
f4cc8b3e-d206-4017-8f27-380f15d0516c,38418ca0-b43d-401d-8873-4070ed1c702e,2026-08-05T18:25:00,2026-08-05T20:43:57.123416,identity,configuration,critical
d7553986-3b62-4e1c-a542-5df36be0a0f4,3f6d37ab-7923-455a-8445-3f4b8b1b3ce9,2026-07-07T19:09:00,2026-07-08T06:56:50.603726,payments,billing,low
b21b4139-fd9f-459a-9e33-c67934861f7b,aee771d6-260a-42bb-9893-014d7bd6013f,2026-07-15T23:04:00,2026-07-16T06:19:07.561495,messaging,performance,high
c499a8cb-b77f-4552-8c8e-33b5bc5a5a07,7e56fdf1-64a7-4002-88fa-d8aff9b119b2,2026-08-18T18:44:00,2026-08-18T21:09:29.723357,identity,billing,critical
da557ce9-21ed-436b-beff-2b6a7876d4bf,147df588-b534-41c5-8cd4-543581ae090a,2026-07-25T02:55:00,2026-07-25T18:36:28.186282,analytics,bug,medium
af6390f1-db35-4c96-92c4-da12f3fa58ff,9e26174f-964c-4022-9ef5-1bbbbd0de673,2026-07-28T16:34:00,2026-07-28T21:45:11.725364,analytics,billing,high
fad08ffd-50c0-4e69-9543-779326347477,1b970e66-4454-48ca-869b-2a8bd43e0b68,2026-07-23T14:14:00,2026-07-24T11:25:21.482829,identity,performance,low
e44cd383-f21a-4b10-8eb2-cbb0d3537ee7,2cac1e9d-c821-4d48-b492-ad5cb2b7f9ce,2026-07-24T16:20:00,2026-07-24T20:23:49.694090,payments,bug,critical
2d162b42-2211-4c76-af9e-deaba6bb6211,d301b28b-e74b-4164-b8e9-e32333f4fb6d,2026-08-20T14:29:00,2026-08-20T17:44:01.078858,payments,bug,critical
32672a1f-a1a4-4e65-9d2a-d18fcc26f49a,75a87f15-090e-496f-a942-d645ddb1ad2d,2026-07-13T17:22:00,2026-07-14T17:18:48.127107,analytics,bug,low
1e45d7e2-5886-4dd9-8b33-2306500fd8ba,4d689b59-7631-4c08-82d4-b659120850d1,2026-07-21T05:35:00,2026-07-21T08:12:00.189233,payments,billing,critical
5a9eb50d-5707-467f-be0c-51f67bacce52,5ee5ab91-4e01-472b-abd6-9644d632882a,2026-08-27T08:54:00,2026-08-27T20:14:21.943148,analytics,account,high
db2088af-2220-4d42-837b-9e4439e419dc,8ee1dc5c-bf70-4e13-9670-a763108266de,2026-07-07T19:48:00,2026-07-08T12:37:47.830740,analytics,bug,medium
47ff6b4e-a955-4743-8e14-792b817b4557,dd63eaab-42f2-4b82-8bcf-1e18bfcc0778,2026-08-10T08:41:00,2026-08-10T17:38:51.833856,payments,bug,high
5dabf70e-3281-4316-8b8c-d5a3edf77379,95e12db9-0eb3-4ae3-b1e4-ef8861233550,2026-08-11T23:03:00,2026-08-12T03:00:54.202337,analytics,billing,critical
cac27065-fcd6-4da3-a8da-f85a112c0773,99156994-7a90-44d3-bb33-d6af0180bbf7,2026-08-05T22:53:00,2026-08-06T02:25:58.699501,messaging,bug,critical
2939a0be-04dc-4ea5-ae58-d0819bc23a66,65673880-681c-45b4-90b1-f3d217c4e288,2026-07-16T17:30:00,2026-07-17T02:47:59.212422,identity,billing,medium
6de12d18-9a84-4b2e-9042-145a2bd8b01c,29f133e3-c7ec-4fc0-9f8d-86c6bd4ab6a7,2026-08-10T14:19:00,2026-08-11T15:05:52.368421,payments,bug,medium
1cbc8979-ac70-4eb1-9278-9976ebef5eec,8fe448a1-24a6-4c3b-a8c3-f8bfc768289b,2026-08-15T09:50:00,2026-08-15T11:30:58.573944,messaging,account,critical
0d165390-a9d0-4a13-89f4-d269f98c2f80,bd8b767f-ac3d-468a-836f-b17f4e91735f,2026-07-26T11:10:00,2026-07-26T13:15:54.144312,messaging,billing,critical
927af1a8-7b25-4af8-aa6e-810c4b735e43,d24379ad-8f99-493a-9b78-791201139ed9,2026-08-17T20:39:00,2026-08-19T20:54:24.037742,payments,account,low
f07969f1-64a8-437a-ad4a-87c90189ab9d,38f32b4f-1c5f-4308-b5ee-2d7c09412bab,2026-08-02T16:29:00,2026-08-02T19:00:55.568494,messaging,account,critical
eb7c2b4f-cf72-4e23-bc93-7efcf01341dd,823b0ad3-9556-48d8-b616-b1e0bd01ce5a,2026-08-21T11:41:00,2026-08-21T17:07:18.697162,identity,performance,high
a6c93b64-f333-48b1-96bb-78e928c0dab7,559a9f47-15de-4e78-a992-ca824d5d8f4c,2026-07-30T00:35:00,2026-07-30T05:03:07.427432,payments,bug,high
21c7e89a-1d55-4b82-9b7f-236354061bed,be4c0ebf-ede4-4e83-aebb-0c0a39b8bf3e,2026-08-12T22:24:00,2026-08-13T16:05:15.930027,identity,account,medium
6162695f-70a8-4baf-a6f6-d9d1313d982c,7bd101bf-48de-4dc4-b8f7-2bebb428b1c4,2026-07-10T02:44:00,2026-07-10T11:00:10.259460,payments,billing,high
2e55ca4c-27f1-46ea-b577-fc8aaf74d83c,f4e0e49c-8d2c-49fb-87c5-c8144a81d594,2026-07-06T02:08:00,2026-07-06T04:41:51.890053,payments,account,critical
6af2bae1-1932-4689-9bb4-e281e5988236,c84d3e47-6516-40bf-83a7-11499f95b6ad,2026-07-16T19:28:00,2026-07-17T05:54:58.854490,payments,billing,high
d530caa4-7bc1-457f-967a-42235c4547c6,622d0b2b-2e4a-4e74-984e-60cdd63fe94b,2026-08-02T15:46:00,2026-08-03T04:31:26.304085,analytics,configuration,medium
bee26e37-4626-490e-b32a-78368b12c743,103b26f7-8293-4217-94fa-9830390b6813,2026-07-18T03:12:00,2026-07-18T08:36:16.034909,messaging,account,high
6f84c99f-b6ab-4bac-9d4d-235d788fe84a,a4316f86-1a09-4e38-84da-af418a7aefe1,2026-07-04T10:55:00,2026-07-05T00:08:11.832374,analytics,bug,medium
f6dc4b2a-1dcc-42d9-b8d8-1fe2375dc52e,e46fa80f-d724-40f5-af82-6ffe1a79cbd5,2026-07-02T19:32:00,2026-07-03T06:52:35.410155,messaging,bug,high
56d2fda7-fc33-4c89-91d1-09f515a7fc90,bf189e76-8d2e-4d5c-8699-c7c1b59a2437,2026-07-19T08:06:00,2026-07-20T01:07:31.330012,payments,configuration,medium
ec5407f2-7831-4cb9-8bfb-0e4b188e5332,c5adc49f-7de6-4503-9452-1dde8f4ea346,2026-07-30T10:53:00,2026-07-30T23:55:21.516364,analytics,bug,medium
122531e4-de31-43a6-a690-6417dbfb037c,1e1c6b77-026b-4d8d-837e-92ec919cb629,2026-07-13T21:26:00,2026-07-14T09:07:04.092008,analytics,account,high
30773740-2c7b-467b-ae54-4ad2d5e1b381,7bdb6389-af3c-49a4-8411-c6400b4f1256,2026-08-04T00:07:00,2026-08-04T15:10:29.157410,messaging,account,low
828c7e47-995e-46bb-9ebc-e5be68e652ef,4de6812e-d33e-4763-811f-5037c0a2b74c,2026-07-30T08:44:00,2026-07-30T12:36:31.899270,payments,billing,critical
c7eedf7d-22b0-46a2-a0db-c227e53d83e2,d0e4d2e7-d084-4e75-81f6-09a6c389d9bc,2026-08-14T08:18:00,2026-08-14T14:05:09.231763,identity,billing,high
b615e12c-98e5-4e91-9d92-4d357f669ab0,358068d0-e81e-4d0e-b3a7-1f72f9e1bc40,2026-08-23T14:34:00,2026-08-24T08:20:10.299419,payments,performance,high
7906c7cf-1937-41bf-bc8d-f94163242ae4,e9d703ee-334b-4e1f-beb8-2ab2ca479b08,2026-07-27T19:22:00,2026-07-28T21:26:41.469154,payments,billing,low
6acd1355-0708-4d89-985e-9a766214e8de,1c47545f-08a9-4c83-aec3-bc42f1830abd,2026-08-22T03:22:00,2026-08-22T15:38:38.897790,messaging,account,low
8e2a57a0-eccc-45a4-95b6-2510bbc0a48b,dd2f480c-71d0-49d3-a822-7ea47efec03c,2026-07-29T23:09:00,2026-07-31T01:00:37.369022,payments,account,low
5cbdcaff-792e-423b-aea3-61766413a78f,11e25430-b44c-434c-9296-6c108e7e24ab,2026-07-13T19:14:00,2026-07-14T05:23:42.197386,identity,bug,medium
6e9b6c29-4866-4c74-895b-09d4b525743a,7033f56f-b14c-46c2-8e28-6e8543b45855,2026-07-30T01:59:00,2026-07-30T09:33:22.942102,payments,bug,high
9ea1943b-70ae-4d0a-89e3-5f559c761e36,aae9366e-e8d0-4fc1-9d7c-cff568a743f2,2026-07-25T03:21:00,2026-07-25T18:39:31.179291,payments,billing,low
33f47e69-6c63-4bc0-8352-cba916945e21,8a76c947-a11b-4ebd-acf8-e26eb521ec33,2026-07-10T20:00:00,2026-07-10T22:48:52.777526,analytics,bug,critical
dc6352b1-3155-4ceb-8af0-d0b73d3197fd,d9a8966a-fa09-4d10-8087-d9e1be02e84f,2026-08-08T04:44:00,2026-08-08T12:11:41.621598,payments,performance,critical
b7091cb1-7e64-4e5b-a6e8-350d123ea447,710b92f0-501f-4bd4-9ec4-02e43cc33ba4,2026-08-01T23:16:00,2026-08-02T03:07:58.283940,messaging,bug,critical
85108031-096f-43c2-b963-a155b2219514,3b3db42b-394c-4dcd-bb9c-3ad83560d6a3,2026-08-22T14:46:00,2026-08-22T17:51:52.910533,payments,billing,critical
15b64db2-06ea-4a8a-abd3-be149e297da4,e1b61a0d-cda4-42de-9688-5f61562301a2,2026-07-04T00:59:00,2026-07-04T07:04:20.478047,identity,bug,high
7cabe31e-600b-45e4-9e1c-c726d6e1b91f,71082105-7781-4b27-b6f1-9aec3820d3c0,2026-07-10T12:46:00,2026-07-11T05:25:18.630766,analytics,configuration,medium
2e835ee7-c92f-4406-b5ba-31964d93a89a,466d63e2-4996-400e-9dfb-ebd209ef6228,2026-07-15T15:30:00,2026-07-16T06:34:59.197859,analytics,account,low
995ce480-d16f-4f91-bf38-3cde71fb1216,fc4efd53-a9ba-4702-a58a-bb4951a87094,2026-08-25T20:31:00,2026-08-26T00:50:38.376388,messaging,bug,critical
0dcc5bf4-46d3-44b6-959c-d381f32af32d,05f0471b-762a-41e7-964a-50b694e5fccc,2026-07-16T00:26:00,2026-07-16T11:15:21.506151,messaging,billing,low
32a30cab-ee75-4fce-a7b6-59c7570aab11,38217f29-4dbf-4571-a956-ae928b0325e3,2026-07-19T17:01:00,2026-07-20T02:18:05.219310,payments,performance,high
4748d961-cb5a-4213-8cdd-e9c2d34c6bda,7131d045-a68b-4a1e-b13f-027375ed13ea,2026-07-28T01:40:00,2026-07-28T17:44:20.063507,payments,bug,low
c77a49cc-8fd6-482f-b20f-156c8756f953,fda87920-7046-4311-96e3-4117378eea67,2026-08-20T00:45:00,2026-08-20T16:14:41.714096,messaging,billing,low
a768da18-e1ca-4b42-be30-4760ea37c0fc,8bfe9cfe-0276-4141-9a0f-7a1c04d5f5e3,2026-08-08T22:07:00,2026-08-09T00:12:56.487848,analytics,configuration,critical
8d289af5-642d-4faf-8623-66a03f69567b,8f6191d1-972c-4831-a640-b1cecaeae109,2026-07-03T08:13:00,2026-07-03T20:01:59.261645,payments,billing,high
74fc1258-b89f-448c-9cca-69a8b1d5a49e,2a324cd0-835d-40ed-ab3c-fa71a2f76015,2026-08-13T02:31:00,2026-08-13T05:25:46.200092,analytics,configuration,critical
c4e11ebc-0242-45a2-8fae-8a1d3beac726,5608e39f-569a-4ccf-af2e-4cb18df4e9c1,2026-08-30T04:03:00,2026-08-30T06:06:16.717182,identity,bug,critical
73ef8256-e050-4aec-bd8e-8641cc1b757a,2447b766-eab9-4758-aea4-96bf15bfd4e9,2026-08-04T17:16:00,2026-08-04T18:54:01.862787,identity,billing,critical
82e43a84-42f4-4120-b994-728daf9bf34a,ae736f1a-d10c-470d-8931-7eec5cacb762,2026-08-10T00:37:00,2026-08-10T16:39:41.802092,messaging,configuration,medium
93d82618-c012-4be8-9710-4393bb8ef8cc,400ef484-a147-4970-8ff6-8153e3a61944,2026-08-21T08:36:00,2026-08-21T19:08:33.833807,analytics,billing,low
eba5e388-5921-4a93-bb9b-9755cc8a5764,a9108f54-afbd-4b4f-9f6a-3161f7e7653d,2026-08-01T07:01:00,2026-08-01T19:39:35.602346,messaging,account,medium
ec0e1e75-e493-45e0-bd91-c87b50e6d9ec,02d1d279-f018-4d20-981e-e712f4e067dc,2026-08-05T05:38:00,2026-08-05T08:51:05.314339,messaging,account,critical
8f04229d-f729-4298-bd98-0389a3063f1a,5d73fe0e-73f4-4054-82b6-31fb145496a1,2026-07-22T10:46:00,2026-07-23T02:52:23.322866,messaging,configuration,low
651c67ee-83d8-4e8b-8854-d8db09948676,5e39845e-a6ac-4dc8-bd4b-06b7282d319b,2026-07-04T03:51:00,2026-07-04T05:52:07.092906,payments,bug,critical
84b414dc-1edf-4adb-a578-0613f864ffb2,c2c948d6-1a2d-4382-bd1e-0cec0a272762,2026-07-16T05:10:00,2026-07-16T11:40:43.598907,payments,billing,medium
89ac11f2-dce7-4162-9af5-4e54323c9349,77d56a42-8f35-4c56-83cf-73bd5fbe3f50,2026-07-08T03:11:00,2026-07-08T19:11:33.470727,messaging,billing,medium
e66533fa-7cc3-4f9b-b15d-61116e56b326,8d090405-4697-4ce0-8752-1295a6bc0908,2026-07-24T11:21:00,2026-07-25T03:20:08.825115,identity,bug,low
795e764f-259a-4fc1-bd48-53471b2cd68a,d3eba936-3b25-4d9f-b198-40005e3e2898,2026-08-06T04:02:00,2026-08-06T08:17:05.348636,identity,configuration,critical
d6ad9ec4-95a5-466a-912b-af9afb6a7f3e,aa942be5-ec71-46f0-b198-00e939ff4dd3,2026-07-02T03:00:00,2026-07-02T04:56:56.137052,messaging,bug,critical
cd2c2459-ce24-4ee2-ac0d-2bafc3f82320,9d03ea60-2634-40d9-9e46-bdf65bf5ce51,2026-08-21T13:44:00,2026-08-22T12:52:36.316844,analytics,bug,low
d83d09b5-c767-4ea3-9af8-48cb28816887,9bac438d-08db-4394-be78-f3af4e553950,2026-08-18T18:06:00,2026-08-19T01:09:51.652019,identity,performance,high
bcbd10e7-eb2c-42c3-b214-d0f4e9336695,654a4c00-3521-4496-a84b-2ed7899de024,2026-08-14T04:46:00,2026-08-14T14:04:17.890936,messaging,bug,medium
3c9399f7-dcf2-4afc-9f00-02863f750166,7937f9d3-b73f-46a5-a556-12738d7c61e6,2026-07-14T02:15:00,2026-07-14T06:25:07.401510,messaging,bug,critical
787523df-021f-46d3-b328-22c8af83e2f6,5afa38a8-0faf-44c8-8735-ec7393bdfa03,2026-07-31T04:09:00,2026-07-31T08:24:45.017815,payments,bug,critical
6dbd1be5-8807-4c4e-be63-41fa2a35c3df,9b354249-aefc-450d-9cc1-272839388ffd,2026-08-03T21:36:00,2026-08-04T04:05:15.339778,analytics,configuration,high
f9efd0a5-914e-4769-b2c5-0701e70005f9,5f9722f8-f72c-48d4-9b5d-515e985c71f7,2026-08-14T17:57:00,2026-08-15T03:33:20.755333,analytics,billing,medium
9eb2481a-a2d5-4d0b-aa5a-403ab9a2d2f2,6bbda5b3-2641-45ad-9ae8-33f7db71ce71,2026-08-10T07:59:00,2026-08-10T11:17:53.774631,identity,configuration,critical
d0eadacf-1bfd-4c65-8b90-9ee1fa218f91,4da6f98e-8907-4340-8513-0fe0368324de,2026-07-09T03:03:00,2026-07-09T20:00:40.297194,payments,performance,medium
a079eaed-b2d6-40dc-9952-03476a8191ad,901aeb2a-5441-435a-9bcf-f6d23e561ff1,2026-08-07T01:28:00,2026-08-07T12:02:05.300901,messaging,account,high
41e9fdec-9ae0-46c9-b26b-2835168134b5,2a0873d6-edcc-41e1-b0a1-ea7face60e64,2026-08-16T21:37:00,2026-08-17T15:02:04.077611,payments,bug,high
96821ff5-a1d6-4e9a-bec4-c1392db1777f,885cb1ea-1a16-472f-9d35-8a5305e07605,2026-08-06T17:12:00,2026-08-07T15:01:44.725205,payments,account,low
e24c6929-4c7e-45d1-93d3-db45331b7ab3,7a52c832-2f56-4ed2-a915-131602d59281,2026-07-19T06:29:00,2026-07-19T23:41:57.873630,analytics,billing,low
be4c9c90-f597-44af-afbd-3e55ca33b027,daf08140-bef3-4ece-8198-0daec5a6fc60,2026-08-02T19:15:00,2026-08-03T14:18:30.566161,payments,configuration,high
029a3832-ac6d-4192-8326-a67095bce584,a950270d-3612-42e5-a664-48a69551b325,2026-08-15T23:27:00,2026-08-16T12:48:17.588529,messaging,bug,low
9b4260bf-fe1e-4baf-8736-6677db83a085,3b8a5cf8-4d07-41ad-aa2b-56bbe5c04585,2026-08-14T11:46:00,2026-08-14T15:01:38.306683,messaging,billing,critical
5ce5e21b-9df3-4185-aa8c-63ba22a5d97f,1d861970-ff31-4d80-b3eb-0227d710435e,2026-08-01T20:03:00,2026-08-02T06:02:30.080673,identity,billing,high
b3aa0eba-8e96-44ff-979a-c4e62dc63335,d0b1ecf4-df3b-4358-b58a-c98bc96a6243,2026-07-09T05:27:00,2026-07-09T07:05:56.231263,identity,bug,critical
20bcd723-5526-45e6-b34a-1a5e1b8c4844,ff18d43c-f9ed-4ac7-9328-1a553fd3f987,2026-08-22T02:07:00,2026-08-23T03:33:17.582336,payments,billing,medium
5499ac8e-398d-429c-92c4-cb1576a8858b,bf69342d-bd2f-4889-94d2-3158e954685c,2026-07-25T11:49:00,2026-07-26T12:22:48.019471,messaging,account,low
734611dd-0498-452b-9d3b-2aa59804202a,3e759bbc-1f74-4c98-9770-bac2e4536eda,2026-07-01T19:26:00,2026-07-02T08:38:49.332261,messaging,billing,medium
e3a71047-fbb4-4966-a188-135871cc692f,88804d0f-4bcb-4454-965f-0ed3c92ffb76,2026-07-01T18:29:00,2026-07-02T04:11:06.926057,payments,configuration,high
c9509933-1d4e-468d-bfdb-69327e51001c,020e498b-f3f8-48b1-9d7f-574b5b46f2ba,2026-08-28T12:05:00,2026-08-28T16:08:17.130669,identity,performance,critical
0bbb5cf6-b366-45f4-ba7f-1f0c7a2e24fb,6ffd457d-7f55-43d8-aaa6-ed9cae9a8b7f,2026-08-11T18:41:00,2026-08-11T21:05:23.166986,identity,billing,critical
d5125da2-020b-4194-af99-3c843efe4fbe,1a186bbe-16b1-4cfc-93a1-85aaf7665a10,2026-08-17T09:21:00,2026-08-17T18:28:56.122710,messaging,account,low
f3fa1cf6-d074-4551-be3e-acf567ba97e1,1fdbdc5f-9a61-468d-907a-6573733070af,2026-08-30T06:56:00,2026-08-30T13:19:16.106676,identity,account,high
7ef69ff2-c3bb-4494-a852-e05cccf0ec7e,17afa35b-2ff0-47b8-8d03-799c0c3c7646,2026-07-10T20:09:00,2026-07-11T08:03:24.795816,messaging,bug,high
5749ff7a-fc0a-42f3-83e2-ea94958e046d,bb73278e-6e9d-45a0-843a-ff8f5fafb33b,2026-08-28T07:24:00,2026-08-28T16:38:56.244631,identity,configuration,high
faf47769-682d-44c3-8e8d-6a32755041f9,a08529a0-a4a2-4982-ae96-db56a21c3e03,2026-08-29T07:09:00,2026-08-29T19:21:27.082897,identity,billing,medium
81a1d127-3d7b-49ba-b572-ae71ddc8924d,430ce830-2f38-4b03-b15a-05b62e5493d4,2026-07-22T20:56:00,2026-07-23T00:24:53.727496,analytics,account,critical
204bb33b-1e4a-4ea6-b9b9-0314c35d759e,dd3bcf28-3afb-45e8-b0fe-cc187e4452e8,2026-07-13T17:40:00,2026-07-13T23:44:31.476654,analytics,performance,high
7f9a9ae6-e1bc-4c95-bff2-91236cf763b5,16734aff-a4b9-499c-85b4-0d995a0a344b,2026-08-08T02:22:00,2026-08-08T21:51:39.935916,messaging,performance,low
fa43217c-d643-4fca-86ee-7afa75ba1a4c,f332591d-3eb8-4094-8616-84ee727d9873,2026-08-22T01:38:00,2026-08-23T03:15:28.096306,payments,configuration,medium
d3e62c9e-64e8-4f54-84f9-01c16a254cb8,530af2e5-8648-4fc2-a7d4-4edfe4d38f14,2026-08-28T02:25:00,2026-08-28T13:10:48.074234,messaging,configuration,high
47b23460-bfa2-45c3-b872-594d3fc7b880,9a9b98fe-cb1c-41fc-ad93-75e630f99b16,2026-08-29T20:34:00,2026-08-31T04:01:11.880999,payments,configuration,low
f78c2f2f-ad1f-431b-b6a2-932fdde465ed,8e5682d1-c7b5-4523-8225-ffc609c458a3,2026-07-24T13:02:00,2026-07-25T02:02:02.027546,payments,configuration,low
0aad963f-b838-40ab-b370-38ce936a9492,72b46786-942e-4c9a-ab78-729b6790c4ad,2026-07-21T07:52:00,2026-07-21T14:50:24.453977,identity,performance,high
932241b0-478d-4538-acc6-d22104505c11,034f8480-93d0-4a50-bf52-4fe97c976757,2026-08-23T07:11:00,2026-08-24T00:39:10.769585,identity,performance,low
31f5e793-7999-48b4-bc7a-517fd36c2261,bf2afb89-6f4e-4541-aa53-feb3f8281cda,2026-08-27T17:51:00,2026-08-28T05:51:20.622578,analytics,performance,medium
163fbd33-114f-47e7-9247-ba5f6c4da4a2,fb29e822-a896-4fec-bdbe-cc6c919aaced,2026-08-04T17:46:00,2026-08-05T18:26:31.024684,identity,performance,low
bd6c1d12-a599-4180-9c8a-3e85ebfb6ba5,3cf35970-3e2e-4782-97d6-692e338cc4c7,2026-07-14T17:22:00,2026-07-15T00:38:24.725186,payments,billing,high
27ffa65f-d53f-43d8-b339-f94705dc01f0,64730c7e-d423-46d5-858c-807061707e22,2026-08-21T19:52:00,2026-08-22T06:45:56.945568,messaging,billing,high
8f6d8ec4-1f6b-4356-ad94-823174dda98c,d6f152db-3f4d-413f-88c1-123e62c438bf,2026-07-17T09:59:00,2026-07-17T19:01:53.743841,analytics,performance,high
d37a3f7d-ff52-4534-8f44-2973b0204ea6,6a74d42c-05ef-4961-a486-d787bff25662,2026-07-17T02:16:00,2026-07-17T19:24:13.049211,identity,bug,low
7a5d348b-75f0-462f-83dd-9d48342a005f,5dffe8a8-5dac-41e1-a4cf-207d5837b8b6,2026-07-20T01:24:00,2026-07-20T13:16:29.730315,payments,account,medium
1d6c8ecc-f9d8-49b7-ba56-b40f16f93457,51ad66f5-e54d-42b4-a287-09e2375e55c7,2026-07-09T00:19:00,2026-07-09T03:43:01.665440,payments,account,critical
4eda719c-9607-4786-b690-75f710076af8,af19e4db-ca94-4b52-9b3e-a3cf0d45d0e1,2026-08-06T17:13:00,2026-08-06T18:43:50.426686,messaging,performance,critical
ee7df704-340c-4bbf-937e-6d0f0ae63427,26ce2abd-427a-4604-a781-e45dbd08e8e8,2026-08-18T14:03:00,2026-08-20T11:09:03.625586,payments,configuration,low
c3c1d066-56ca-4330-a863-cf1fb7b34c2d,cd53163f-e7fe-4376-870e-5f60dd6bf200,2026-08-18T08:03:00,2026-08-19T20:33:16.763360,payments,bug,low
d08e7445-c228-483f-afaa-2afaf62bfa5a,e79fe822-2984-479d-a6e4-14952f7971aa,2026-07-23T15:33:00,2026-07-23T20:34:53.207052,payments,configuration,high
33b7ace8-743a-4ff6-b0b7-3b8009fa4aa7,3819835c-0893-42aa-a871-42674ea38f44,2026-08-04T21:52:00,2026-08-05T21:41:45.080163,identity,billing,low
2c222ec9-e6be-4366-b5cf-658796693d3d,1b848c1f-7ae1-40eb-aebe-b0d0e2303647,2026-07-28T03:25:00,2026-07-28T10:53:09.558625,identity,performance,high
e9919a3f-ca0d-4ea7-a495-565640223cd5,14465ec6-67e4-40e9-89a8-c17c59327f87,2026-07-13T04:16:00,2026-07-13T14:16:03.328769,identity,performance,high
65524d46-46f7-4246-bc99-92542d752481,9035523e-b255-416a-9909-4f8ec146ff8f,2026-07-16T00:11:00,2026-07-16T08:52:30.682896,messaging,bug,medium
3f5686ff-5c0f-4034-bb7d-8cb61def2c5d,236dfa75-e90a-4750-9d74-1e3a96c6eac6,2026-07-12T22:37:00,2026-07-13T06:05:40.597612,payments,bug,medium
21f09115-be28-489a-b9cd-e8dc1ed4a259,4c328239-5821-4a14-ab09-3239eab86aac,2026-08-29T05:07:00,2026-08-29T15:17:11.990304,analytics,performance,high
f714102b-e963-472c-ba87-07a1a1f6ef43,99a60f4d-feb4-4cc3-9453-6b9b5160f2e5,2026-08-26T17:15:00,2026-08-27T14:09:55.650546,analytics,account,low
a5923ab5-7181-4504-91c7-fd8318fab0aa,70801432-dec2-4b2a-b29e-82cfe7902d7a,2026-08-29T11:44:00,2026-08-30T04:14:07.056624,analytics,bug,low
11291f6a-d014-484c-a92a-f5d984100c44,78e47bc0-6549-401a-bf08-78d166d05850,2026-08-04T14:40:00,2026-08-04T22:27:42.614544,analytics,account,high
5e541018-d3b0-4cfc-ac51-a19be4f00952,e4222820-8f8c-4a29-b290-03c962b6120a,2026-07-14T22:30:00,2026-07-15T05:52:01.097945,payments,bug,high
f935dfc5-29d6-49a4-bc8b-aecc5fca6f49,2637e1f7-6bba-4592-b5d3-11624c29e533,2026-07-10T04:35:00,2026-07-10T15:36:33.272477,identity,account,medium
b9ef5c99-288b-4b1a-b658-98b9137f089c,fe79b4e3-9728-4785-918a-3a971722fb3c,2026-07-10T13:11:00,2026-07-11T12:18:32.452288,analytics,configuration,low
fd86a20f-56dd-47aa-9124-b27726cc2c6a,047c6f8f-bb28-4bba-b546-f306a67a7a85,2026-08-15T07:19:00,2026-08-16T10:55:14.085355,payments,account,medium
f1ee7ceb-887c-4a72-a9f1-c80a56a0a43b,5870cdad-972b-4187-91b4-32534fd43ac6,2026-08-17T14:49:00,2026-08-17T19:06:41.627347,payments,configuration,critical
c6a88c32-5fc5-4f49-bad7-eddac821d4be,2cfe9b92-c0e3-4bb1-b347-ad0cdbf55ff8,2026-07-04T14:04:00,2026-07-04T16:33:30.519055,messaging,billing,critical
5869d92a-0a0f-4887-b8c3-c7226a40859d,6023a9b5-9bdc-48ba-93a7-c221a0880ff6,2026-07-01T05:58:00,2026-07-02T06:00:03.044309,analytics,bug,low
b104b885-24de-4aca-a119-2cce4b0095d1,e15326f1-080c-4b23-81ac-a116de32ff87,2026-08-30T21:30:00,2026-08-31T20:31:53.299223,messaging,billing,low
4d6eb9b0-80e8-4011-b228-8f307c32a19c,8da4d6ce-f67e-4e53-aa68-034a74f10181,2026-07-07T19:56:00,2026-07-08T07:24:51.653341,analytics,configuration,medium
6e6815ea-b0f2-44cc-be3a-558b6cf2e06d,9d423fad-43d0-42d2-be81-f334d4b0149e,2026-07-27T22:40:00,2026-07-28T09:27:47.617696,identity,performance,low
f6ee639f-4003-493f-a0cd-75d2c0fbd4cb,bade96c6-da00-4d8f-8e47-8894b08e684f,2026-07-16T21:38:00,2026-07-17T08:02:45.967757,analytics,configuration,high
1164d34b-7239-42cb-a86b-c9b1b9b894e5,513c56cc-5ece-4415-8c9a-6187cf26ba52,2026-07-29T11:07:00,2026-07-30T11:26:20.734364,messaging,bug,low
397df752-076f-4326-b4e2-78f6858d82e3,c99a5d95-f70c-4268-b630-110579161b51,2026-07-05T04:14:00,2026-07-05T14:10:38.147686,analytics,billing,medium
a54c290a-1d79-450f-8f70-097117f7000e,00712c7a-0e6f-48a4-a30b-b1ad504b12f4,2026-08-09T20:12:00,2026-08-10T06:43:10.971539,identity,bug,high
17692840-bce1-4d15-b0fb-91f7a6b7f377,cd04c20d-a18a-4d30-a244-53f62633f313,2026-07-17T15:29:00,2026-07-17T19:52:12.947246,analytics,performance,critical
d0ed5576-ce12-4141-be28-2cea0d9d4089,83f1a570-7877-4b0f-8f7f-e6bfc2650ef7,2026-07-25T17:49:00,2026-07-25T21:15:47.542026,messaging,performance,critical
bf273123-8f8a-4e1e-a98d-c7be764d3113,6e178fd9-917f-47aa-a59f-080e3c862384,2026-07-16T04:20:00,2026-07-17T07:00:05.682250,analytics,billing,low
1ddc7e2c-28ea-456b-aadf-1bcb4b5849ec,018e73b0-b579-41d8-9624-807f7490ddda,2026-07-15T12:12:00,2026-07-15T16:06:24.459668,analytics,performance,critical
1dcd7920-db76-438b-aa75-451a6b7520f3,72d22783-ee13-4bce-874f-fb0985a1f3de,2026-08-09T21:10:00,2026-08-10T04:04:26.953887,payments,account,critical
0ec57b1d-2e93-440f-8d47-6ff179f1a4ff,30941157-6a38-403c-af2d-ecb92cc5cbf4,2026-08-25T15:31:00,2026-08-25T19:46:40.298245,analytics,billing,critical
4f9b5300-1199-4fb9-8552-a95e05dc567b,fec95e08-8eac-4b08-887d-981091af8f1f,2026-07-11T06:42:00,2026-07-11T16:50:24.175813,messaging,performance,low
d7c5a74c-9b59-4296-8f41-47e9aa5f736e,eda7acd6-d663-45ac-a5e3-6bfa62c55e8c,2026-08-29T14:48:00,2026-08-30T08:32:05.088086,identity,bug,medium
00d700ca-9a54-417c-81da-49f9be3163bd,a309d59c-fa45-4ced-8203-6a2fa1008228,2026-08-30T23:17:00,2026-08-31T16:04:28.544381,identity,account,low
d9142c6e-ea45-493b-bfab-0d6ab668724f,0383a5a3-ac5c-460d-a3b9-a0f297cecc26,2026-07-23T15:01:00,2026-07-23T16:57:45.468084,messaging,configuration,critical
98e2c06a-edf1-4449-a155-080551db4924,6a4c8f36-d2d6-4a0e-8320-492b362fe61d,2026-08-20T19:43:00,2026-08-21T07:47:00.519105,analytics,bug,medium
73099aa8-1dc2-4ef5-a6fc-e8868e389da0,26f831d8-739f-4421-a7e6-bf64f4b28f30,2026-08-12T17:10:00,2026-08-13T15:41:32.664068,messaging,billing,low
d19aea8d-8c9f-47d0-ae4a-1c12882617ff,f8dbc967-77f2-483d-8968-b24888b552e9,2026-07-30T04:26:00,2026-07-30T08:50:10.100578,payments,configuration,high
06f5167d-09c1-4250-a8f8-f31a5b1cfdeb,d5de47ce-8f38-4b59-b9ae-78abec9c7eb6,2026-07-21T06:30:00,2026-07-21T13:26:45.481737,messaging,performance,medium
bed28c1a-6026-4fe2-bf1f-d8688cce9153,b5048d38-0a91-4b89-972a-3309270d6ba6,2026-08-10T10:20:00,2026-08-10T13:10:28.335695,messaging,bug,critical
b11b6386-d487-473c-b5fd-7962985a0f8d,d7a15e22-d22c-4bfc-996a-4ae4daed1eea,2026-07-11T19:19:00,2026-07-12T11:34:42.889901,messaging,bug,low
c26a1424-86ac-419a-a235-2a6fc2c22104,1a020f4f-22b3-482d-af9d-4ae44aabd04c,2026-07-04T06:16:00,2026-07-04T17:23:15.193886,analytics,bug,high
206dbac5-02f6-4dd3-b666-6b8bad28642c,4057b183-d35e-42cf-9d1c-3de7ab036a48,2026-08-21T04:26:00,2026-08-21T16:51:55.674037,payments,performance,high
dceb59e4-b0b8-4c4f-bdfa-4aae4a4b4783,733a0fd5-0dcb-4a8e-b8f0-35d53f50723f,2026-07-05T22:33:00,2026-07-06T07:01:52.344339,payments,performance,high
a5b6d298-3989-4b88-84e8-9426d15a4eea,87f2b1cf-6d34-4c04-bb17-b71a8765bc3b,2026-08-26T09:52:00,2026-08-26T11:42:31.452270,messaging,configuration,critical
15232208-d5a6-4294-b23f-8a65e6ef6c3e,95f045d3-5815-46db-bea9-5500c4f35835,2026-08-29T23:24:00,2026-08-30T11:42:50.404650,payments,bug,high
434f50b3-3526-479b-a493-0daec5c2aba7,2928373c-740e-43c3-b0de-8e8b082d0dcb,2026-08-27T16:15:00,2026-08-28T01:52:00.366334,identity,account,high
c195678c-7c7e-496f-82b0-446abde740d1,fda5e473-6ce1-4a10-9491-f2e85900e263,2026-07-05T04:00:00,2026-07-05T19:51:43.430108,payments,performance,medium
a7da8408-5549-4b1e-9ff2-3f01df058595,7e5f6310-8c47-44d3-8b0b-cd54d6e5dbb9,2026-08-07T05:56:00,2026-08-07T14:11:01.874903,analytics,configuration,medium
620e441e-da86-40ff-baa1-4b4c6dde5a9f,a7abe831-4236-4b7b-a608-29b91eab27bc,2026-08-05T18:17:00,2026-08-06T20:33:57.428229,payments,performance,medium
f4ccf792-cf80-471d-9b34-721885374fd5,87036756-b125-4271-872f-eab534a51933,2026-07-10T19:25:00,2026-07-11T18:18:55.007252,messaging,bug,low
65b42fe3-6d24-47e9-a9ad-f336983ec475,066f096e-3eb5-4859-8d33-9f71291d2b91,2026-08-11T00:08:00,2026-08-11T17:41:58.525468,messaging,account,medium
c304d4cb-49b0-4169-ae5b-3db1cd96bb14,275e5897-d710-434c-976e-3582708edc03,2026-07-01T09:28:00,2026-07-01T13:28:59.213995,analytics,account,critical
9295250a-4eae-47ea-bdf8-5dc9276af4c2,bc8a62b6-7f82-4d79-8e78-3ed231a5c05a,2026-08-13T22:58:00,2026-08-15T01:32:43.264897,payments,account,medium
268db13d-0ff6-4a2a-93c8-bef31fc6636c,7b0c9f65-16b3-4ef8-8ece-081c9be7a851,2026-07-12T16:27:00,2026-07-13T00:28:58.371437,analytics,performance,high
291b552a-bfe8-4fa2-a564-a116f49f4e7b,682b1e3d-56c5-453b-b074-7049cecb7fe2,2026-08-05T00:18:00,2026-08-05T09:34:59.342014,messaging,account,medium
f4793904-b899-438d-b5ef-cb429140b335,8b79d303-54b7-4d93-b508-c77cf27467e9,2026-08-01T04:59:00,2026-08-01T12:38:29.376244,identity,performance,medium
10f1882c-fae7-41c6-97a0-298401afe3bc,48d144e5-ef43-4de0-b006-0e7890476599,2026-08-24T20:14:00,2026-08-25T05:55:41.981464,identity,account,high
288aec22-4786-4046-a604-1e406b7d4e40,72ddfe1e-2485-4548-94b3-9235d1b0adb5,2026-08-20T09:19:00,2026-08-21T09:35:55.271737,payments,billing,medium
80ac5673-7a56-4a2a-9d69-0adef354df5d,7bc86e51-4cd7-4d98-b91b-d005986ce4dd,2026-07-27T10:46:00,2026-07-27T22:48:48.196567,identity,billing,medium
0ecc1dd7-0982-45d1-b38f-478bed9c489e,1df5d45c-5028-4864-95d5-17b3b1f32ad3,2026-08-27T23:16:00,2026-08-28T07:45:53.670090,identity,bug,high
9f108add-c0fa-4662-9985-21e673ccbdf7,58ca7a68-50f0-4be8-9c79-b899b53c0d27,2026-08-23T01:09:00,2026-08-23T12:10:11.344367,messaging,account,high
31048bbc-3de6-4863-a3c5-ad324b92287f,6336ea62-e50b-4424-b07f-54c7f42a79b2,2026-08-08T10:43:00,2026-08-08T20:10:17.634753,analytics,account,low
fdf4cb7a-939e-4503-983e-4003ea39e41d,f28cebff-0005-4d5a-9c24-024af2036a53,2026-07-14T05:28:00,2026-07-14T14:40:13.461240,analytics,bug,medium
89910bbb-b042-456c-b12b-43260e671d4f,5eb689c0-ac26-4629-ab09-591d070563f0,2026-07-15T15:34:00,2026-07-16T07:38:21.294385,identity,configuration,medium
d9ff59fc-6efc-4c25-b9db-fc9b38e0a756,a4f5440e-aac9-4c0e-ad02-98f9602361ac,2026-07-27T20:44:00,2026-07-28T12:11:22.621940,payments,account,low
01526e9e-d70b-4262-8da4-872b7ad04311,363f731a-5812-40a4-97c3-d8d5fa1d4fae,2026-08-11T04:42:00,2026-08-11T19:36:32.230190,analytics,account,medium
a37d3bdb-6126-4656-aa4d-ea570553f108,8eaa76d6-6b8e-4b75-a192-4df38b43b11b,2026-08-21T02:06:00,2026-08-21T11:38:36.558966,messaging,billing,high
2537d4a5-9a97-44b4-a407-bc9a8c7ee4e3,0c717a83-e613-4570-8821-18e968b9d61d,2026-07-05T06:37:00,2026-07-05T10:59:12.381276,messaging,performance,critical
4283bca7-27a9-4a10-9950-4d41ef2b6fb6,1e1e72ec-5888-4350-9f51-fc89c56a327f,2026-07-29T11:00:00,2026-07-29T16:37:28.912015,analytics,bug,high
55817e82-1122-4218-8619-022559f2ce35,cf5d892e-e673-4e68-8588-f5fff2917720,2026-08-10T07:53:00,2026-08-11T11:26:53.170901,payments,configuration,medium
5825e114-cb8e-40f4-80d8-9d06e9dd4638,28b361bc-21cb-436f-82ab-e0526f207621,2026-07-18T14:42:00,2026-07-19T08:30:05.183578,identity,performance,medium
6d3accc1-1a6f-41a5-ac5c-8bef6700eef5,28310424-fc84-41d5-a82e-c19297caa847,2026-07-07T18:40:00,2026-07-08T10:27:22.445113,payments,billing,low
3f599e9e-2f57-4a6c-a992-b86845d6cbeb,dd303260-a405-49ac-9627-e8f8ba8e223b,2026-08-09T00:05:00,2026-08-09T05:07:25.916067,identity,account,high
f75d4b05-2286-497d-8d3d-550769138fdd,e66b9780-db20-42e7-a943-3052dba83fdf,2026-08-23T03:44:00,2026-08-23T11:27:50.342540,identity,bug,high
d22ebade-9b89-44ce-b2e1-f2ba5b0c0d60,cc6e75bc-bbea-4500-b324-925be5e8ca22,2026-07-15T02:10:00,2026-07-15T10:56:30.153562,analytics,billing,high
6db8671e-f801-4871-86f9-ca81690c47f7,d4a275bf-edfb-4375-bbdd-1911325c67c2,2026-08-26T22:08:00,2026-08-27T02:42:58.966910,identity,performance,high
d9fd87c5-7981-4a42-b7ac-7af6bc975d62,8806730a-677f-4be1-9a73-d4c72e9c43e4,2026-07-29T22:22:00,2026-07-30T21:31:09.533909,payments,billing,low
ec4e642c-8e18-49a3-8c83-5ed07e71d160,cfef7aee-3352-457f-b1f2-b55c12b16816,2026-07-15T12:09:00,2026-07-15T13:55:33.011983,messaging,account,critical
151cb07c-089b-4816-936f-27d519d6a1ac,a233b635-20e2-42aa-a385-2e6ccd70c086,2026-07-21T03:12:00,2026-07-21T10:05:10.977350,payments,configuration,high
4ffc782c-730e-47f2-b687-01db3b082f50,e0631f99-6e45-47ce-8d30-a76fd42985b5,2026-07-20T21:12:00,2026-07-21T08:15:53.982451,messaging,account,low
dc6ed138-4808-4bca-9ed2-32824579cdb0,d60646da-f8b6-409e-8869-f5c8a574ad16,2026-08-01T11:51:00,2026-08-02T05:21:24.342454,messaging,billing,medium
693ec80a-d5ba-4f2b-bf76-9daacc75e205,c24611f9-6b3b-492c-bd76-b5ef4ac1012f,2026-07-30T05:05:00,2026-07-30T07:21:11.178012,messaging,bug,critical
14577a1a-575a-4d28-94ce-57d893eadba5,e4c234cf-4868-495e-aaff-02389d987def,2026-07-26T17:50:00,2026-07-27T01:56:52.100988,analytics,account,high
7adf930c-1f7c-4680-b75b-0b226fc45920,a0020eb7-f90c-49b1-9977-def838fb3820,2026-08-16T07:20:00,2026-08-16T21:40:08.921228,messaging,performance,low
4c2c1952-45bd-4c75-b71b-91cd4f32c04b,a6d305b9-7cd2-406c-aa99-d5492fe26440,2026-08-29T07:17:00,2026-08-31T06:12:19.426644,payments,configuration,low
2e6c429c-65de-498e-bd08-a60f374b2ced,88844240-b628-48d4-a26c-8910c079251f,2026-07-16T05:40:00,2026-07-16T19:42:38.477449,analytics,bug,medium
94d6d866-28a5-43d1-9719-2a54e3767f9f,1849e4f6-d3c6-4df8-91eb-fec73b04933f,2026-07-20T09:41:00,2026-07-20T22:08:10.982046,messaging,bug,medium
6bf0e5c9-cf3b-496f-99cc-da4b9ea5f32d,59ddcd2e-e0d9-45f3-81a6-b869276cc1fa,2026-08-09T14:47:00,2026-08-10T08:02:57.795245,analytics,billing,low
2695a0fc-8c47-415f-aa7e-c5dc2911529d,36a3b25f-fbc4-4d73-91f5-4e415064ac8c,2026-07-31T04:38:00,2026-07-31T14:36:36.570994,analytics,bug,low
e805b02a-1c4f-4b7e-9bde-1c26a9c0c7ba,e0a2a5c7-e2b2-40c3-9c75-3438029452e3,2026-07-23T22:18:00,2026-07-24T15:13:54.620015,analytics,account,medium
3695e66f-c560-47c7-a585-4c674b87e994,74189485-787a-49de-91f5-d47cab2329dc,2026-08-07T02:29:00,2026-08-07T05:16:56.670374,messaging,performance,critical
9b03c133-6ba2-4cee-acdf-e21c5640477c,4ab4c57e-3fce-44af-92b3-b159b26eb75c,2026-07-02T12:53:00,2026-07-03T09:25:44.193972,messaging,bug,low
d40c3583-73c0-4682-b8db-764691e1899f,d0783323-b747-4f25-9f25-ce85a81ea81e,2026-08-26T06:48:00,2026-08-27T04:24:57.155634,analytics,account,low
a583c0c6-bf6d-472d-a4ff-017fdcae6d02,0c28d490-fe4c-4f5a-85cd-9f603d19011d,2026-07-07T14:34:00,2026-07-08T04:47:01.411605,identity,account,low
a42b5808-7655-4c57-b9ae-632e5c37dbdf,76186581-1cc6-469a-af5e-17cf32ce1621,2026-07-28T10:18:00,2026-07-28T12:56:39.266604,analytics,configuration,critical
75e420c1-e61c-4c80-8698-2f9a4d23965c,a00ec428-94e7-42ee-bd0c-cafbded9854b,2026-08-30T03:22:00,2026-08-30T15:46:05.807397,analytics,performance,medium
13a2ad7c-bdc1-4725-83c4-7e412f63632e,7a6f8bd2-4a72-4693-8f53-2094a44d479f,2026-07-13T09:55:00,2026-07-13T21:35:51.866834,messaging,account,high
7e1dca3b-ee44-4cdc-a2d0-3210c6a9add1,6ca3b467-8b77-4280-b5f1-fc4328a07dd5,2026-07-14T02:44:00,2026-07-14T21:41:48.367367,identity,configuration,low
1dcd68e8-62cf-4dd0-9474-4c380c78e5a2,ef904052-1d96-4c94-903a-ad110a193d6b,2026-08-20T12:34:00,2026-08-21T04:55:46.680430,payments,bug,low
8f3f97a6-1719-4704-a064-98be9b82f758,1f7b9977-1a2a-4041-b865-d8f6faf944dc,2026-08-24T07:24:00,2026-08-24T21:53:03.986672,messaging,account,low
633b03e7-19d8-4dfb-8107-a604a637f76b,3fa515d6-9a39-4573-aabb-5ce78b2cc0b5,2026-08-01T07:09:00,2026-08-01T21:25:35.810844,payments,performance,medium
edd35994-9082-4269-9620-d3988ba33161,6f059c46-7c42-4eef-a0bd-0ec05ef81e62,2026-07-21T02:19:00,2026-07-21T14:34:51.997413,identity,billing,low
41b4ac61-5784-4147-a773-8b1080ebc587,a06c986e-7bd8-490c-8643-c43f0d6b8f05,2026-08-21T15:16:00,2026-08-21T18:42:02.484750,analytics,account,critical
afeffd19-2abe-4b2b-b98b-4bfb0e5ce492,321a3d26-4d06-46bf-ab42-6ab7b184d7a9,2026-07-07T15:47:00,2026-07-07T20:34:08.229160,identity,bug,high
db442655-3e69-4e9a-b1db-21f212ebb51e,d6f84e0a-9cb0-4be3-af0d-2365a84fa8c1,2026-08-22T20:19:00,2026-08-23T01:20:32.596222,messaging,configuration,high
3fdfcbbe-34d6-4174-b013-420eee3d8ff7,bb512366-0618-4f7f-9a1b-1fe6da90bb63,2026-08-29T15:54:00,2026-08-30T08:01:15.697888,payments,bug,high
3bb007dc-c9f1-4c01-9816-be5f6d54c02c,83e040ef-c363-4369-a75c-f2c09f712682,2026-07-18T14:42:00,2026-07-18T17:11:06.137645,identity,performance,critical
a904215f-70f1-4e9c-afdd-c74f9f5b0d5e,7abfd3f5-e7c5-4146-ba43-b507e4bed3b1,2026-08-30T00:31:00,2026-08-30T13:18:11.846742,identity,account,medium
f8903196-ffd1-4a60-9c3d-db7c51081202,cda7aaef-b018-4f52-a052-9ea6dc6fe6fc,2026-08-03T04:14:00,2026-08-03T10:17:28.737331,identity,performance,medium
5b34537b-a694-402c-b72a-6faeea4a0010,d8b630f0-c0de-4984-b393-dde3682bdc86,2026-07-23T09:46:00,2026-07-23T20:29:15.169693,payments,performance,high
667cc2bc-bb86-453e-aefc-50c6ac4e3e24,72f94c92-87e0-4b8a-8656-e462e4f5c763,2026-07-13T05:23:00,2026-07-13T08:13:09.866115,identity,performance,critical
629a4f7a-4c8b-479a-a83e-8c429fbf83a2,f5ae4fbc-8387-4613-ae11-dac414fe4545,2026-07-28T19:18:00,2026-07-29T07:27:49.906426,messaging,account,low
4b350a1f-8296-405d-a2e2-64a503bc7787,0322af33-072b-4d36-b0f1-b5f2a0631ff8,2026-08-25T05:11:00,2026-08-25T21:52:44.032082,analytics,configuration,medium
04685d5b-042b-49e1-97e2-57d9a7738e3b,42122891-da92-4cfb-8eb2-321d772d2342,2026-07-18T21:06:00,2026-07-19T22:09:28.415964,identity,bug,low
e1267a9b-7810-4cfc-a3d8-419015d53f7d,2963d2f4-adb0-4080-b99d-62a604206dd6,2026-08-16T03:56:00,2026-08-16T07:44:27.362753,analytics,account,critical
e3e7cae8-beb3-4956-bbe6-213e6591b797,89b73dfe-4777-4ead-a8ee-9034da7faecd,2026-07-20T08:46:00,2026-07-20T17:06:51.916529,analytics,account,high
2b95a73d-f106-4eac-8349-c883bd419505,b68f0180-4594-4773-8ffc-2e1d70a44127,2026-08-19T02:56:00,2026-08-19T10:04:23.952360,messaging,billing,high
88a5ddb7-fdbd-4188-9c2c-81474f639971,b043a7f0-283b-4ed3-9a94-aa4448f4ea69,2026-08-23T16:00:00,2026-08-23T19:00:12.130251,identity,billing,critical
bc71df7d-67e2-4bda-adf5-1e29d75bf31f,2655a389-bc26-4c6f-aad8-541c1dce3dae,2026-07-09T05:49:00,2026-07-10T02:44:41.566112,messaging,configuration,low
37557c4a-e604-454e-8477-21043d7dba30,69814968-094e-46d7-b2c3-3b17b1d5d3a0,2026-08-25T21:22:00,2026-08-26T17:48:18.101713,payments,account,medium
ae98697e-32c0-4b25-a6e5-35ac4b4368c2,c39d91b7-09e5-4800-a327-c1d95327fca3,2026-07-17T07:20:00,2026-07-17T11:39:24.090990,payments,performance,high
85aca7aa-f5bb-48fa-bc64-5cf7316ae97a,b05b903c-b062-427f-94be-18e49c5f7345,2026-08-14T09:16:00,2026-08-14T21:47:11.520014,payments,bug,high
e53e1b12-6bcc-4969-8ab2-93f839257c58,c7a48902-24a5-4c38-8807-29fdbb51e44d,2026-07-04T21:30:00,2026-07-05T04:36:17.081567,payments,account,high
31b7f081-e216-43a7-a5d7-9b7f1dea3d39,b86fa2f6-b1eb-4513-a3da-bb53a0699668,2026-08-11T09:11:00,2026-08-11T14:00:32.880371,analytics,bug,high
d14f3195-6ecb-45e3-955c-80b6f055365f,009a4e3f-80dc-4ea1-9ac2-9c5fe25d054c,2026-08-17T10:57:00,2026-08-17T21:28:11.693404,identity,configuration,medium
9aae7389-53c0-4ba0-b726-7dc7e5fa2c19,aec7c582-eb2e-4341-9bbd-a33a58baf198,2026-08-04T10:53:00,2026-08-05T05:10:59.755761,identity,account,low
861ddff0-36fb-46b3-ac73-bab85b55f05e,e70d7963-c8ee-4ab7-b5c2-348a6d90fe8a,2026-08-04T06:06:00,2026-08-04T10:42:20.337271,payments,account,critical
bbce0492-3ba8-458f-8445-eec5aa55d3db,693d41de-45b5-4290-b0cf-e980b387acf6,2026-08-01T09:44:00,2026-08-02T03:45:59.036594,messaging,performance,low
bf833ba4-58ec-40a3-abd6-cb45576a4aa0,c2a7cefc-dbcc-4afc-9021-41f5451ad4a6,2026-07-13T15:34:00,2026-07-13T22:29:30.211352,messaging,billing,medium
129d6130-ab74-49dd-92e1-230545029b0f,ccbe2f70-d6f5-4c72-939e-99ee959245a5,2026-08-28T13:41:00,2026-08-28T21:55:34.325195,identity,billing,medium
808ffa3a-5f78-4ca9-ab0e-55e60a1dc4d3,b0275281-a961-46ca-af34-37e592573ce7,2026-08-02T23:17:00,2026-08-03T03:13:00.664397,analytics,billing,critical
8c2ae330-6859-4903-8def-accb155f93d8,6256fd16-85d5-4022-a141-f79bc9d08c3a,2026-07-11T07:35:00,2026-07-11T09:42:55.602671,messaging,performance,critical
237e9b5d-fb6f-47e3-a5e1-bbde88126420,bf3cd7ad-3afd-420d-886a-98f8d0b46eab,2026-07-15T16:14:00,2026-07-15T22:45:03.835114,messaging,bug,medium
77741cea-4af9-4f43-b053-355efe1079ca,69857b30-a49d-44cf-b0c6-a60065d1b95d,2026-08-22T04:48:00,2026-08-24T01:51:42.640400,payments,billing,low
26561c8f-a0d1-424a-9a79-1055997c9c06,21260c24-147c-4d1f-a297-8ecf3edf0604,2026-07-14T08:49:00,2026-07-14T20:11:46.469875,analytics,billing,high
8d79fffe-6086-4ba8-a42b-4c33f3d75973,565aac71-e5ff-4a8c-ac45-d7fa0a4a9dbe,2026-08-17T00:37:00,2026-08-18T01:25:47.382095,messaging,account,low
e420a286-c3f9-4b27-b5e7-7ac96c3528ae,8e88b89a-89c4-4457-b595-fce4b50c443c,2026-08-30T05:36:00,2026-08-30T16:59:25.585222,identity,bug,medium
47744846-5511-43b5-9ffc-ff9a98e733d1,9e0504b2-c37a-45cc-816f-bd4d29d60eb9,2026-08-12T21:49:00,2026-08-13T13:46:51.706427,messaging,billing,medium
39072fae-ce42-4051-8198-f51258fa1d88,1eeb03fb-3108-462c-8327-54c4950e7e94,2026-08-24T16:33:00,2026-08-25T16:48:40.944818,payments,account,medium
5ddd3d0b-00dd-40d0-9416-b5f8cda6c3e3,0655f821-6f07-4575-bd8a-9e3a116c7cbe,2026-08-16T11:52:00,2026-08-16T23:14:43.736012,identity,billing,high
f523c82f-34a3-4210-a159-c6cd5e39144e,71fe2b0f-88cd-4cc2-ba94-ce1c000ee659,2026-08-24T07:08:00,2026-08-24T09:47:22.988334,analytics,billing,critical
6a329c58-7bbd-402a-b20f-6b9e3ebab4e4,25b30a9a-48c4-4583-8a3f-2104ed1a92e8,2026-07-10T21:10:00,2026-07-11T01:08:46.353204,analytics,billing,critical
7788b46e-c18c-43b9-af05-412750499534,cdf97a62-a9fc-4428-be32-f83babbda2ce,2026-08-25T02:45:00,2026-08-25T06:57:17.368758,analytics,billing,critical
e7e864b5-c468-4a27-a236-3fa1f153bde0,3a8aea1c-c23f-4674-9ce7-fb8d696e2836,2026-08-24T14:18:00,2026-08-25T00:58:38.709784,analytics,account,low
356bc5d8-adfe-4563-96db-13ad22f420a7,fcba75d5-8bcd-49b8-9fed-6bae7ab37616,2026-08-30T00:27:00,2026-08-31T21:42:42.458660,payments,account,low
3c118bae-c207-4ff6-8193-75082b3067f1,355370d4-3e8b-4f2e-b639-550d836267f0,2026-08-29T02:16:00,2026-08-29T04:52:40.076463,messaging,account,critical
40cfe6ca-a28e-45ca-a96a-e1b9c0b35c37,4e5f2c06-c00b-4c72-8c41-77e27747d396,2026-07-04T22:53:00,2026-07-05T02:45:07.200320,messaging,billing,critical
579ff1ed-fdb9-4b34-bbe7-ab4a0c7f247c,bb2a435b-a552-4931-ad54-27d73bc2fbee,2026-08-04T16:49:00,2026-08-05T09:28:31.712916,identity,account,low
d8294c50-a3c7-41eb-baa4-08a7a362eb7c,3a46229b-7816-4bd8-9f56-934dafe4825c,2026-07-24T04:00:00,2026-07-24T18:05:55.680087,messaging,billing,low
10964a58-c23d-4dcd-99ab-0fd1c9d50423,5b85888e-c9a9-4bdc-bf13-7292131f8f4e,2026-08-19T11:47:00,2026-08-19T17:50:56.280419,messaging,configuration,medium
741a4657-0c86-49e2-9e5f-f2898cd7e34b,73ae8ade-34f3-42f8-a8ee-260768d8f115,2026-07-01T15:32:00,2026-07-02T07:17:01.936334,analytics,account,low
993039e1-1565-47a0-826e-29885db865c9,ba2b7b39-6aa3-44c5-afee-9e7884944bb2,2026-07-19T16:44:00,2026-07-19T21:35:09.596634,identity,performance,high
a51b1b9e-db3b-45dd-be5d-0695934eb251,e6ce3b2a-4c67-4241-9a1b-63acca0ad30f,2026-08-08T18:46:00,2026-08-08T21:57:38.438567,identity,configuration,critical
107f29c7-0596-4848-9809-b56c8a68ec3a,55982441-c027-41c1-beba-69f81553f16f,2026-08-25T16:40:00,2026-08-26T03:37:31.456438,identity,performance,medium
ffb9aefc-c61a-4878-81e7-a29b0c6b85ff,ac9498c7-3edf-4d53-a01d-987aa3b4ee7f,2026-08-20T18:00:00,2026-08-21T02:28:21.902294,messaging,billing,high
b3114c64-e555-4358-ad16-a2aae2ca9680,f0f79e48-7ff8-4ff3-bbd5-5ee6d8a6e7ee,2026-08-14T00:47:00,2026-08-14T10:58:36.801146,identity,configuration,high
ceb3145c-dcf9-4136-980d-bbed6f2fee8e,eb362a27-427d-4dcc-a9f2-a199b6e86d1c,2026-08-06T05:43:00,2026-08-07T02:09:47.217668,payments,bug,medium
8cbaba80-29c2-45e9-bb28-48ceaa5e535e,387c27a6-cf82-4afe-b578-f90a1c4b8208,2026-07-15T17:26:00,2026-07-15T21:17:29.676127,analytics,billing,critical
dfb11bc9-7c62-4fde-a6c4-706a0cb3e11c,6edf3d1c-e9af-470b-8a72-3e9efdf62f5e,2026-08-20T02:45:00,2026-08-20T07:08:37.358715,analytics,billing,critical
af6c356d-eaed-403c-abfd-d436a6565b38,0843af05-81a7-466f-a5e7-1a60fb4a3cc7,2026-07-01T11:33:00,2026-07-01T15:49:39.307308,analytics,billing,critical
1307a0e3-f667-40dc-92ab-bc8539f9195f,b6ddcc1c-a3bf-442e-95c8-d0cf00b1d4a5,2026-08-09T15:05:00,2026-08-09T20:51:26.983045,analytics,bug,high
292379fe-7bd0-4bef-9110-2c2be4da7c41,d8fa8d63-7a2a-4a23-977f-4a0bcd5d384e,2026-07-08T06:50:00,2026-07-08T10:10:30.828380,analytics,performance,critical
47deebc8-255b-4441-823b-0e2b6fd9b19f,16d284da-1dd5-4d48-bbda-29df89dc733c,2026-08-17T10:09:00,2026-08-18T12:10:22.387588,identity,account,low
5dee296c-0dc3-4bda-90a3-3d536a9697d8,5a24cd51-9d5f-4c8d-a6a0-8786d1a94d92,2026-07-16T22:53:00,2026-07-17T11:30:50.629334,messaging,performance,low
104fcb3e-089b-48bd-8567-fcb3718ea770,5099c879-5701-4e11-9395-80ecb35a92f0,2026-08-29T18:59:00,2026-08-30T18:05:40.572059,identity,billing,low
83548f3e-9bed-437f-8296-687c233f14d3,d73806a9-dbe0-42b7-ab51-07a36d9fa50b,2026-08-16T11:18:00,2026-08-17T12:39:32.135868,payments,account,medium
9b832976-9900-4bf5-ac02-a2a3038ca68a,9dc75d8b-3689-4232-83dc-3da51cb53589,2026-08-02T17:51:00,2026-08-03T06:31:32.897106,payments,bug,medium
0214bd25-86b9-4366-9ab3-06acb8e611d3,d81415f0-3816-4443-bf00-0102fe2a3c5b,2026-07-26T02:47:00,2026-07-26T05:29:58.870442,messaging,configuration,critical
c42de24a-8f2a-444c-b469-ddb7aab828bb,6a20ea1a-d0f6-47b9-9641-c9f9f5bf70f2,2026-07-19T05:35:00,2026-07-20T00:28:33.603950,analytics,bug,low
0ecbd3e9-354f-4553-9298-ef4f78442e64,d36c4775-2ef5-4974-995f-e6903a36b2f2,2026-08-20T21:24:00,2026-08-21T03:12:37.310773,identity,configuration,high
7adcf522-8641-4e29-bedd-8c5d7b9d33ef,0f79030e-558c-44d3-a72c-e2ddc890c65b,2026-07-18T16:56:00,2026-07-19T06:37:59.766368,messaging,performance,low
75227315-99cc-4508-b664-9bf58fcc7873,1880d00b-2a90-4a79-8b39-07e5b33914c3,2026-08-07T01:23:00,2026-08-07T19:26:25.361973,analytics,account,low
1f9092d2-5672-407d-8752-adcb1ab598aa,4276a6ab-0942-41cc-b8ce-a154d3ba7026,2026-07-31T22:40:00,2026-08-01T09:40:32.055732,analytics,account,high
6713f280-b467-441d-b2e2-50e29afc0271,f2e99a5d-856e-42ef-884e-fe860ae76537,2026-08-22T07:52:00,2026-08-22T11:03:22.220921,identity,performance,critical
d0baf627-af31-4642-bc6f-65a36a6e561e,428b02ed-eaa3-42e1-8a41-6cdfda234015,2026-07-23T03:26:00,2026-07-23T07:37:22.457286,identity,performance,critical
f7288990-4e64-4ff2-b670-beafee3bf731,68996c52-173b-42fa-a244-a3da266c43eb,2026-07-03T11:44:00,2026-07-03T16:16:25.562707,messaging,bug,high
ac850211-211d-4d06-9100-87e04de21f97,73a590e9-45fc-4633-b989-665cc1c66758,2026-08-27T16:15:00,2026-08-28T05:23:20.162398,payments,billing,high
bfa00418-fa9c-483c-9f14-802737ea3f05,46a3077e-f7bc-46a5-b550-8b479b6ce1b9,2026-08-02T03:21:00,2026-08-02T12:47:50.909981,analytics,configuration,medium
41b922f1-1a55-489c-8b74-2a7ff2940b89,2e2c381c-0964-48b1-83dd-db76b8eb97bc,2026-08-06T07:28:00,2026-08-06T19:11:07.195617,identity,bug,medium
274d2172-da93-4889-9043-27cdd2d12bd9,abe40273-20c2-4be1-8d42-55f146e1c7b9,2026-08-02T04:18:00,2026-08-02T14:07:55.546025,payments,account,high
2485d23d-9fa1-4478-8480-c8eb6df17013,7d80305d-358f-4aff-b7d9-660c841add7a,2026-07-18T07:25:00,2026-07-18T22:14:30.535618,messaging,billing,medium
db85d6e1-adf5-4030-8c37-3117d66799db,525d77c5-b709-47c5-948d-0f31752526ad,2026-07-25T03:47:00,2026-07-25T19:48:09.428739,payments,billing,medium
644c1829-ca9a-41c4-8759-cf569d3be1c1,1c16087d-162c-40bf-85d0-ad82188ce9d2,2026-08-26T07:20:00,2026-08-26T18:29:28.126324,identity,billing,low
f77745c3-4a75-4d13-b3cf-1c5d754dd907,a96edbba-c5e1-474e-bddc-d6d646576cbb,2026-07-08T03:27:00,2026-07-09T02:12:23.024979,messaging,account,low
7678a09a-0fff-40b4-8abd-e336a2dd49e2,0e66f56f-b43c-4502-82e4-0293f6387e9b,2026-08-19T06:52:00,2026-08-19T15:49:55.223275,analytics,performance,high
a4205546-c510-474f-81d9-d186d0dd90ee,aa9cb6ba-0b19-4fec-afa9-1350684ffbad,2026-08-14T19:32:00,2026-08-15T13:20:45.850292,identity,performance,medium
02811fe5-16d1-40da-990a-0ae561970e4c,d66fa0ef-3887-4f59-9b65-740834400f3c,2026-08-16T12:35:00,2026-08-17T03:35:07.317466,identity,performance,medium
fdc3d85f-cc31-4f81-9324-94f2cc8bc49e,df2aecd3-feae-475e-9c7e-09fb4f48b5b3,2026-07-12T16:09:00,2026-07-12T19:05:05.856827,analytics,account,critical
e626ea13-3f29-4248-b33c-4ab22b36acde,caa580cd-ed26-46ca-bef1-c82ff781b77b,2026-08-19T05:19:00,2026-08-19T12:27:59.047378,analytics,account,high
5f073f59-bd15-4781-8572-344c9e2842f1,9a3ea1b7-e7ff-4a72-8e4e-6c9d67d862ac,2026-07-16T21:51:00,2026-07-17T00:17:49.033667,messaging,bug,critical
37571069-f38a-4157-b5cd-49cb12768468,07e742a1-3e39-40d6-b6aa-302b57397ccf,2026-07-01T18:23:00,2026-07-01T21:37:34.888765,analytics,billing,critical
96f550da-180d-4ba5-a90a-e3f0c6009ec9,c5391773-baf7-4be2-91d5-36cae697fc76,2026-07-30T14:55:00,2026-07-30T20:24:49.990328,identity,account,high
f4c99f63-2ece-4ef7-9f0f-e597a47c773b,e0f6c43d-c37f-45ca-8e46-fe103d38dd80,2026-07-24T22:12:00,2026-07-25T02:34:32.089624,payments,configuration,critical
4b3fdfc4-6e44-47e4-808b-33e60c354649,d7f9974a-665f-41a8-9fe3-a15fb186acab,2026-08-01T05:30:00,2026-08-01T08:16:18.583108,identity,billing,critical
25a76afd-9dad-4c4b-ae42-d6fec4ec2067,17d8f7ca-50f3-4e08-ad51-6eb464e9ae3f,2026-08-08T03:31:00,2026-08-08T05:51:19.998944,identity,configuration,critical
779966bd-000c-40ff-a40e-20cfb94e803a,84ef08c0-c38c-44ec-8e3e-cd6a8456f565,2026-07-17T08:58:00,2026-07-18T00:44:13.036691,payments,account,medium
833cb628-11c8-4f4a-98b0-cd1a0bdd65d8,a543661f-f558-4032-a499-d3272536af3c,2026-07-25T13:42:00,2026-07-25T17:46:08.134378,payments,account,critical
b8530d47-2b13-44b9-9a15-3eb9fdb025ff,647f726a-167d-4cbe-b6d8-83f2fb8103f1,2026-07-18T20:18:00,2026-07-19T00:13:01.218305,payments,billing,critical
b0a47b2a-3722-4b47-8fe8-ea9bbe705dcd,fab0e923-e2b8-45b5-a322-100d2a2d9859,2026-07-17T01:48:00,2026-07-17T19:44:48.268477,messaging,performance,medium
0482d1be-6f08-4db8-9ac8-5711582249b1,18795d6a-414d-446c-87e2-dac601cd9a99,2026-08-27T09:40:00,2026-08-27T15:40:28.052165,identity,performance,high
785f9c9b-a0f1-41e7-8335-58e3dc7a7589,ccc7bc69-4f68-4158-b58c-a26bda5ee0bc,2026-08-21T16:27:00,2026-08-22T13:52:47.197802,analytics,performance,low
dfb85965-e60d-485f-a023-424718453375,b230adca-9727-4807-9160-925cb96ee20d,2026-07-06T11:09:00,2026-07-06T15:10:00.894457,payments,configuration,critical
d813edf5-9870-4234-82f1-65b28931c71c,132773eb-e02e-4aa6-9395-cf96e883fff1,2026-07-09T18:22:00,2026-07-10T01:15:15.706206,messaging,configuration,high
4f37eda9-d277-418d-bae9-556497b85040,190d73a3-3c61-4d5d-8bff-1bc5692cce08,2026-08-21T00:06:00,2026-08-21T16:30:42.106631,identity,configuration,low
efb14bff-7107-47f2-9603-389dc0f11814,91c57854-ae39-4538-ad7a-35e63c92dc40,2026-08-01T22:58:00,2026-08-03T06:55:16.054825,payments,account,medium
a2c4134b-d2e1-462e-945c-0c5a270abd23,2d2d02e3-27e0-4dee-9b92-6e8998d48bc3,2026-07-26T21:44:00,2026-07-27T01:33:27.239165,identity,configuration,critical
75631c22-a58f-40bd-8eaf-6e435dbb5b88,14bda481-743c-40c0-81e6-53037bfd0854,2026-08-10T16:20:00,2026-08-11T00:02:36.059925,analytics,performance,high
bb57b267-9f85-4c69-945f-3ab56fc27d83,138e69b0-3681-46fd-9e13-e7737500585a,2026-07-14T04:25:00,2026-07-14T07:48:37.752810,payments,configuration,critical
62788128-3272-460f-9a81-35403151e6cd,9450c7b2-dd12-4f7e-be66-07eec634c79d,2026-08-22T00:45:00,2026-08-22T12:39:57.566884,messaging,bug,low
33a79686-93fd-4d2f-805c-a1d4add19eec,51bd2c7e-9dcb-48b5-ba26-2fb376d09d33,2026-07-21T18:32:00,2026-07-22T04:13:00.484371,identity,configuration,high
2cc3603f-f199-49fb-85de-369df91d01e7,65dce5e4-9a55-4711-a40a-c23385febb3e,2026-08-25T02:29:00,2026-08-25T06:19:34.519599,messaging,configuration,critical
7dde0104-1583-4dab-80fc-1cd2d7f9b26d,904f2c50-ae4a-44aa-a205-bfbfa4998816,2026-08-03T01:20:00,2026-08-03T09:32:23.883801,messaging,performance,medium
53d0ad15-07a8-43bc-a98d-954e39e44e33,b3f32b82-b6d8-43a1-a466-d35c366e56dc,2026-07-03T02:27:00,2026-07-03T13:58:24.595315,payments,billing,high
d1c1e246-f255-459b-911a-3bc8ddb3608e,2f0ba1ae-bb95-4bdb-af3d-3394ecec9d61,2026-07-08T06:54:00,2026-07-08T08:42:32.500592,payments,billing,critical
1d6fc0f3-01ac-40c1-b407-6353bc25f80f,264e3387-c075-4959-bd1d-564069fbc7bb,2026-07-06T19:21:00,2026-07-07T04:49:28.446386,messaging,account,low
cc27080e-db42-4e91-b031-cb0a49533e26,d63135b1-0aba-42e1-8280-6793805fcf5e,2026-08-06T03:17:00,2026-08-06T12:13:41.342544,analytics,bug,high
704fcf1f-377d-4132-ac59-5cbcbd5b892f,8dbb13af-5e4c-4049-8cf3-2b8d768b844d,2026-07-08T16:10:00,2026-07-09T01:08:07.529634,messaging,configuration,medium
6a099235-47e6-46d0-83f3-dc2c7b586b03,fca9e95e-8c38-4a9a-9257-c1963cd506ee,2026-07-26T20:47:00,2026-07-27T09:06:15.268999,messaging,billing,medium
59ab54ae-1f74-4d7c-a273-fb811d8412c4,5caa520c-b4a7-4503-bb7b-7f7cf36709d7,2026-07-16T12:41:00,2026-07-16T23:33:58.621942,analytics,bug,high
0146f5df-a3cb-4e51-8cfc-3514cebec717,e4dd4ebb-7449-4a64-8d9d-fdfeda1b459b,2026-07-30T14:24:00,2026-07-30T22:47:18.103905,messaging,performance,high
b4585fc4-62b6-4f34-96ab-6baca4e795be,86a4b53e-9ac1-485d-b891-ffed5a33018b,2026-07-13T07:09:00,2026-07-13T10:32:35.313245,payments,account,critical
4e970476-b35f-4843-bda0-6e76d4deaf93,ec1bb7ca-a9c7-4d43-9bfb-73569730e9be,2026-08-27T21:02:00,2026-08-28T08:18:16.986769,messaging,account,high
1f9ac7a9-0d1a-4677-9309-217d74cb3459,7d91b2d5-947b-42d9-b5a2-1e04edb5296f,2026-08-13T20:11:00,2026-08-14T00:32:44.957524,payments,bug,critical
daac6401-8e39-4d02-b3e9-4d61f0ec7558,20e571fe-cf0d-40c5-9b7f-d0db6e51fed3,2026-08-07T12:28:00,2026-08-07T16:33:04.007578,identity,billing,high
93ee9854-24df-4244-a91c-43d3f6fe399a,11b50bf1-c355-415e-840c-f636053728da,2026-08-17T15:12:00,2026-08-18T05:09:23.222000,payments,configuration,high
defa1784-fd94-4c91-924c-4f35659bde91,cf7e9718-da85-47a4-9cc9-e153c6269581,2026-07-01T18:10:00,2026-07-01T22:14:23.018868,messaging,performance,high
b5042aa4-1414-4508-a9e8-599db9a42b6b,07f12b1f-3201-458b-85a1-7a18b429a23b,2026-08-09T04:18:00,2026-08-09T19:51:40.350983,identity,account,medium
99f3aac1-a419-479f-adb1-cc3aafded4b2,3dd79cad-7e67-4b6c-a8f5-e04eb6319a5b,2026-08-19T21:35:00,2026-08-20T01:43:47.350340,identity,billing,critical
8e0185df-dbe4-4365-a346-9c3fee467b62,20f8964c-22c4-4f26-93d6-3ae92c0c8d4c,2026-08-09T18:52:00,2026-08-10T09:26:45.320865,messaging,billing,medium
9d808272-6b55-40ab-8ae5-10c26c0a76e9,bab364b4-42c6-44c4-a1f5-8cacb9e6bc23,2026-08-28T19:11:00,2026-08-29T04:20:20.747899,messaging,performance,medium
7b280ad2-7172-42b4-b6af-8efe2a6f3757,854fb4e5-bc36-49ba-a201-f752adb120f0,2026-08-08T10:23:00,2026-08-08T21:40:57.648146,payments,account,high
6b3f3ee1-213b-4069-9798-b49d68eb43e9,be884955-3fde-4dbd-b2da-84c01d5ad30e,2026-08-18T10:02:00,2026-08-19T02:16:30.423411,identity,performance,medium
f736b58b-f652-4273-8941-11081fcec43d,f893cfc0-f1ff-47d8-b3ac-4c17bf803678,2026-07-17T14:28:00,2026-07-18T10:55:50.647579,payments,configuration,low
6c50e22b-ac75-4730-98be-07c7408286a6,629a4b81-e664-4748-99ad-09f446017bdd,2026-08-26T05:27:00,2026-08-26T07:30:48.125979,messaging,configuration,critical
16959a91-0549-4e96-bb5b-705aadab962e,a8240e41-9613-43a9-88c8-8434b12bb62e,2026-07-02T18:22:00,2026-07-03T06:42:48.756360,payments,bug,low
c8dbfca2-a7cb-41f8-8acf-792eaa462f01,9b9ed7d7-0f47-48dc-9af4-6200b88ccb32,2026-07-10T07:25:00,2026-07-10T21:59:56.464704,identity,configuration,medium
5f931ba6-6ed6-4687-8c9f-f671c3ae8741,780d2cc7-e4eb-4efd-8c0d-6a676ba6da39,2026-07-01T17:55:00,2026-07-02T00:05:36.113385,payments,bug,medium
61f88c64-372d-4f42-bb9a-c4a881030687,478bd101-f3d9-463b-b771-004de5de8719,2026-07-20T18:27:00,2026-07-21T04:44:08.889756,identity,performance,high
2ee013a7-5812-4d0f-8a58-894c9eef3893,24a7098c-d508-408f-816b-245880cd0e99,2026-08-15T08:45:00,2026-08-15T23:41:40.112328,identity,performance,low
aac20d5f-9e65-4b20-9435-2b12bb4e349d,d0991c1d-900c-4dde-93bd-56a448d8bf0a,2026-07-14T07:08:00,2026-07-14T08:50:50.954703,analytics,configuration,critical
2148f0b7-0bba-48ed-883c-d035b41f2d84,58bb0278-6cba-4e43-9ed2-be9baee1783b,2026-08-12T19:03:00,2026-08-13T14:01:06.277532,payments,billing,high
65773ef1-c589-4808-bbd4-3a256fb25e6c,99d5111a-d9c4-46c1-8fe7-25095b2e0e3d,2026-07-02T03:33:00,2026-07-02T07:21:49.233597,analytics,billing,critical
c2f2c558-c355-4585-820c-c1e26c3f73f0,4871ca77-dda9-4699-bf0d-aa78830ea40e,2026-08-10T07:39:00,2026-08-11T04:24:14.501242,payments,bug,medium
46660f13-75ac-4da8-b86d-6473a35e423d,69737120-825e-4d5e-aac7-8c8124e96043,2026-07-09T13:15:00,2026-07-09T16:47:39.577057,payments,performance,critical
6894ec4d-73bc-47fd-a0b6-190743bb77d2,bee377be-54a6-427d-b441-0432cd91b574,2026-07-29T09:48:00,2026-07-30T08:12:18.152699,identity,billing,low
71ec586e-f0e0-4f9a-836d-2d8560d1cecd,572cc4dd-c154-44e1-865c-302bd624cc7e,2026-08-20T00:34:00,2026-08-20T03:58:56.016130,analytics,configuration,critical
feb20a23-534c-455d-beb0-106bb15584ea,b287f506-ee6d-4711-be23-40d4951d21f2,2026-07-19T02:07:00,2026-07-19T19:47:45.439411,identity,bug,medium
d7dd6e14-af65-4270-9bb0-99190c831204,ede8b280-e075-4518-9d4a-69ba65da40f1,2026-07-22T11:28:00,2026-07-22T23:28:44.951095,messaging,configuration,low
1ac11ac1-0850-4483-9839-84188ed450f1,f8544609-2176-44d1-8b27-86c635972513,2026-07-26T03:08:00,2026-07-26T09:14:25.769774,analytics,performance,medium
bb1d2250-90a2-461c-a7c5-81d8b6748d92,5cfa5966-4833-4a43-ad52-d347ecd0f55f,2026-07-04T19:44:00,2026-07-05T06:11:24.422255,messaging,account,medium
cdf01a19-f57b-411d-bc93-449ad1749659,2364d31c-4142-4ce4-a1e7-de09561b7d41,2026-07-09T03:28:00,2026-07-09T05:14:27.136765,payments,billing,critical
4e12de92-5e8f-4817-a57d-13761d325c76,9530edc8-6fd1-4051-b3af-7ba27956ee20,2026-08-26T07:27:00,2026-08-26T22:50:57.545360,identity,bug,low
fe92e716-46ae-451b-a956-bf42b3cc32d5,6fca4470-12a9-49d7-ac90-2c78fd2e126b,2026-07-15T00:14:00,2026-07-15T02:25:52.886013,analytics,billing,critical
8d364ed7-f83a-4ea1-a46e-a5b4ac66c6a1,28e94988-dbba-4032-a113-5f6d02d32545,2026-08-20T19:44:00,2026-08-21T01:59:22.442372,identity,performance,medium
a39f3015-0da2-4829-8dfd-9871a19f6529,b6bfb424-a4c2-41fa-af00-47f356587dc1,2026-08-04T09:14:00,2026-08-04T20:25:21.495675,identity,billing,high
64956060-1e49-42f6-8fc0-8b2b030ec9fb,8fcc6c22-671e-4205-9430-451a09a9f19d,2026-08-14T04:09:00,2026-08-14T12:29:30.741412,messaging,account,high
2b562646-7539-47ac-b7b0-3eabd8a96830,bb0b5784-aa82-4726-b46f-21b9d5627287,2026-08-14T14:37:00,2026-08-15T13:09:31.933523,payments,account,medium
112b37af-06da-4a1c-8e8c-378350c10424,fab1fbb2-13ab-4549-aefd-1fafeff3671c,2026-07-30T11:05:00,2026-07-30T17:54:35.468401,messaging,configuration,medium
fa94fc4a-4c4e-40e0-9ea5-62a53178b13a,e3942035-b4a7-428d-9dc5-739c5e947cee,2026-07-15T02:39:00,2026-07-15T10:58:58.251422,messaging,configuration,high
b773059c-72cf-4655-9541-7ad0da7c0eca,f91c0420-a502-418f-bf3e-32b316d04ac0,2026-08-11T07:57:00,2026-08-11T11:39:03.503608,analytics,account,critical
6ff98d8d-bf4c-4dfa-ad03-5c26e058b3ac,b03f387c-111e-42c8-aaea-2428116af8ab,2026-07-02T16:53:00,2026-07-03T02:43:53.984874,identity,account,medium
10d7320e-fe3a-4ed9-b383-766befa14471,b9d133a0-85a3-4edf-b7de-823dc92dfaf4,2026-07-06T18:22:00,2026-07-06T22:09:49.928232,messaging,billing,critical
7612e002-bd62-400d-8160-fc1c4f145be4,66b84168-4e34-4efd-83d7-eb981bc68cfd,2026-07-15T00:42:00,2026-07-15T04:07:21.762442,identity,configuration,critical
6f09fa6c-c074-4671-bbb6-0f07947df63d,cc271fdc-071b-4959-ad97-6a07256c0c08,2026-07-11T01:18:00,2026-07-11T11:05:16.766670,analytics,account,low
8298f676-0ed8-4365-a6b3-d04328a2cd0f,6a4f0d5c-6217-4a59-9c9e-0ec0515e8a1a,2026-07-12T19:29:00,2026-07-13T02:46:04.783279,payments,bug,medium
da94ee1b-5450-46ac-9789-9056d32ff43b,ca79af62-3303-469c-9180-4dfa0aaa03ff,2026-07-18T10:35:00,2026-07-18T14:03:25.549589,analytics,bug,critical
049f31a4-fcee-43c9-b55f-96477dd93118,74f74a05-251d-4462-aab8-a3b84c5c6d49,2026-08-17T20:40:00,2026-08-18T02:25:56.816183,identity,bug,high
f74c51ae-2b2c-4471-9837-5cc8be573981,58e10bd2-a1a0-4538-a16a-a0effd3a7bf9,2026-07-07T10:49:00,2026-07-07T15:06:06.760170,analytics,billing,critical
45f7b8d2-62c7-4d25-b05b-ea1e1b173701,a37953a0-e80b-481e-b181-b5822bb69104,2026-07-08T06:40:00,2026-07-08T15:07:50.972817,messaging,bug,high
51438e0c-2959-480a-9715-bc145cabda5e,016ee149-92db-40d7-bb51-87d9a4b6c8df,2026-08-07T20:39:00,2026-08-08T04:52:55.799941,identity,bug,high
56b496f5-11b8-4224-b5e6-7569b4b8a57f,689c846e-12e2-4540-a543-feedc95990f1,2026-07-07T09:45:00,2026-07-08T03:16:37.347403,identity,bug,medium
b2b710f6-821c-48f1-9ec8-cf18734635fa,816dacde-54c6-4804-859a-6ecef542337d,2026-07-09T20:09:00,2026-07-09T22:13:06.172462,analytics,billing,critical
57c92588-2d5c-4364-b885-96755a39e0e2,7b7f0a90-74c3-42da-9381-de762252741f,2026-08-17T21:29:00,2026-08-18T20:20:43.009806,payments,account,medium
e9d1b160-bbcb-4cdf-ba24-9f52429d6ee6,f7e62d76-3b97-4115-98c7-fa9ada237c78,2026-08-20T19:16:00,2026-08-21T04:39:45.385836,messaging,bug,high
3103a37e-e195-4152-8c18-7ea375be81e8,51e476c9-782f-423f-9657-e116637f07d0,2026-08-30T13:14:00,2026-08-31T04:44:34.341024,messaging,bug,medium
e0b6c320-61d8-4d24-a2e9-d3260c9223db,b17baf3f-6596-44e2-8961-9c49ca3225d8,2026-08-20T01:25:00,2026-08-20T10:40:36.918173,messaging,account,high
a4bff1e5-3316-4c78-9a3a-a95f1601922f,f7d25fc8-effb-4fa1-b66f-e9bf5656e4fe,2026-08-18T14:19:00,2026-08-18T22:43:02.342661,messaging,configuration,high
97b1bd26-92ad-4465-99b9-643b2b6041bf,646ffe37-4006-4dde-92e0-83e83e2b5894,2026-07-30T13:13:00,2026-07-30T17:11:42.473730,identity,performance,critical
5373d0cb-6874-4cc6-9b73-0423cd7da39a,4d8f84f6-6f6d-4241-b9ff-5e209a5d9592,2026-07-30T10:35:00,2026-07-30T21:05:02.724834,payments,account,medium
054bb4dd-8616-4952-9636-0119ca7039bf,5d0da942-7676-4949-b02b-97dab7dc8038,2026-08-20T02:00:00,2026-08-20T04:50:32.997721,identity,configuration,critical
0e531cbf-3982-40ea-8d20-e2305e33dcc2,337d8fd2-8f55-4526-aa3a-150a7df261a9,2026-08-06T03:27:00,2026-08-06T12:12:57.969407,analytics,bug,high
3cb3b816-3647-428c-87c4-512358ccbb87,f6b7f8a1-42f2-4d18-9427-8e4fb9fcdcc5,2026-08-17T02:44:00,2026-08-18T04:39:50.953296,payments,configuration,low
2ad5b7c2-f3ab-4a7d-a549-c315aad125e0,edc1acd0-0f6c-40eb-a17a-bbd4220dec00,2026-07-21T04:43:00,2026-07-22T03:36:14.695065,payments,configuration,low
131de153-699d-4bd0-ae60-eaa872711373,baa68ae8-b9be-4ad9-9374-ac0d9bc45def,2026-07-26T02:50:00,2026-07-26T20:07:11.963407,payments,bug,low
22f1d576-d49d-451d-a2fa-b04763cb33d8,5ffa50e5-6692-4a12-824c-b219b7132020,2026-07-15T05:01:00,2026-07-15T16:08:01.210152,payments,configuration,high
fe786c88-47c1-48cb-a10d-ee3c96cebec1,4f4634b3-0d65-4b5f-a63e-3fb0eafcfff6,2026-07-23T17:49:00,2026-07-23T22:33:06.867493,payments,configuration,high
f6cdc269-8131-46ed-a0c9-144bb0f6f702,88dad75a-388c-49da-845c-be2f55e6e9bf,2026-08-06T09:22:00,2026-08-07T03:59:04.153433,payments,bug,high
d1aff686-6341-4cd3-8546-04268336e197,f2e9fb75-fc6b-4ce7-9dbe-fd9a4e483da7,2026-07-16T17:42:00,2026-07-17T13:24:50.981926,messaging,account,low
5a6fc44d-d549-46b9-806f-af011a036ff0,d802d7a3-d6f8-4914-828a-9a7761b9d9d8,2026-07-28T08:13:00,2026-07-28T09:57:07.555876,analytics,account,critical
17bc458d-716d-4b95-bbb3-d3af9a67dd92,335752d6-d45d-4f2b-b0c7-4b27f4057eae,2026-07-06T02:09:00,2026-07-06T04:53:58.434496,identity,configuration,critical
4814da0e-6293-4c33-a89e-64725e0a7625,67d9c7bf-1b29-4ba6-942b-c7f07d1bcf9b,2026-07-11T23:19:00,2026-07-12T19:43:35.884276,payments,account,low
6a57afca-6922-4333-a488-e06ac109b961,3be12b4f-df26-46f9-979a-15de6b81f34a,2026-08-27T13:02:00,2026-08-27T21:13:42.240524,messaging,bug,high
4df350c3-13f2-4a8c-ad0b-31a40bf73a11,8e6ba4bb-73d4-4a34-a263-3311dbbe3dae,2026-07-30T01:33:00,2026-07-30T09:23:18.131249,payments,configuration,medium
aee71836-828a-45ea-8992-f141dcb5d3d7,f2b41467-01f7-4fde-9552-d468f2cf4547,2026-08-05T18:15:00,2026-08-06T07:14:51.148704,messaging,account,low
cf5e30f5-1642-4ef7-9b38-b3fd3e41aded,489d1df0-9d13-4728-816a-641f2bd5875d,2026-07-27T09:02:00,2026-07-27T19:04:02.465291,messaging,billing,medium
d62f9c53-5e23-4bca-a970-9abd09e9d250,e9ac0962-418a-4f9a-8694-56587f831854,2026-08-13T07:31:00,2026-08-13T09:48:15.626147,analytics,account,critical
2b4410c6-ea09-4bd0-ade3-e90e77bb9b0f,e89de7d9-ef2a-4b13-95d6-d5a955a23b6d,2026-08-06T06:35:00,2026-08-06T18:21:15.852085,messaging,billing,medium
43fb1609-f923-4c10-8fb2-7b51e58d3cac,15246163-22d2-42c0-8c26-9d6736337f2f,2026-07-19T00:46:00,2026-07-19T13:30:02.440744,messaging,performance,medium
3d7abcdd-a378-489c-ae64-44ee269d413d,fda1d302-d02a-41e9-a46a-ac4e7b8dd710,2026-08-17T17:14:00,2026-08-18T18:03:36.227058,payments,billing,low
93470715-1375-4ff5-8d81-0d7777368357,d1feba2b-248f-4f41-8b03-453b761dfae4,2026-08-09T03:29:00,2026-08-09T14:30:31.935667,identity,account,low
9875ae50-b8aa-4241-af89-6e595a7a68f3,54182c30-d6ff-46e4-b565-d2c958db04b4,2026-08-07T15:29:00,2026-08-07T21:00:26.104557,messaging,configuration,high
6382e8b1-34de-4c8d-b517-9a83fbc90c1d,19422486-2115-4e30-8938-d23c8962d441,2026-08-01T08:37:00,2026-08-02T02:28:06.562813,analytics,configuration,medium
020bfe50-5c8e-4669-b06e-af891e5161c5,dceb1cf7-a43e-4450-9252-7b839db51d5e,2026-08-26T02:09:00,2026-08-26T13:26:08.019920,messaging,account,medium
60f329e6-917f-49e3-bd6c-4c39e344e787,bce555d7-e815-43b1-836d-a757bf74b4dc,2026-07-22T06:03:00,2026-07-22T21:08:34.099408,payments,configuration,medium
f5838526-6c9f-4dc9-ba7c-97b35fb9466c,2e80b9d6-1542-45c8-a77e-9f1610c1a8c7,2026-07-08T19:27:00,2026-07-09T12:50:14.247529,analytics,bug,medium
4dfc7798-f2dd-465d-b21c-070d2fcd1f1d,798621d5-b78e-4836-9291-7ba460bfd7c7,2026-07-14T10:36:00,2026-07-14T20:09:01.302482,identity,bug,high
04851d0d-47e0-48c9-a825-f4884eca68ad,28504732-3b6f-4891-bdd1-c57ceff1dad9,2026-07-11T03:05:00,2026-07-11T04:39:05.679644,identity,performance,critical
cc117d5f-d0cc-4cf3-9df3-2788e8a07bad,f06f4a1d-b130-4292-959b-8a9cc24e77bd,2026-07-20T00:35:00,2026-07-20T08:58:25.441579,payments,billing,high
5ca9073b-b8ee-4ece-a1fb-f615fbd5e814,f1e0a34c-2c8d-4001-bd76-c150b751a293,2026-08-26T17:03:00,2026-08-26T22:53:53.616098,payments,bug,critical
64afb748-162a-4915-8521-8b7c7fc1bb57,0f87b8e6-bdf4-40b3-a07d-f852a935841f,2026-08-30T09:29:00,2026-08-30T16:12:16.754142,analytics,configuration,medium
d74315f0-b604-4ad9-80f6-880049c535d0,cb462dc5-ed59-41c5-98aa-f8c8f1ac4407,2026-07-19T06:25:00,2026-07-19T09:52:51.385016,identity,bug,critical
6e800a10-0def-4a8b-926e-b2e62fab6007,87167334-d6c5-4e43-931d-c732cebacaf8,2026-07-01T18:12:00,2026-07-02T03:30:13.871109,analytics,performance,high
2c494c63-1d18-4b59-aba7-8ee2ac0ca578,d6fb05f6-2a4f-4e43-a2e2-a79432a18d31,2026-08-30T02:00:00,2026-08-30T16:15:53.713425,identity,bug,low
5df92c5d-1544-4208-b0b3-5d8d64cc0ce6,254d0e14-e3c9-427e-bbf1-72f1ae385fa4,2026-08-29T02:39:00,2026-08-29T05:40:32.235587,messaging,billing,critical
6ddf329d-1248-432d-a6f3-65c0e10aacd3,c058099d-58f0-4953-812f-e14c076bf099,2026-07-10T01:35:00,2026-07-10T13:56:19.846705,identity,performance,low
c10831e8-db2f-40a4-92b7-9d4a84b63d40,92036357-0783-4727-a2a2-49468482810c,2026-08-15T13:41:00,2026-08-15T23:23:55.955731,messaging,account,low
a51c9da5-f7e3-4e0a-b601-b982b37c8877,66e32d57-5e86-450f-a828-07c50541d320,2026-08-18T04:31:00,2026-08-18T07:11:48.718033,identity,configuration,critical
28960d8a-f4b2-4fd6-9a63-cb3bb6ec014d,e91228ac-210e-43d5-8622-0e8b9ef58aab,2026-07-15T06:58:00,2026-07-15T13:48:34.890238,analytics,configuration,high
363796d9-0968-41a4-9363-d5daf668cc43,0f90f1fa-000c-4ae7-8eba-1d6e7c3fb262,2026-07-28T12:26:00,2026-07-28T22:55:42.514371,payments,account,high
7dda5ba8-7096-40a0-a663-c19280d3cef4,35c4f871-a9a1-4920-b632-13665b0d0d51,2026-08-26T23:03:00,2026-08-28T01:02:40.058044,identity,performance,low
3406adc6-459c-480f-8ebe-8befc81bd0f7,019e35e3-f8ab-4b59-ad54-97954541f461,2026-07-26T12:05:00,2026-07-26T23:15:38.649071,payments,billing,high
cce1c4fd-72dd-46b5-812e-65538a94e583,9a699c93-4722-4dcd-a556-eb0425a30d62,2026-08-29T19:05:00,2026-08-30T00:35:42.754889,payments,bug,critical
6a61cb03-6f12-488a-b4d3-92802b9a0824,a8c0017c-baed-4794-bba5-e5ce3cd90e67,2026-08-25T17:54:00,2026-08-26T17:04:28.591478,payments,performance,medium
4efe3dba-959a-4aae-980e-65bb43d8077c,47ae649e-39e9-4afd-ac2e-22741701a5cb,2026-08-08T19:37:00,2026-08-09T03:12:36.072537,identity,account,high
70a9f59b-bc85-4e83-badd-0266767b6634,622d8a06-e90d-459d-94ae-536a68ce23ed,2026-07-12T23:51:00,2026-07-13T16:12:03.786980,payments,billing,medium
e2683afb-581b-4b95-8569-32949003bd46,bd33c470-7923-4286-ac85-9962fb629982,2026-07-29T03:01:00,2026-07-29T16:53:29.211731,payments,performance,medium
42460c00-9dde-4c72-94c5-12f59e74c48d,533f65ff-cf04-4c12-b3b6-a9bdef40ee56,2026-08-21T09:55:00,2026-08-22T20:10:28.172370,payments,configuration,low
6c1dd1dd-460d-4a96-8213-a560c33f461f,14e5de59-7a9c-4611-80c7-1c96cf17322b,2026-07-11T18:37:00,2026-07-12T09:20:29.835837,payments,configuration,medium
147cb846-b388-4438-b9b5-ebb024cc1033,7f8c6f48-7959-4796-b860-59e6f0eb3455,2026-07-30T00:11:00,2026-07-30T07:43:38.529227,messaging,performance,high
0367ae55-2cd7-4cdf-bb1c-464f2163bd23,a57b9599-0f6f-42d9-b2b1-06c7fac26f89,2026-08-27T23:12:00,2026-08-28T06:28:52.525899,identity,billing,medium
80c2fff7-53be-406c-827d-3cab157eaa55,9e529f68-591b-48c1-9dfe-79433646b795,2026-07-17T19:35:00,2026-07-18T04:25:41.409924,analytics,account,high
ca63dcd2-a0a4-4c3d-935a-f3066ff6ba72,074495ba-a4f8-49ce-91c6-7c60af32bf3c,2026-08-25T17:43:00,2026-08-26T09:30:15.746481,payments,account,medium
169b79c9-f025-4e36-bc33-84f519afa075,d9a0ded1-3dfd-4c72-bbf8-2cdda04bacb8,2026-07-03T08:58:00,2026-07-03T10:52:08.135577,identity,bug,critical
a2eef1da-9d23-4554-90b9-317a572d7af0,ad6678da-81fd-490a-a68f-13617f2ae7c5,2026-08-25T01:00:00,2026-08-25T17:13:31.991483,messaging,configuration,medium
a8b383f8-61a6-4141-b196-9c45f66279c6,1ffddfbd-2331-43f4-b663-6e77eefeecdd,2026-08-14T17:34:00,2026-08-15T01:53:08.824633,messaging,billing,medium
dce6207c-662d-4ed6-b7a9-977b8a443ef1,22ad5b26-c87a-4894-a8ad-3740787b2dda,2026-07-03T22:24:00,2026-07-04T10:00:05.703624,messaging,bug,high
6b11b181-8fe7-41cb-9fa5-2b1654aa518e,f85380f8-6e06-47cc-8559-bc8748c87c33,2026-07-21T06:10:00,2026-07-21T18:21:14.667478,payments,billing,low
41e0fc52-9020-4d8a-ad28-816f05089e1d,0ae6c9dd-f47d-4ba0-adfa-c9aa066db9c5,2026-08-09T23:37:00,2026-08-10T03:46:45.938691,messaging,configuration,critical
de5d5cb4-8e79-420f-bbd7-5f5941298798,06159dda-42fe-46d3-97e4-62fc8372211a,2026-08-08T22:00:00,2026-08-09T01:39:38.169866,messaging,bug,critical
d69e812b-92b3-4262-ab5e-02d1fff48e6b,6800fe51-0705-4581-966b-f25b3da6089a,2026-08-05T21:02:00,2026-08-06T14:09:44.301598,analytics,account,low
9737b57d-a805-48e7-9c44-2d3ac5f3d382,16068584-69d2-4eb7-9496-083a35c7d6bc,2026-07-04T20:39:00,2026-07-05T01:06:05.370952,payments,account,critical
a3ff83d2-7989-4951-854f-c904db566d57,f3c401c0-a098-4de3-9df8-a9fc62425322,2026-07-04T13:44:00,2026-07-05T02:09:02.302030,messaging,account,low
fd0bdf9c-3624-4ee2-9de9-d86a42e06e89,ad049590-f09b-4899-bc23-392f33388f1a,2026-08-10T00:13:00,2026-08-10T07:54:26.798322,messaging,configuration,high
357f1042-bfe2-4618-b8d1-7812df993004,31593558-0232-48db-903a-6c5275f5ab5f,2026-08-08T10:52:00,2026-08-09T08:17:08.951711,identity,account,low
8c7559f0-0d92-4307-b039-bcf7747bad50,922eecab-4ec0-44da-a60b-4373573227a0,2026-07-13T22:43:00,2026-07-14T20:43:27.512089,messaging,performance,low
abca5260-abd6-4b2f-845e-6da02bcfac62,f95ac0d6-4854-4140-a9e7-83c32dec0f9b,2026-07-11T07:13:00,2026-07-11T17:56:00.482080,payments,account,medium
3263a645-e673-4e95-b9cc-2e3614ca73bf,9f4a2551-5a95-44d9-a439-cef281cc80d5,2026-07-30T10:36:00,2026-07-30T22:02:39.007785,messaging,bug,medium
b2dd1210-d0cd-4d40-aa9d-4c4f1838939b,f6a1f419-7e58-4d4d-8e63-7de8d7e54f07,2026-07-19T09:07:00,2026-07-19T15:42:33.353668,messaging,bug,high
48ad220d-ac83-4b50-a8ff-6149a22a87ec,00a231b5-495f-4526-8737-cd86a4fe32c8,2026-08-29T00:50:00,2026-08-29T20:43:56.198464,payments,bug,low
45c3b123-f39c-4ec7-acf2-deeee450310c,804ab396-bfc8-4752-8edb-d735ff36f8b6,2026-08-10T21:43:00,2026-08-11T01:23:50.237427,identity,bug,critical
9f5ee003-fa38-4d86-9392-1bd79357f136,35c80db2-7def-4530-8d88-8ddf813e22e5,2026-08-16T13:45:00,2026-08-16T16:41:13.534263,payments,performance,critical
16d40519-cef5-4870-976b-550f402af9c8,727bb79f-337a-40bb-8677-5e44cbac3b3b,2026-07-16T13:18:00,2026-07-16T21:14:43.760963,identity,account,medium
5f645824-aead-42d5-bfe7-2498bb8ef34d,762cb8a5-abbe-4f12-b4aa-0bdf340c5ef8,2026-07-14T03:53:00,2026-07-14T06:18:27.071820,payments,bug,critical
1ee7c236-9301-4866-9c7a-a428708c427b,3b16c497-feb1-4e0c-81a5-402f4e80815f,2026-08-10T14:51:00,2026-08-11T16:01:25.515989,identity,billing,low
55938365-4ad8-4b4e-b353-993a0db64c91,59eebc34-c574-4baa-85c1-017e75c4ac0c,2026-07-19T11:08:00,2026-07-19T15:13:51.583627,analytics,account,high
847d6923-d096-4a03-a27b-ee17a1cfeb5f,81e69d0c-25eb-4776-85a9-81412605eb70,2026-08-15T07:05:00,2026-08-16T03:01:37.358730,messaging,account,low
e24357fc-86e5-4642-a017-9d1184d3c942,f235ba64-f8c1-46e2-a87e-17126ebd3109,2026-08-14T21:59:00,2026-08-15T03:08:00.676126,payments,billing,critical
7701c8b5-751f-47ae-a164-9506bbecb280,fff8f4e7-eeae-44f1-b64b-8137c4e0353c,2026-08-10T05:17:00,2026-08-10T18:41:17.413509,analytics,account,low
e3b12838-0b72-4043-a24b-6a99c43bbcd4,e2bd8ffc-6752-49c6-8171-7f06e153581b,2026-08-19T19:41:00,2026-08-20T02:16:13.292158,identity,account,medium
a1be1bcb-e23b-4a96-b2ea-c141248b8a63,eab93055-819c-4766-988e-432d76f1cd01,2026-07-14T11:52:00,2026-07-14T23:29:00.262171,analytics,configuration,low
38605a0d-14ee-45d0-ae84-691ff6c0567e,6b54afff-85f5-4b94-ae90-c210ea69de33,2026-07-03T22:50:00,2026-07-04T08:42:57.232306,identity,configuration,low
050838b7-9673-4412-9854-643254a17e05,5361e44e-e659-4c4f-949c-71839315d8e3,2026-08-07T22:51:00,2026-08-08T14:50:58.892954,payments,billing,high
a91d3dd6-87cb-433c-be60-16f6f0095af2,b78f8432-cd26-4a88-afc0-48d6c1fb1a0a,2026-08-24T03:43:00,2026-08-25T00:19:47.913837,payments,performance,high
63ce484c-afd3-458a-bb4c-c36049773a50,c7afc883-d905-480b-8991-877bb125d2bf,2026-07-09T11:26:00,2026-07-09T22:36:48.857556,identity,configuration,high
aa74533e-4dc5-4b3c-a620-eb4f1ebdaed6,11cf9460-cd3c-4ce9-b9a1-29e4f365f16e,2026-07-07T03:49:00,2026-07-07T18:05:15.559826,messaging,account,low
7eeca4d0-5849-40ab-bab1-9b1a099cebbf,a24bacec-0482-490f-8cf9-5d30e68796c2,2026-07-13T05:55:00,2026-07-13T14:07:59.118722,analytics,configuration,high
557ee432-5315-46ab-9218-a410cccec93b,faa060e4-3c59-46b2-b528-f3ab0783018f,2026-08-17T18:06:00,2026-08-18T13:50:29.012625,payments,billing,low
7f0af2f5-3c39-4ec0-bdb7-452f2fc2f0ad,cace52f7-0e5e-4486-8545-e4f91441615c,2026-08-27T06:01:00,2026-08-27T13:25:59.143826,analytics,performance,high
073f485b-b936-4cf3-a9c1-972771ec1afd,4ac49cd7-3b87-4c20-ac4b-f13183eee510,2026-07-29T19:22:00,2026-07-30T06:47:00.634603,identity,account,high
6e60abe2-c090-424f-bfda-465ab668c673,0e3a9e2f-c3ea-48e3-8e86-09e98553bd09,2026-08-25T21:56:00,2026-08-26T00:54:39.048100,messaging,account,critical
f7db53bb-55f6-4961-b9ff-bcbe6e13a9e1,5c5f4515-1375-4f68-9c64-fac9bf21ac06,2026-07-17T09:00:00,2026-07-17T15:01:08.295624,payments,configuration,medium
2d830141-f88b-4b11-b84f-2afe607ad588,fe9a3281-76ac-4ed5-b79a-e4eb1c005042,2026-07-03T04:23:00,2026-07-03T19:58:41.179974,messaging,bug,medium
971a3556-bdef-4e54-b71a-cf763ba23f91,9525b4f5-dca7-44ed-a8fb-21376a2f31e0,2026-08-07T17:46:00,2026-08-08T00:33:49.921280,messaging,bug,high
45f99d36-8cae-4038-9812-c23c49ab8945,b5b17def-d07e-425a-b588-45c705a4423b,2026-08-28T00:38:00,2026-08-29T02:20:15.726706,payments,bug,medium
deabf908-9e66-46a8-b76e-50a9234bab37,69df484d-9d7b-445a-b938-d0ec44b80c21,2026-07-24T03:47:00,2026-07-24T11:50:12.661260,analytics,configuration,high
574743b2-0521-464c-91c3-0140730520da,46a8c445-a253-4f66-9fa0-b5528a6f602e,2026-07-30T11:37:00,2026-07-30T18:20:51.213655,analytics,bug,high
fa6ee169-e7b9-445a-8497-bd46552605bc,168a2895-81bd-41fd-9a72-e9b199100b83,2026-08-21T18:49:00,2026-08-22T04:46:58.240746,analytics,billing,medium
1f64ba4e-0281-4203-b396-63dfb0f3dffc,e107f33b-664b-4363-b72a-2e4402ba8d53,2026-07-31T18:14:00,2026-08-01T14:51:18.263899,messaging,performance,low
27a9bb26-d4fe-49ec-9d0e-87f5793a9177,d61a8685-353a-4e00-b4c7-dd300f8d399c,2026-08-13T19:50:00,2026-08-14T09:41:34.448707,payments,performance,high
801d20e7-a292-4fd4-8447-cc60a8c709a1,11922e20-56c3-4575-91cd-f5a7648599e1,2026-08-07T16:17:00,2026-08-08T00:48:10.348061,analytics,account,high
722b7ab3-497a-49e4-b2a4-2ed44d0e9369,ef50d61c-326e-4729-9bdc-0cf88a018f30,2026-07-29T17:13:00,2026-07-30T03:36:46.617604,analytics,billing,high
349bf7d7-8424-4a43-8e8d-7483657e308b,f314aff1-7097-4393-8507-2c473eb883ae,2026-08-02T04:26:00,2026-08-02T15:09:33.287622,analytics,billing,high
b4467e61-ce8b-4a94-ac67-62b5c3b316c9,8cef1154-f9e4-404b-8936-64951cbbbd0f,2026-07-31T20:53:00,2026-08-01T09:44:06.406898,messaging,account,medium
823fe61d-7d3c-4cc8-ad12-bd23a154dd28,2bbb4c75-0dbb-4773-bee4-80801790fc8b,2026-08-05T11:01:00,2026-08-07T07:13:46.208060,payments,account,low
3f60fff9-f3ac-4bd3-bd82-16e855425a7c,42f4a1cb-22dd-4e7a-8e87-a8823e4046b2,2026-07-29T01:27:00,2026-07-29T08:45:39.443554,identity,bug,high
6a1bd168-cb9a-4140-8781-0cb2e2adc66f,e0dcc7a4-047f-4073-9a1f-78844477ad33,2026-08-15T05:49:00,2026-08-15T12:59:44.653196,payments,configuration,critical
82f31c16-677f-4c0b-b902-c1b561d665bf,9b886959-35cd-4ca3-a262-ce8ac8ff6f34,2026-07-28T13:06:00,2026-07-28T18:30:00.367079,payments,account,high
bd7d4854-72d5-45c2-93d9-254a81fdc2bc,3aed3f6d-9b2a-42fb-b3fd-6821b7e21bcf,2026-08-04T01:29:00,2026-08-04T18:28:16.561226,analytics,billing,low
f085dba9-9737-4582-945b-aba6f1754ca5,447ff0a8-38e3-4ff2-95f3-98de81673c79,2026-07-03T06:28:00,2026-07-03T14:44:57.144515,messaging,account,medium
655638c7-9389-438c-a1da-681451044492,ac9655b9-613b-4874-bfea-d630365c4868,2026-08-14T00:09:00,2026-08-14T15:23:01.596359,identity,configuration,medium
d44e8ca3-1222-4a05-9943-b346fc790faf,bb90b5c5-b151-4b2c-a663-884fba4d41af,2026-07-09T22:38:00,2026-07-10T15:54:07.073008,payments,billing,low
093fe3e9-8565-413e-9f94-088fb600e48a,ad6cb5db-48bd-4d96-aa2d-6c8a7ec028ca,2026-08-17T13:04:00,2026-08-18T00:31:31.315508,analytics,bug,high
608a7e44-e31c-4604-bf2d-35c730f3a84e,4d892959-3e46-4b7f-a301-3af15543194f,2026-08-24T02:14:00,2026-08-24T06:24:03.207461,analytics,configuration,critical
3b68cb5f-038a-4602-8587-ffed3feee48a,9c86aa13-14cf-49ab-a660-a77018efbf7c,2026-07-10T09:13:00,2026-07-10T18:19:38.904539,identity,bug,high
404aa5f2-2600-4750-9d12-75dc3bbc2d0f,2c37670d-bb6f-44a4-8cc7-536618584dda,2026-07-20T02:24:00,2026-07-20T11:50:19.710692,identity,billing,medium
0b265beb-1d78-483d-807c-6b8394b19274,1e3783bc-f25d-4845-923a-e5a1a1614d12,2026-08-18T10:46:00,2026-08-19T00:40:27.992592,identity,performance,low
ff71e96f-1fd5-44ee-9af7-68848e3b36a0,6deabf6d-ea13-4617-b96c-8dc9319877c1,2026-07-15T08:03:00,2026-07-16T10:17:57.713932,identity,bug,low
5f68cfdc-00df-4dc1-9871-a359d264752d,2b226c69-34c7-48d6-94a2-52dd20ad736f,2026-08-20T22:31:00,2026-08-21T06:54:41.730920,analytics,billing,high
bdf64162-689e-4773-a203-67b04dc087cf,26457ca2-af6e-4d14-b9a6-20823ade5d3f,2026-07-25T16:07:00,2026-07-26T00:10:19.078940,payments,configuration,medium
9e1554de-4266-48fa-b747-0889da48898f,74e8412b-a1af-4990-aa3d-70468d959633,2026-07-29T08:12:00,2026-07-29T09:51:07.842784,identity,account,critical
14999319-44dc-4999-bb1f-ec8f1b11f31e,e29689cb-3421-40eb-ad9a-851e5da5bee5,2026-07-03T15:20:00,2026-07-04T07:14:17.256629,messaging,bug,low
ebcf0cbe-04a7-4fdd-9e5c-bb0d38a7504a,81dc6edd-018f-45d9-80b6-01da47802455,2026-07-08T20:07:00,2026-07-09T10:34:22.072047,messaging,performance,medium
8781f818-4930-4a76-baae-ad5de185783f,17675c11-5ee4-4b31-a56a-14a1ec075904,2026-08-23T22:53:00,2026-08-24T05:22:58.290753,messaging,account,high
75511d9e-8661-45b5-84ff-90c13ab6f123,396b1e8e-778b-49ee-b114-fe8de2796e74,2026-07-19T00:51:00,2026-07-19T07:57:53.978731,analytics,performance,medium
f68139cd-68da-47b9-9dda-3e8b9a05bc6f,ad915b3b-f613-454f-a7a1-e69312c8ef30,2026-08-12T14:57:00,2026-08-13T00:25:32.965674,analytics,performance,high
920d5867-d728-45b5-8dd9-749e944ba567,fac52cc2-3405-443a-b3e8-c5707fcfb6f0,2026-08-12T08:40:00,2026-08-12T16:23:28.776739,messaging,billing,medium
07c21d3a-c109-4512-ad06-15b32cd0457a,a70b8f6d-54c9-4bc1-a330-65e8ce72bfa8,2026-08-26T03:43:00,2026-08-26T05:46:00.213174,identity,configuration,critical
6908cbe1-653e-441f-9853-4b14db3e9a4d,645931dd-c56f-4e90-9c27-cdf51a161d7f,2026-08-30T13:06:00,2026-08-30T16:03:45.072712,identity,configuration,critical
a26a64f3-0bd3-4cda-8ead-cd9aa52bfff3,66ba08e6-28e5-48e7-aebf-45909fdb2070,2026-07-06T22:47:00,2026-07-07T06:36:45.180072,messaging,bug,high
da8cbc21-cb69-41de-8e2a-d612e9f81ee5,7cc1f065-50ed-45ed-915e-6cbf94318d53,2026-07-16T13:07:00,2026-07-17T01:12:43.425569,identity,configuration,medium
ed338bd1-5a69-4562-9c89-493915621fa4,a89c9988-c026-4461-b3b1-ad72a509b279,2026-08-06T22:14:00,2026-08-07T21:29:49.524882,analytics,configuration,low
b4a4fdd9-a881-4d29-ab01-7f7bd8ccd96b,ceef82ac-23f6-4b8a-b7d2-a072aa017cbe,2026-08-18T11:48:00,2026-08-18T14:00:56.613151,messaging,performance,critical
9cda8845-3888-4ad8-8c75-f88843b8ff3d,695f83e4-ee5b-43fe-9607-f7c806f37205,2026-07-23T04:21:00,2026-07-23T06:02:53.447294,payments,performance,critical
e7d4f2d1-0722-4c67-9f48-464e5b47046e,7a29af0c-57cd-4e12-9a9a-e09f925d08dc,2026-07-19T22:54:00,2026-07-20T07:15:22.374149,messaging,performance,high
99dabee9-63a5-4a8e-ac9d-1842dfc8c57b,3fee78a7-e67c-4752-a741-fe43f55a43cc,2026-07-22T11:53:00,2026-07-22T13:43:34.686893,payments,bug,critical
0f7a3261-52a3-488e-b458-dea052cf210e,13f028f2-298a-42dc-af59-eedb5063a3d6,2026-08-24T06:08:00,2026-08-25T05:55:47.093790,messaging,configuration,low
1d97cd05-50ac-4a14-942e-88a66f3a6202,91caecfa-ab16-4fb5-8fd1-8ba2d56314f7,2026-07-17T00:51:00,2026-07-17T20:37:07.194967,identity,performance,low
cc8bfa7c-fdea-4f50-9ec2-81023a021370,4ff94904-4ba5-457d-b1cb-50aa04beb51c,2026-08-24T06:52:00,2026-08-24T10:18:05.882447,messaging,configuration,critical
2fa90e5e-7ecc-4032-a4d8-7f765e22866a,b252db35-069f-4ba3-aa21-ab838ccb522d,2026-07-06T14:18:00,2026-07-07T06:56:49.698380,analytics,billing,medium
bbe42bb8-d4d1-4446-ba7c-d93baa4a3122,125d0cdc-4c7c-44f5-bc80-909aa4fc7f2a,2026-08-27T21:39:00,2026-08-28T09:05:08.494956,analytics,billing,medium
91e51c74-8a18-4cec-853c-61c25580f392,fe790480-2853-4d86-9ce1-aed06fb6ec44,2026-07-27T12:47:00,2026-07-27T14:52:13.199498,messaging,account,critical
fa74aa5c-4470-45f4-bac6-58aa077b67c3,a6d91894-3770-41d6-95a1-d19956679e05,2026-07-29T19:37:00,2026-07-30T06:57:52.846730,identity,account,high
d239a223-2005-4c93-b8f0-e7d3e189d325,9a15f643-e398-4386-9f78-44461ce75b3b,2026-08-09T13:40:00,2026-08-10T09:40:24.601000,identity,bug,low
3bd8c1c9-e250-4ac2-bfc3-48866671e26f,ec3250ff-6340-4aec-978f-019b7107d2e7,2026-08-16T11:02:00,2026-08-16T15:31:57.424086,messaging,billing,high
2e8c27be-0928-472f-b8a7-525655ae3475,14f1a2dc-d225-403d-a657-51a3efed7eff,2026-08-19T23:03:00,2026-08-20T03:55:39.311527,analytics,bug,high
c6082bb0-3207-4f0c-b4e5-6a3699c5c41c,7e9467a4-d855-4a0f-8521-6c6336f92088,2026-07-26T16:29:00,2026-07-26T20:05:23.996329,analytics,billing,critical
ca84f345-b332-4922-b728-0b76d56f360e,ecc72c86-0e28-418f-a826-1dff33f3ab4c,2026-08-05T21:17:00,2026-08-05T23:55:40.902487,identity,performance,critical
39826fa8-e89c-4f77-95cc-37942f19dd54,f2da9ddf-d259-4adb-834d-c5701c574966,2026-08-19T14:49:00,2026-08-19T18:16:03.498749,payments,billing,critical
d09b9daf-dd33-4af7-827f-2b06a30df65a,a58a3ca8-f786-44f2-b664-a9d85fa19f57,2026-08-20T13:20:00,2026-08-20T15:17:46.086742,messaging,configuration,critical
a86fe892-c6a4-4fee-af22-ab11c218f5f3,1ebcb18c-a55f-48bb-bca2-063adceabe42,2026-08-30T23:46:00,2026-08-31T18:17:28.453036,payments,billing,low
ec8580c3-2aab-42b4-bc30-7b02727f32b9,c74d5bd7-0b22-453a-a8f8-c6c8386ad0a4,2026-07-02T10:18:00,2026-07-02T14:43:29.730292,payments,performance,critical
21618a4c-6e80-40e7-987c-62edb0f8bb11,d43ff039-ae01-4b13-8a89-89cd23bbe032,2026-07-13T08:36:00,2026-07-13T12:40:49.649830,analytics,billing,critical
9720004a-0add-4f31-bc71-f67741626f37,ed69a364-c529-4e30-b7c8-964578402138,2026-08-25T00:23:00,2026-08-25T11:50:09.836318,messaging,account,medium
422c9db0-ae0d-42a7-9792-95ad627203da,b297c2d5-369c-4c33-a9f8-7dbd15b924c4,2026-08-08T14:30:00,2026-08-08T20:18:21.338450,messaging,performance,high
2275e89f-fd2e-4559-9b32-f56a5ea624cc,5f3f344e-24ac-4939-8c65-0a6bbf735fb9,2026-08-08T15:55:00,2026-08-08T19:57:25.481976,analytics,account,critical
a60068dd-2bba-437d-8a58-1ba516a5ee7e,da7958f3-a87f-4f01-9424-c9418db308be,2026-07-22T13:11:00,2026-07-22T17:27:03.702030,identity,performance,high
5647f64b-5475-4fdd-abf6-522326f54e07,3ff4128d-e0a8-4b45-96fe-685513d1381c,2026-07-04T10:43:00,2026-07-05T06:09:41.417041,messaging,configuration,low
7e6164b5-a16c-4040-8536-aba98d024a9d,4db62b6f-bc64-4f12-80dc-7d590b589d8c,2026-07-08T06:54:00,2026-07-08T14:37:10.166227,payments,account,high
654a18cf-6936-4870-9851-66a66fd5f1a4,59c15823-080a-4743-930d-3ece2cb9175a,2026-07-08T02:54:00,2026-07-08T06:17:31.158770,analytics,billing,critical
6efc706b-7fc7-44d8-a6bf-af32fdfcce63,aec16a95-0b96-4a79-b978-a150e971c341,2026-08-30T09:57:00,2026-08-30T18:51:15.526482,analytics,account,high
9480be2c-4c8d-4dc8-872a-d6b843dd9e65,01e688ec-a8ef-4894-8016-233025dfab9b,2026-08-01T06:29:00,2026-08-01T09:31:16.761592,analytics,performance,critical
7428a65a-50d6-4b6a-9007-26acc720172a,90a0602c-b03b-43f5-af96-27672873f255,2026-08-12T17:03:00,2026-08-13T04:44:04.741511,identity,performance,high
0bcfe3af-5a44-4fe3-a542-6a95d63558ec,48cdf2fb-d269-4eba-9817-097d8feb18e9,2026-07-27T19:36:00,2026-07-28T17:06:39.315353,identity,billing,low
3dad0636-92e4-4dd8-9c86-78de4b06d4c6,71de7c8f-ca66-4367-b19b-2912268288d6,2026-08-24T09:33:00,2026-08-24T14:02:28.831579,identity,account,high
61eafc3d-e2a7-491c-9095-ca92a9674858,43c95a96-a637-42ce-afa5-57694b9b660c,2026-08-13T01:38:00,2026-08-14T15:05:53.151547,payments,account,low
6adfced5-54ec-4941-94b3-f3f32d7c2ab4,6c187ae1-68f7-44d2-8ddf-4d73a6a15bbf,2026-07-27T13:20:00,2026-07-27T15:04:51.109802,analytics,configuration,critical
2ffaf198-d02b-4b96-8e80-4bd81ad4c7cd,0593c989-3cdd-44f3-900b-771f47938e15,2026-08-16T00:29:00,2026-08-16T05:32:37.116369,analytics,configuration,high
9c939687-9fd1-492f-b8ca-f83035fca8cf,1253eca4-d7a7-47db-9379-62e142b020d4,2026-07-26T13:47:00,2026-07-27T12:07:44.609946,identity,configuration,low
778ac95e-94d6-4c4b-9430-cb4709267f0d,e9793684-7d06-4367-8ef4-55f46fa079e4,2026-08-24T23:04:00,2026-08-26T00:06:15.942594,payments,account,medium
f867cd17-1907-4294-9b79-7f16043b338f,75437fab-2e5c-4026-95a1-a1bb9d02768c,2026-08-03T15:46:00,2026-08-04T13:02:27.263629,payments,configuration,medium
5d5e4e46-fc65-4d31-b494-1de7008f1902,3179ba6f-4510-47d8-8bb4-ec4a44efe984,2026-08-18T00:05:00,2026-08-19T02:29:43.997063,analytics,configuration,low
2126f0df-5aed-4e08-9718-37d41deb867e,9d57c266-b25e-4f12-a2de-cc593a9a976a,2026-08-24T04:59:00,2026-08-24T11:50:35.949821,payments,performance,critical
eccf92e0-7888-4d5d-ac54-5867d43c18b1,5b092b2c-dd48-4010-ba94-6c04a6850bc0,2026-07-22T15:48:00,2026-07-23T04:43:59.119413,messaging,billing,medium
3a58aa1a-54a0-490b-807c-164fd4f49433,581bf672-6052-44aa-93dd-f214f01c6c97,2026-08-01T09:49:00,2026-08-01T19:45:43.503165,analytics,configuration,low
6a61e6a0-9364-4580-923d-fb4b56da0d5f,a7272005-e97e-4ce6-a77d-88692ee08aa6,2026-08-12T05:39:00,2026-08-12T13:27:36.467731,messaging,performance,high
7d15de7b-c87f-4016-8a7c-2e4667acefc0,2492f1a5-8de4-46a8-b0d4-c3af31287c97,2026-08-18T11:18:00,2026-08-18T16:33:46.021450,payments,performance,critical
22d913e1-3d4b-44ca-8331-ec30140f7920,7a576904-1afa-45e5-8c61-2fe9a699df05,2026-07-14T05:05:00,2026-07-14T16:30:04.008750,messaging,bug,high
1fc8f946-ee4f-41cb-adb2-3ee4bbead56d,7f596f58-eb70-4a19-8708-48a07e7e2a7e,2026-08-10T20:27:00,2026-08-11T07:12:09.207984,messaging,configuration,low
8c5b630e-4252-4ffc-bcf3-f8632be3d693,1ca46a70-84f4-4fbc-a633-90ac2b2fbb1b,2026-08-18T08:37:00,2026-08-18T15:17:47.061311,identity,performance,high
64f57a70-50cb-41bd-9bed-b80b9a5ed063,4a21ae87-8076-4148-a8c2-856ec8f34909,2026-07-25T07:27:00,2026-07-25T10:19:59.972809,analytics,configuration,critical
a0d56dae-563a-413a-9302-b7895b264f15,73ac0b60-038f-4e5f-ae1e-76fd8d37c620,2026-07-23T00:12:00,2026-07-23T09:37:18.283015,payments,account,high
f640b121-beff-413f-8638-8e59865b44ee,d3db8d74-d874-4c68-9d2a-055a4b67ed7a,2026-07-17T09:02:00,2026-07-18T06:08:37.560511,identity,account,low
c1d597da-e17a-4a07-85c7-3fbbac506ece,e50140ca-493c-48cc-b4c1-7bb00f87cc84,2026-07-07T04:26:00,2026-07-07T22:53:17.124302,analytics,performance,low
61dbc9a5-4745-4657-854e-2840b56d629b,52e0198f-d6b9-4929-a3dc-f62be9a7a013,2026-08-10T14:10:00,2026-08-10T20:10:54.607886,identity,billing,high
82469a25-33fb-43aa-af3b-620f99a7b18b,3042f65f-f43c-4617-8f88-61a4953559a2,2026-07-04T02:21:00,2026-07-04T12:22:25.947871,analytics,account,low
b3ce2152-e8b8-4cd9-957a-e1dfadac214e,9d5e74c6-8487-45fb-8979-e8d732b63838,2026-08-24T01:54:00,2026-08-25T17:02:29.880344,payments,account,low
cd53f535-09e0-4fd8-862b-4b863b422d79,75cc276a-86d5-4fc5-94ba-7e4d2c9ee416,2026-07-11T22:05:00,2026-07-12T08:35:41.404614,analytics,account,medium
57e75bf7-d2e6-45a3-9cac-c85a1f82f10a,115c0bda-c2dd-4ecd-aa76-e4532e92b058,2026-08-28T23:22:00,2026-08-29T15:38:19.387056,payments,bug,medium
5918c3d9-b90e-430e-9116-76df9a1306ed,016ccddf-eb50-4848-af0f-acc4e0faa6c6,2026-08-12T12:04:00,2026-08-12T22:13:17.542940,analytics,performance,high
d910b342-cf0e-4f51-bcad-eefb00bf8bc3,c9b628d0-d0bc-49ba-9525-468f27296662,2026-08-30T18:20:00,2026-08-31T09:42:07.592099,identity,configuration,medium
e5c1cffe-087e-4fa2-baad-5f443e71d61e,645b3fd3-e039-42c6-98e3-23b21f7302ba,2026-07-26T05:44:00,2026-07-26T08:13:52.671159,analytics,performance,critical
c859020b-006a-4494-abda-1aad8360b084,f9a3354f-9005-4a64-a22a-3d6b076cf25e,2026-07-06T11:12:00,2026-07-06T22:29:12.832776,identity,configuration,medium
9726f0ce-b9eb-435a-ad0f-f90b1071efec,45367dff-b3f9-404c-b5c1-93b36fbe9b69,2026-08-14T18:10:00,2026-08-14T21:49:48.915786,payments,account,critical
aea22044-e137-409b-a252-223eaa8389ac,860b22e8-c70e-4e8d-9ae0-b61d74185824,2026-08-14T18:54:00,2026-08-14T21:03:18.574181,analytics,billing,critical
80453439-7c2c-474a-96d2-216b465693bb,2c9b27c0-d736-4729-82ad-05196ae875e0,2026-08-28T13:23:00,2026-08-28T18:12:34.668939,analytics,performance,high
eee3ea36-b419-40a6-be88-bcfbf68d4202,3c56a908-f822-47b8-a225-b32d0dd78cee,2026-07-07T15:17:00,2026-07-08T01:30:04.430361,analytics,account,high
535a4e86-3ff5-46ef-a50e-4f0cbf7ef27d,7330402a-f3f8-464d-b855-b0036135c456,2026-07-02T16:59:00,2026-07-03T18:46:31.513285,messaging,billing,low
efa65903-fe82-4dc2-85d5-7753cbc81ee7,1d7219a7-ade3-47f4-b5e2-f75db4d73faa,2026-08-30T11:51:00,2026-08-31T02:15:02.384611,messaging,configuration,medium
a4a7542b-797d-4a3e-8f1f-9afc14e57f44,735a0849-fba5-4413-86fd-c27eebc5eaf0,2026-08-05T14:52:00,2026-08-05T17:48:03.905802,analytics,account,critical
de790ec2-f8d8-479e-ab27-fa23bd62a728,279ccb30-393e-4ef6-8f15-886f7add16af,2026-08-06T18:21:00,2026-08-07T00:23:22.877965,analytics,account,medium
5150287e-13e5-4c28-a276-bbda41d7181d,7ed86a01-c371-4373-986f-4a2772cf92f0,2026-08-13T21:05:00,2026-08-14T03:45:03.063730,analytics,account,high
9c4a31c3-85de-451a-8803-26fddc335f6d,43db0e93-794e-48a3-8db9-f7b41465d094,2026-07-28T13:32:00,2026-07-29T05:06:35.027426,messaging,bug,low
564d0654-9592-43a9-8e2c-dec1074d0d04,947d2bc0-f7a0-4b92-b157-b9f900070299,2026-07-31T22:52:00,2026-08-01T08:02:56.426068,analytics,performance,high
79c4a248-a40c-43c1-bb84-9899a73382bb,e046da08-d355-4700-9001-939b8dc0881f,2026-07-17T01:49:00,2026-07-17T11:24:11.198912,analytics,performance,medium
8b9f3bae-52d9-4f69-b877-01bd7fa2a508,70bac604-062c-40e2-9aa0-cfa3ad6649a3,2026-08-05T12:11:00,2026-08-05T13:56:16.514834,analytics,configuration,critical
ee1fdd98-d4c6-47b1-abb1-65d7d82762a3,87224558-bd29-4562-ae1d-1185af009f24,2026-08-27T14:21:00,2026-08-27T20:46:42.166069,messaging,billing,medium
c8dd6c87-f916-4646-91ea-02cdbd7b9c56,10471f1a-bf0d-4c4b-9f44-eaa7704487c1,2026-07-03T07:24:00,2026-07-03T09:05:20.320413,payments,performance,critical
62d1e6f7-65b9-440c-a32d-3f99518bff7d,c2773d81-4787-4600-83df-ea316d75d479,2026-08-19T04:51:00,2026-08-19T09:14:59.000711,identity,performance,critical
a89f7dce-ae13-491d-9cde-ccd24c174072,2297b06c-2a6b-4954-9932-d334f5874919,2026-07-02T11:51:00,2026-07-03T02:55:44.165566,analytics,configuration,low
c653ba92-fda4-44c9-8f41-bd0fbce198ff,4d45d8fb-a3c9-42ad-919d-7e790f00044e,2026-07-04T21:31:00,2026-07-05T13:12:06.880091,messaging,bug,medium
97c19166-957e-4fc9-9d1b-d952a5e576a4,6d65ca00-ab37-4b12-afb9-ec0b4a5e74e8,2026-08-30T17:46:00,2026-08-31T08:39:33.424774,messaging,account,medium
be3e8c8f-040c-4b66-906d-fccc7dde919f,720960e1-d0cc-473a-b12f-a1e2be3cd10b,2026-07-22T04:57:00,2026-07-22T16:49:00.251616,analytics,bug,medium
78dffe2b-df62-435b-8fcd-a0aacecebb9b,58d9126f-d4df-4a08-a495-4b7cdc9273a8,2026-07-02T17:38:00,2026-07-03T07:00:05.829344,messaging,account,low
c995cf23-be00-4ea3-bd1d-a1ac9c571a4a,316ba7ab-3c98-4aa4-bd0e-72930252d93c,2026-08-29T01:17:00,2026-08-30T01:44:55.754721,payments,bug,medium
28b19c14-1e11-437b-a739-c6779c7d9a02,f67fe81d-dac7-4f25-90ad-143fa8531593,2026-07-28T23:23:00,2026-07-29T15:24:27.213182,analytics,performance,medium
57a978c5-4c3c-4ef9-bcce-d959cded5315,273ad168-dee7-44f1-8025-4808c08b9c89,2026-07-06T19:43:00,2026-07-06T23:00:05.755997,analytics,bug,critical
41689777-1706-42d0-bb32-662b0a40467d,cc96f165-bfad-4156-ac61-46f9cce24b52,2026-08-26T00:51:00,2026-08-26T20:51:22.203436,payments,bug,medium
1075340f-2b74-41ff-afe9-a977cd55306a,0d3cee76-2f24-42db-9469-e9bb342fa991,2026-08-06T14:12:00,2026-08-07T00:03:32.683072,identity,bug,medium
e7ca9a21-962a-4232-a828-fef855a59ca8,ecfc0df2-9c73-4f3f-aa19-be6c86f321cc,2026-07-20T09:48:00,2026-07-20T19:49:33.761035,analytics,account,medium
8bf2124b-242d-4dcb-80e2-acb69d471bab,ac0aa391-2241-47fa-a859-ea2447fec461,2026-07-11T23:46:00,2026-07-12T01:46:14.949214,identity,billing,critical
53e62729-7aeb-4518-8b8f-4c9ed5833b1a,677ea3c5-a5e9-47a4-8c37-5853540bbfad,2026-08-03T16:07:00,2026-08-04T22:54:40.529259,payments,performance,medium
725da3f5-1c0c-4051-bd19-bb5ea9d62370,6ecf6744-485b-4030-ba42-378fd9187217,2026-07-04T16:54:00,2026-07-04T20:43:58.745687,payments,bug,critical
4e13a3c1-382a-49dd-abbf-25f5b067e24c,58ea604a-ae39-4bc2-9f64-aca09fbad288,2026-07-02T10:08:00,2026-07-02T19:15:48.114868,messaging,bug,low
b3306f9a-896b-48cd-b6e6-0995271d135b,1d80bdf8-90ed-4ee6-bb35-0cf520b7dd09,2026-07-09T02:43:00,2026-07-09T06:17:37.469973,identity,performance,critical
2a9db858-2d7b-4922-8bd0-919d8f3d31c8,c0681b7a-ce61-417d-b05b-e7ec65d83e7d,2026-07-19T18:21:00,2026-07-19T21:05:09.938305,payments,configuration,critical
f6c61f24-867c-41aa-b037-c6988dce046d,fce8b1af-10af-4ae5-8e67-2e48f41cd3f0,2026-07-16T21:18:00,2026-07-17T11:54:22.986242,analytics,account,medium
9c1b1f0d-f6ab-458d-8d56-a7be475cb9d3,fb1cd0d8-36c0-4556-9eb7-f3533c8000c8,2026-08-25T17:02:00,2026-08-26T00:23:01.033059,analytics,configuration,high
622cceb1-0f2e-498d-a3ba-e5f1c379ca09,c1dcce57-bdb6-4d1e-be22-fad5fad6d1bc,2026-08-20T18:20:00,2026-08-22T18:29:57.435128,payments,billing,low
797967ca-ef99-4f7e-9c9c-c2cd854752fd,f6045678-9110-4ed4-a2c6-35852324f84f,2026-07-09T17:01:00,2026-07-10T04:35:14.131505,identity,account,medium
39dd8eab-3000-42cc-8e1e-b7f582a775cf,9a4db1d9-ff34-4068-9029-26af92323861,2026-08-27T00:31:00,2026-08-27T22:59:35.383345,payments,configuration,low
af143e5b-9247-42b0-8ea8-a71a0d13cead,5befa899-8ee3-4d14-a8ee-a7229eeeaaee,2026-07-14T13:58:00,2026-07-14T21:53:01.614441,messaging,performance,medium
07b05358-7ef1-4326-984d-e2b480268b70,c33c363b-a980-400a-a1c0-e5546bb51c5d,2026-07-04T22:11:00,2026-07-05T03:51:36.184881,analytics,configuration,high
90bd1bd4-0fc4-4923-aad7-1c71fc2030c7,6a528efd-9bdf-4af6-824a-5ecdfeb4463a,2026-07-23T21:09:00,2026-07-23T22:46:47.828813,identity,account,critical
3f1fb791-f836-4d9b-965b-935ea26120b4,a81cb676-03d0-4624-8103-61ac251c973a,2026-07-05T18:35:00,2026-07-06T12:18:51.978462,payments,billing,low
1c2e638c-0e98-420c-85e1-60a0d70a9753,bf483abd-305a-40dd-8506-66c28e085c1d,2026-07-11T13:32:00,2026-07-11T16:48:41.231952,analytics,billing,critical
54bb498a-9482-43f8-a622-f8a2be047aed,e44d4817-3ae2-457a-9873-737e61ec1a17,2026-07-30T16:05:00,2026-07-30T21:55:25.821185,messaging,billing,high
0621a833-5814-476f-b87d-b8365a7455cd,38ba1a2e-00c7-4857-afc8-300e729c10dd,2026-07-11T00:35:00,2026-07-11T13:51:05.269820,identity,billing,low
a0d5d59f-3f78-4d0b-a8ea-1e332dd858f6,6d993e89-4527-4218-b35e-79888d0e4a0a,2026-08-07T13:19:00,2026-08-08T01:42:17.670745,payments,performance,medium
07459b12-b3c7-4e37-a14d-a68bf46b0300,32bfba1d-bdde-4abb-b4f5-7d0545c2db48,2026-08-23T06:09:00,2026-08-23T08:05:05.365737,messaging,bug,critical
bdb8211d-1190-4cdb-a21f-6bc2b77d892f,fbe9fc3e-6436-4a33-ba99-1b7b3e764ba0,2026-08-25T11:19:00,2026-08-25T13:56:13.638885,messaging,billing,critical
0b86090f-d68a-449b-bad3-df6077283743,5885e701-a6a0-466f-91eb-3898c8f67f12,2026-08-11T15:56:00,2026-08-12T02:02:42.612577,payments,configuration,high
02fe55d2-cbd4-44cb-8e5d-b0b00d57190e,ef134829-96fe-4906-bd83-2b2bc250bba4,2026-07-12T13:53:00,2026-07-13T03:56:03.149237,analytics,account,low
27509c34-151b-4631-b077-28771bcb9e8a,2bee42b8-e4e6-4f92-8b51-d247534663c4,2026-07-11T02:43:00,2026-07-11T04:43:48.974221,messaging,performance,critical
b703719a-3a48-4043-9cdb-e8dc491f5cf3,02602a9e-d28c-4aa6-aad5-0fc689aefa7f,2026-08-01T06:33:00,2026-08-02T10:24:15.172000,payments,configuration,medium
306ede5a-cfb4-492e-853b-bd899e21373d,59c6dc91-ab48-4355-ae94-b391b6f3011c,2026-08-28T01:43:00,2026-08-28T14:23:04.244080,payments,account,medium
ac80c9cc-b110-4e00-b689-8cfb5b34dbb6,908305d2-3321-4b79-abb3-c6325b4b7906,2026-08-17T11:49:00,2026-08-17T15:49:39.481483,messaging,billing,critical
e6d51830-2b39-4eeb-a6be-7bbca0e19398,c475ddd5-0ae5-46df-adf5-90da7fe84cfc,2026-07-26T09:51:00,2026-07-26T18:49:26.318377,analytics,performance,medium
4243d17c-c5de-40aa-8505-28a766ce983f,03fc3ba0-0573-462e-bc94-96a1a6def0fb,2026-08-09T12:37:00,2026-08-10T19:09:13.567089,payments,account,medium
5cf508c4-c0be-4b5a-8e7f-caa7c20f470c,9820c599-482c-4a13-96b6-98517bf8c59d,2026-07-01T11:05:00,2026-07-02T13:55:34.523029,messaging,bug,low
61207477-a968-4f23-9ec9-ade3fcea096e,4beee920-1f35-49d3-8279-28e535b76134,2026-08-15T21:28:00,2026-08-16T00:24:16.108864,analytics,performance,critical
6d366b98-34ba-4685-b2f5-8d3e89fc8056,ffd69a5c-1150-4000-9e4c-c53b2757f02e,2026-07-09T22:04:00,2026-07-10T05:03:49.553834,messaging,performance,medium
7f0ccf56-e44c-4363-acef-22913647d44d,aa05c0d0-353d-4d89-b57a-6e3a2895fddc,2026-07-02T03:08:00,2026-07-02T13:26:03.125448,messaging,billing,medium
4df32f19-adda-4f54-b9f7-50f6a26c28ae,85026169-7199-4ccd-a659-aa8736284190,2026-07-22T18:14:00,2026-07-22T21:44:25.584570,analytics,bug,critical
84392fae-dcb2-4a59-acfe-ffed863afa7e,9604ecbd-ef46-44a2-82c8-cf58544ad67e,2026-07-15T17:27:00,2026-07-16T20:01:32.066443,messaging,account,low
25ce2fab-af3d-4f1d-bfe1-e664c856c599,c90b4f75-fdd9-476c-9a74-e10b5ca5d9de,2026-08-12T05:06:00,2026-08-13T08:57:39.413506,payments,performance,medium
48dc344a-6840-4ba1-b9f0-069e050634d4,3dcadd72-9897-4028-9723-cb0fae862c63,2026-08-03T17:11:00,2026-08-04T09:06:40.176561,messaging,bug,low
2f30c1b5-3cfb-4e79-a31d-c60cb0c6fddc,c4aab68f-6346-4d76-97d5-6e6dcbdbb85b,2026-07-31T07:14:00,2026-07-31T10:59:31.190518,analytics,configuration,critical
ad38ba9f-185c-4ac8-8aef-7952965475d8,64ef9f21-b61d-4e39-bfc3-fb6607dbf4a6,2026-08-25T18:01:00,2026-08-26T11:48:41.839101,payments,bug,high
d57bee6e-703c-4933-98b7-dc35a4df3533,9c4a57b9-e667-4162-a038-5811b8160ae8,2026-07-05T23:44:00,2026-07-06T15:37:35.483681,identity,bug,low
0fe14390-4398-4b90-b7aa-14ded6162573,003f88e4-70a1-47b3-8ae4-96965f2318ea,2026-08-12T08:34:00,2026-08-12T13:58:07.701212,analytics,configuration,high
354968c1-cc6a-4723-b599-ebf7fd745c2f,08fc72e4-fd69-4fdd-ac2b-6b43b38dd30e,2026-08-20T20:41:00,2026-08-21T04:20:39.130870,analytics,account,medium
b4c9eaa3-ff87-4b84-a2ec-a1e2f5fc6ea3,63f74bf7-0e02-4e72-a404-7b4c5836d47b,2026-07-31T11:39:00,2026-08-01T08:19:57.688342,payments,account,low
b5c9884c-c39f-4d2e-a05c-4f3fdb36fa83,a9909566-e8ec-40b2-b499-a5d4771b369b,2026-08-22T19:17:00,2026-08-23T07:33:44.572939,payments,billing,high
6a8d1108-8e17-4e4b-8b9d-423f736eeccf,d528f988-6d56-4e68-b0ff-a1e69dec3347,2026-07-25T08:03:00,2026-07-25T18:11:26.322868,messaging,configuration,low
564c9878-9750-4b0e-9811-c8792d560915,e7094665-086e-4d6b-9dae-ae59c392023c,2026-08-01T10:09:00,2026-08-02T03:36:46.617468,messaging,performance,low
4c700d47-252a-45e1-b517-eb6dd5c26ea1,f1061744-98b7-44d4-a7a1-b930baec9179,2026-08-18T09:57:00,2026-08-18T20:20:57.231375,identity,performance,high
7b1fe04a-94df-492c-8b09-cd7898f8c0f5,b965af7d-b1a9-48da-8c26-e1d32b7440ee,2026-07-06T23:21:00,2026-07-07T09:47:35.042137,payments,performance,low
b95eeb57-33d8-4b37-afbf-1835486e10e0,77d3d0d0-6040-47c3-bc4d-eee703194041,2026-07-17T06:37:00,2026-07-17T18:34:56.850851,identity,bug,low
af390ee7-e15f-4720-a7e7-0bca5e5d39b5,b06e89e3-6735-4f6b-a5f7-70a0e9c6be9d,2026-07-11T04:43:00,2026-07-11T21:12:59.703628,payments,performance,medium
f62c8316-4883-4b84-9391-11590c3e2bc0,a018d26d-ceac-4c0b-86b0-0e7c908d097a,2026-08-17T09:27:00,2026-08-17T13:51:31.405740,analytics,configuration,critical
2b2d67a9-028c-49b9-85fa-a5703d7f2f88,5c6ff352-ad4b-404e-9e3c-78a239706a2f,2026-08-19T06:46:00,2026-08-19T20:00:59.537802,payments,performance,high
f02294a7-6f3f-4c5a-9d57-2412c8508d84,c1b6f4b2-b09e-42d8-801d-921b8314478d,2026-08-28T16:20:00,2026-08-28T23:05:19.418771,analytics,configuration,medium
28ae24e0-2049-4d6d-a7b1-60e4a6faf04a,8e36c5ae-cf99-46c4-89dd-2e6fc1c429b3,2026-07-22T03:31:00,2026-07-22T12:45:45.902448,identity,performance,high
8622bfa5-d44e-4804-8ae8-ee4c323977d1,c77f227d-0d5d-45c3-9a9c-ad016b5b23b9,2026-07-30T16:49:00,2026-07-30T19:41:26.476594,messaging,account,critical
498abd5e-5700-40bc-816c-de51cd50e524,66b18126-8911-4d75-9aa7-db757189f1f0,2026-08-21T15:10:00,2026-08-22T19:00:53.456805,payments,configuration,medium
69be25a1-eab7-4c13-91ac-94fb42ed02c1,127f5a34-114f-4430-9e46-245cd5845832,2026-07-21T15:24:00,2026-07-22T01:33:28.792429,messaging,configuration,high
b5c682fe-4efa-4efd-9ac0-65d8d8614f16,569ac41e-c6d5-4c70-a003-cc8ff1fae290,2026-07-05T07:22:00,2026-07-05T15:00:50.684271,payments,configuration,high
b76a8b90-6b55-4192-9c54-9105027cc90d,9568e8d1-bcec-470e-b5c3-ed38cd1fff9c,2026-07-16T03:25:00,2026-07-16T08:52:29.678701,payments,account,high
ec65c843-7ef9-4ce8-8d7d-91135c737925,87bb3e37-fa15-4f30-9db3-f0f1928e0798,2026-07-16T23:04:00,2026-07-17T06:28:10.828864,payments,billing,medium
6e5985d6-8e39-405c-b653-6397e6a00be0,636ba1b6-f14a-44ad-9511-091787316895,2026-07-29T19:40:00,2026-07-30T02:37:26.557728,payments,performance,high
cabe1257-4d8b-4374-9fbb-0707d3d6ff3a,ae3ce628-1ec3-4a11-8fa6-33dfcfc143cc,2026-07-19T16:10:00,2026-07-19T21:21:00.793384,analytics,configuration,high
3601690a-3364-4b4b-a0ab-ddbd92f49f07,f8ce44ef-9d1f-42cb-a162-a1db818a3ed2,2026-08-10T19:36:00,2026-08-11T04:32:58.042815,payments,account,high
be3f39b2-51fa-48d0-9490-3adb4d221830,73ecd6f7-bdb4-49c1-abff-cebac22ce637,2026-07-03T06:26:00,2026-07-03T23:48:24.487135,messaging,performance,medium
568f33bf-0573-4dcd-84a3-6569ce5bde2b,0ce6beb4-ef2e-4740-a0a4-434b0a996ccc,2026-07-30T03:31:00,2026-07-30T12:41:40.625819,payments,bug,high
5c815829-e1e0-455b-b30b-3da88467b372,e7e30310-66d0-4952-98df-a87c60990ce4,2026-07-27T21:39:00,2026-07-28T13:14:41.690758,messaging,configuration,medium
4dfc1268-cce2-4497-bffb-3e8cc936a369,d385e03c-9a1b-48d6-9890-b66798f89fa9,2026-08-10T05:47:00,2026-08-10T09:59:01.884266,identity,bug,critical
3b037dde-352c-4ab5-9867-09d2ecb326ac,f480a4c6-83ed-4fe8-9c6c-da3472380ba1,2026-07-13T16:34:00,2026-07-14T08:47:45.618941,analytics,configuration,low
b595b937-fc7d-4343-8782-fc85193822dd,8a986bd3-85df-4d3b-8097-c056e91f4be0,2026-07-21T01:23:00,2026-07-21T16:15:28.547235,messaging,configuration,low
5752ba18-bc09-43d3-8b5c-3e9b1b1f9f45,ab908f3a-fb23-4f53-9988-2b5a13e51ab1,2026-08-25T08:31:00,2026-08-26T12:11:32.593745,payments,account,medium
9dfdd91f-d07d-4f57-8ad6-c38479459196,5cdf8369-fdfa-4250-8512-5274b3181491,2026-07-26T07:08:00,2026-07-27T01:49:29.116662,payments,bug,low
15ff2573-fe4c-4c7e-b0ab-66a9485ee376,94e736ff-1c5a-4a78-95a6-de624d776f46,2026-08-10T13:07:00,2026-08-10T15:12:00.060425,analytics,account,critical
32b7693f-91eb-46c0-ab6b-f8269284e024,c32d564a-96b7-49c7-a13d-ca4e9f0682bd,2026-07-29T22:09:00,2026-07-30T00:05:37.816134,analytics,configuration,critical
512d568b-b933-4140-9682-c134a70ecbc9,283210d2-97ad-4d61-acad-f2758d229c16,2026-08-08T22:11:00,2026-08-09T02:16:51.094784,identity,performance,high
82c11fe1-5f19-4ec4-be52-597789d96851,e526805a-8b1a-4d1b-8cde-e9fa99cc5fb3,2026-08-01T09:29:00,2026-08-01T13:36:22.458746,identity,configuration,critical
df54d620-c661-41b0-80d6-c081024cc291,7a3b56b6-8410-4a5a-9a33-c664de74467e,2026-07-08T23:21:00,2026-07-09T03:15:39.803449,payments,performance,critical
74f07bda-9cb8-4289-ac7f-fd640390f819,3c7b986c-f37e-4296-87cb-e94fdd7f837e,2026-07-27T06:31:00,2026-07-27T08:26:07.331018,payments,performance,critical
ca6798a0-9b90-482e-81c7-bf454cb2dcd6,0905e110-6876-4f95-8d78-f7d05af5b3fc,2026-08-23T10:42:00,2026-08-23T20:20:19.585185,analytics,billing,medium
8441202a-6f40-4fc2-877b-971ca67addd6,512e9394-e5f0-4027-8ecc-bab148f4f3bd,2026-08-17T19:32:00,2026-08-17T21:17:55.241409,identity,bug,critical
607db568-77ba-41b2-8f27-f9734b962bc6,eeaf8740-3f17-4f62-89bc-e8ef01c3a0a1,2026-08-07T06:28:00,2026-08-07T19:08:11.158102,identity,performance,medium
63707f23-b0da-4adc-a946-85a5a85d5159,976a627b-ae00-4beb-8b10-3171b0535ee7,2026-08-21T16:37:00,2026-08-22T21:23:38.382317,payments,billing,medium
63a11f8d-f26a-4b8e-bf39-efce5ae432e3,46c13f8f-04cd-40e8-b7cb-f5c9884ab8f5,2026-07-27T08:20:00,2026-07-27T19:00:36.053807,messaging,bug,high
e4b945f2-a8f0-49f5-8780-11b01c807517,72dcf2c4-828c-478a-a886-f1b7d402ec51,2026-07-28T15:54:00,2026-07-28T18:04:24.818393,messaging,account,critical
4bfaceb9-ddfb-49db-baea-b932fa24e199,8ff52c2c-fa7b-48e4-94c1-6fa8a0e6b1f1,2026-07-01T05:20:00,2026-07-01T16:58:53.565969,payments,configuration,high
d20c3407-4593-46aa-84c1-3fc5084067b8,3ba33ee1-c36e-4e85-8e66-a0fcc710ec4e,2026-08-27T22:35:00,2026-08-28T05:55:14.115038,messaging,bug,high
9c743657-933c-4717-8c2c-2395aa6baa11,b5545956-7812-4ad3-83b0-41b6620018bc,2026-08-14T18:32:00,2026-08-16T11:30:36.749022,payments,bug,low
360fa7b8-c3cf-42fb-a81d-12b0d8fc052d,b7ecc9ca-ffcc-4204-92a0-fb231683396f,2026-08-14T21:05:00,2026-08-15T05:43:54.694179,analytics,account,high
7e3ddb00-ae5b-48fb-84ae-6e2db1b1cbe2,e73d6adc-94fb-4c59-a30a-9f91fa2f1446,2026-08-21T11:30:00,2026-08-21T15:55:21.994483,messaging,configuration,critical
1ca562d8-4b3f-4850-83de-385094463ef4,7587e3b8-9584-4485-a75a-ed484313c047,2026-07-11T21:14:00,2026-07-12T21:26:54.148411,identity,account,low
1240e32a-4e1f-497e-be06-b9b3df476497,cf268389-8abb-4157-8b0c-2066d66d8370,2026-07-15T19:44:00,2026-07-16T03:25:18.066275,analytics,billing,high
9b24b874-f33a-4b99-a788-522c8f0038fd,1aa78ad3-50d3-44bd-a117-d062074fb35c,2026-07-13T07:59:00,2026-07-13T21:53:29.038917,identity,billing,low
29ea5932-b9ab-4191-86ad-3da4295fcdc5,e04964c8-1170-4f58-aefe-53c8793a228c,2026-08-08T04:26:00,2026-08-08T10:45:59.926013,identity,bug,high
4954d2ac-5127-45fc-93e8-324dea0c85a8,242ba6c3-6a9d-4fde-bef9-2de7c9cd87f0,2026-08-28T03:47:00,2026-08-28T18:58:50.313308,analytics,account,medium
9090c48b-f60d-49ef-9372-7f67c9e6c3f9,618dcf7e-ffb9-4a43-a803-94e1e2760983,2026-07-17T16:18:00,2026-07-18T04:49:28.372883,analytics,account,medium
15570453-137f-4dc4-b45b-cca382a19787,90342c3f-5ccb-48bb-b38e-92bf6443bf2b,2026-07-29T18:46:00,2026-07-29T23:32:00.002203,identity,configuration,high
b152c274-1e78-4de4-a3f4-2267aaec8fec,cd31283e-b430-40fb-a71c-e374279712d0,2026-08-22T19:07:00,2026-08-23T06:34:54.324113,identity,billing,low
b9c525a8-a9c3-4617-a5c9-c66e2aa92693,ed57ebe1-b37e-435c-9698-c7e90e9737ea,2026-07-26T14:45:00,2026-07-26T17:16:15.381386,identity,performance,critical
f5081cc5-8f5b-4cd7-88ba-28a8ce85932e,0c291ddd-12c2-4ffd-baa8-0d1d28515fd8,2026-07-15T20:08:00,2026-07-16T08:10:26.140980,analytics,billing,medium
fa7a8b3b-a37d-43eb-987e-68f92252e9f8,58bbc1fa-836c-48e0-955a-1ed46941b008,2026-07-18T03:36:00,2026-07-18T07:50:53.136528,analytics,performance,critical
3348206e-3253-4f00-8a3d-6e0f306a524d,a1eab552-d727-4cb0-abc5-79d9aa6347de,2026-07-11T14:38:00,2026-07-11T17:10:40.667054,payments,bug,critical
42f338bd-2c07-4b3c-a582-0409bb853f32,9467cf5e-b8ac-4d2c-8bf9-fde335363a7d,2026-08-03T00:02:00,2026-08-03T09:42:47.219155,payments,performance,high
5b1098c8-2b2e-4fc0-9111-a906f898c596,bbe25bcf-6f2d-4373-a4c6-e42e2bb1435c,2026-07-28T17:35:00,2026-07-29T01:07:40.465469,analytics,bug,medium
6f2eed18-9e21-401d-b2d9-ad1f0309aabe,6e72d84b-7d66-4a2b-a2b8-dc66ca88040e,2026-07-13T22:59:00,2026-07-14T07:30:05.131480,payments,configuration,medium
44bdb095-1f5f-4ef8-92cf-87be713acdfd,33d69ac6-4063-4e32-8ec3-0fecf15e923c,2026-07-08T03:42:00,2026-07-08T13:02:18.655442,messaging,bug,low
6025a990-f60e-4777-9d03-ee14a393af4d,c7f2bb51-b60d-4618-a527-dd3e15271fdb,2026-08-14T01:52:00,2026-08-14T09:09:37.710897,messaging,bug,medium
62a0d82b-60f0-43c5-bb32-288b7e15fb40,fe17f493-eb72-45f0-9ed1-f63e8251d80d,2026-08-30T01:19:00,2026-08-31T02:40:12.698536,analytics,performance,low
58ec3375-e685-4352-973b-b7e57fff8276,f07cbeb2-b28d-458a-9d87-e739d71bbff8,2026-07-04T22:32:00,2026-07-05T21:06:54.857590,analytics,configuration,low
1bf7c654-f6e0-4916-831d-db359daefbda,e3a5e29e-ed2a-4bf3-8917-7de2de4106e1,2026-07-12T06:25:00,2026-07-12T14:38:02.574822,payments,account,medium
bd984670-371b-4c97-a773-c83bd1a3c87e,aa9eed49-19df-4c1e-931b-9ebd41a83419,2026-08-01T23:56:00,2026-08-02T16:05:01.217770,analytics,bug,medium
05b86854-f735-4820-9688-bdfe2844b6f6,b1efff5e-c17b-4248-92a9-39822d40e5dc,2026-07-26T05:56:00,2026-07-26T22:11:41.965145,identity,configuration,medium
5c352168-c3b5-4842-92b9-46f4bf145222,9ecab52d-41c4-4cfa-a611-72a8b4f91c1d,2026-08-25T19:01:00,2026-08-26T14:25:39.687052,payments,account,low
219fbdcb-f47f-4c3b-94e4-aff7697da2d5,fb8babf6-cba6-4829-95a0-a8151d1c90f6,2026-08-22T14:57:00,2026-08-23T05:32:23.062589,analytics,account,medium
a8168700-2821-456b-872f-bb5bf74a8622,bce971ac-1563-4584-bf59-0b66107a9003,2026-07-26T15:43:00,2026-07-27T18:14:27.977771,payments,account,low
27b495f8-c4d8-452b-b4e4-192bb6fbba0f,3e2f6138-23e8-4050-bfd6-7e33e48ebc1b,2026-07-09T23:34:00,2026-07-10T02:09:57.800677,payments,account,critical
c7b4ecd5-99a6-49b4-81ef-e53a14f0b03e,7d65dbce-0054-471d-8bcf-03caadd43941,2026-08-23T15:31:00,2026-08-24T13:34:34.173431,payments,performance,low
410afb60-a0ea-43eb-b022-7834a0bac470,d217aaf6-d2c6-4dae-b5e4-6eec529e39a6,2026-08-02T07:07:00,2026-08-02T19:17:15.643324,messaging,performance,medium
39af22cd-4dce-4141-b7b7-db2535a3369e,8b255718-a7fa-4be3-9321-9b5706936abb,2026-08-07T02:22:00,2026-08-07T19:45:10.429902,analytics,configuration,low
ab3097d4-94f8-4805-9e94-b1ce0d26f84e,d613ec71-b189-490e-bf3e-d2762c0964d7,2026-08-17T07:21:00,2026-08-18T00:41:53.250643,payments,performance,high
984b02bc-00ee-4197-99ff-5684cc5ffb3e,370bbf4b-47f1-4f8d-bc85-e0faa9b1c69e,2026-08-20T17:04:00,2026-08-21T01:00:58.928600,analytics,bug,high
2730e2e1-ec11-48a8-a8d9-89575651772e,0a3aa9c8-5325-4ecb-9428-c7aacceb602d,2026-08-05T00:34:00,2026-08-05T10:03:46.940856,identity,performance,high
baf74550-1951-4aad-9711-c6202fa6e631,2715d980-53a3-4ffb-9f51-535447b720f2,2026-08-10T09:50:00,2026-08-10T14:06:09.056478,payments,account,critical
5ee6a2c8-898d-43e9-a74f-936cc0c5e0e9,cc4ab2d9-45c6-4cea-803a-79bf13210d46,2026-08-08T22:53:00,2026-08-09T06:39:15.754114,payments,bug,critical
09e9fe05-6b39-49f2-83c6-345be6a84a2d,35d63653-463e-4424-add5-36ee68241671,2026-08-03T10:41:00,2026-08-03T17:00:45.536099,payments,bug,critical
3556a564-c9c4-4f16-b28b-6a9781347fdd,a00a1fc1-d21d-474b-b97c-a4e066bccedd,2026-08-06T01:52:00,2026-08-06T13:00:45.316284,messaging,account,low
284033ea-29f0-4a37-8587-79693c54951a,2baeabaf-c1ac-4ca1-a9a7-9e19a235b88a,2026-08-05T22:28:00,2026-08-06T20:48:44.803941,messaging,account,low
44064654-875a-418c-a0fa-6aaa3032cb48,56efa2f2-6b6c-46a5-9c2b-65b3ef87563e,2026-07-16T08:34:00,2026-07-16T18:37:48.887122,analytics,configuration,medium
673f0719-fdb1-4f62-bd52-18bfc82aeae5,e6f0715c-581e-4ea8-b093-04e6d6da8ec7,2026-08-24T03:42:00,2026-08-24T19:45:26.314474,messaging,bug,medium
52dca8e9-cfe6-47c4-8f59-58a611d37fdc,cc39baf1-9dda-44d9-8a85-161cce134c84,2026-08-15T10:19:00,2026-08-15T20:22:01.524780,identity,account,high
6d5e8801-5897-4f09-b88e-b974b67af6c1,33c87f7b-5e9c-40ab-842f-77252d737193,2026-08-28T14:28:00,2026-08-28T17:58:00.111709,messaging,configuration,critical
156c606e-5067-4398-b068-ea103b837ff6,f67b83e6-badb-4b87-8310-aa5a207ef8ac,2026-08-06T19:31:00,2026-08-07T00:41:44.374059,messaging,account,high
b8b06380-f330-4040-b613-48e3454e20f4,ebefea95-de79-4d61-94fa-71d7ea50773f,2026-08-11T09:09:00,2026-08-11T17:03:53.031799,analytics,bug,high
e96f9f9d-b2a7-440d-9f54-026cf8db0147,ebe22084-733c-4257-ac59-97a625e704a8,2026-07-22T00:14:00,2026-07-22T22:30:49.333463,payments,bug,low
e893cf66-f98d-4c25-be2b-471edd32d027,4efdc799-4ead-4832-abf0-56bb1162dd98,2026-07-07T05:02:00,2026-07-07T15:37:29.744855,messaging,bug,medium
a34fff01-d8d7-4596-b9b4-43f912537a17,d58164eb-9765-4d8f-94f3-44d7029695bb,2026-07-30T18:14:00,2026-07-31T16:54:59.109558,payments,configuration,low
ea8bc0c5-f20f-4195-9316-b1d4fa26d6c6,1ed776bf-d131-48ba-9482-a079266b0172,2026-08-30T04:09:00,2026-08-30T13:40:21.918632,messaging,performance,medium
eea3443c-759f-49b9-8b5c-bf1eb9978084,443ad6a0-8259-436f-a559-850f94fb4fa0,2026-08-15T07:40:00,2026-08-15T16:00:22.217705,messaging,account,high
0715db3f-f667-4f74-b73e-7e71e4b8c320,e2921a2e-4963-4f72-8237-2dce515f7e60,2026-08-19T04:48:00,2026-08-19T08:56:25.357247,analytics,bug,critical
60c036e5-e391-48a6-919e-32fd0cedd9ef,48ca77f2-bb25-420e-a8ea-5fbb67665502,2026-07-11T20:15:00,2026-07-12T07:04:22.779531,messaging,performance,high
813f1661-d644-4c2a-ab69-0200e2cc905f,d9f10f76-d120-407f-9335-e3c90b820d29,2026-08-10T06:46:00,2026-08-10T18:57:01.122412,messaging,bug,low
14fddf51-7939-4569-8dca-5149d7a6dcba,e53e9ef9-8ab0-44bb-b88d-871b584517df,2026-08-30T00:30:00,2026-08-30T03:17:31.356073,identity,billing,critical
4cc87721-5e31-402d-91f9-949655de5d94,8b79a378-36bc-4687-8d55-ab3a7bb9c178,2026-07-29T10:34:00,2026-07-30T05:48:21.818490,messaging,performance,low
220c8b1f-dc95-41bc-804d-6428a0e4bc40,a9cc7ead-6b70-40cd-bba4-f283df0c451d,2026-08-14T15:37:00,2026-08-15T03:41:48.794106,messaging,performance,medium
3623967e-337f-4d32-83f3-be13fe53e464,868032d4-80c0-4c5f-b2f9-1a93e52a9df8,2026-08-05T14:59:00,2026-08-05T18:20:02.948505,identity,performance,critical
c0d7325a-a7de-42a6-a1ab-6540d30f16cc,45bb9f98-b041-41ed-9a84-71415c6f4337,2026-08-02T02:37:00,2026-08-02T12:07:23.924731,identity,configuration,low
c4251288-0dab-4081-856f-c9fb07c668c2,956a09fb-6043-4d02-807b-40bd142725f6,2026-07-05T02:33:00,2026-07-05T13:01:35.138714,payments,configuration,high
3c718152-88ef-4aa0-b957-ca8231aac845,2e1f9148-0b9b-4f4b-99ad-c9b88f71dca9,2026-08-23T03:41:00,2026-08-23T05:28:31.380532,analytics,configuration,critical
140a22d5-e49c-440f-94d0-4d5f64858cbd,ccaf5451-7baa-4053-910a-ce99cf5d5cb1,2026-08-01T09:58:00,2026-08-01T14:25:05.738310,identity,performance,high
910edabe-2e6d-4234-a2d4-d1f618481638,38ed3ef6-15bb-4f17-b47c-a11dd02300b7,2026-07-23T05:31:00,2026-07-23T14:15:24.912004,payments,billing,high
700b0309-8541-49c3-9074-f59aff7fa653,96d059c7-b2ec-48ee-8ca4-f8c2e4405493,2026-07-06T23:05:00,2026-07-07T04:26:29.642147,identity,bug,high
c0db6763-4508-4105-adea-ec1e6a0ce3d2,f4f2c23f-5f7c-400e-b6bd-1d3ae46f3cc8,2026-08-19T00:11:00,2026-08-19T03:39:23.892095,identity,bug,critical
9f473993-4c6d-4a67-a8c4-2716564f1798,4d06574b-2e64-4ab1-aa09-ed7938baee57,2026-08-08T10:54:00,2026-08-09T08:25:38.109263,messaging,configuration,low
6867d567-84e0-4de2-8630-75aa1123772a,544cf448-d31f-4314-8033-47f3ffdcc954,2026-08-23T12:28:00,2026-08-23T15:40:39.818240,analytics,configuration,critical
29b64fd2-3085-4708-904b-ddabe610de72,ec90c565-014c-4c1b-9061-8238ac4b009d,2026-07-30T08:20:00,2026-07-31T05:46:07.984901,analytics,performance,low
f89a24dd-c4cc-420c-b011-719bab2005f3,6e4797b4-6081-41d2-8cbf-a34014c3a8d6,2026-07-19T17:48:00,2026-07-19T23:07:58.863877,identity,performance,high
63e9cc16-e2bc-459a-bc68-5dc6ff27123b,abfcba13-143c-4182-b1e5-e553aa4f8976,2026-07-28T06:18:00,2026-07-28T18:15:48.313934,identity,performance,medium
0feb0b02-1568-4264-984a-7fd4d68f46fd,4a2a5987-a617-41cd-bae4-cfde38e59c8d,2026-07-07T20:32:00,2026-07-08T00:54:48.903200,payments,configuration,high
dd8c3e8b-3dd7-42e8-a328-a6ba8a2f70bc,91a63e9d-497e-4102-9780-20c2175ced9f,2026-08-22T04:52:00,2026-08-23T02:47:07.403430,messaging,billing,low
db24f9ca-73f5-4b19-8964-c3f8205d0de1,c6c3e191-ea2a-4707-9bb9-14e7be0509a3,2026-08-22T15:04:00,2026-08-22T21:15:12.910037,analytics,account,high
56e69906-e777-4f83-aada-633906935fc9,968c4d96-6201-4eba-a81e-5c6f09b192cc,2026-08-21T13:22:00,2026-08-21T23:32:04.072243,messaging,performance,medium
5fff0f21-d182-4088-86bd-e24084bf1dc8,fdccab63-3d45-4c3d-b3fb-df77e76aa248,2026-07-07T23:28:00,2026-07-08T06:55:47.821955,identity,account,high
a1952491-155d-4739-85cc-5d6ca7d2bc29,d93b6e29-7d9f-4621-acdc-29194c63f51e,2026-08-19T03:32:00,2026-08-19T06:14:24.850322,identity,billing,critical
f60a2cdc-f9ab-4710-a839-74b2f80124f5,80cabd71-d76f-42f7-8c72-22f7a640dfea,2026-08-26T21:15:00,2026-08-27T13:49:14.731756,messaging,account,medium
45ddc28b-0d65-41b7-9d4f-dbffba5f4da5,cc93f120-845f-46d1-9990-652c5f12810b,2026-08-27T03:32:00,2026-08-27T07:22:59.802530,payments,account,critical
2ea39720-e464-4ef1-bfcf-bfe5f877d71b,ff1867ec-7a31-4e56-8914-cea5e0fa9ade,2026-08-12T12:49:00,2026-08-12T17:07:14.068087,identity,account,critical
9320fa85-a06c-4c77-8fd1-320a10718a93,bf2b5047-4b78-4270-b293-5a44ee5f5435,2026-08-27T01:10:00,2026-08-27T11:32:16.665708,analytics,account,medium
5af10ec9-aac3-42dc-8335-66e65488b4b9,f02eedb2-7e78-411e-8b7f-7910ded605bc,2026-07-14T10:45:00,2026-07-14T21:30:10.713480,payments,billing,high
ad5d4e4e-2798-4f31-a9f5-d2b17ca214cb,6294e6b8-348f-434f-bdf3-250d6d6ae160,2026-08-07T08:13:00,2026-08-08T00:22:05.773663,identity,bug,medium
94b18919-1105-468d-a4d9-50cc5b83afce,0fa37bab-d5ee-4bb5-8a9a-8bf263092ac1,2026-07-25T07:07:00,2026-07-25T16:36:41.421218,identity,billing,high
f9a33ce5-9b08-4eb2-b924-5ffb44c9d531,7cb527e1-9a4a-4f14-8d6f-be3df0f968d9,2026-07-22T11:50:00,2026-07-22T23:31:57.553661,messaging,billing,low
2e28318d-95bf-49c5-8a32-2cc2a20336f0,ffda6a8b-367d-4f77-ab56-79f52b7b504e,2026-07-03T12:31:00,2026-07-03T15:28:22.129407,payments,configuration,critical
9e791889-0f1b-4dbf-9aa2-63ae8098106a,9b538a10-34c1-4878-8a4a-dce90d72c35c,2026-08-09T16:44:00,2026-08-10T00:38:44.286706,messaging,bug,medium
67296fd6-8f24-44ab-9d5e-0dae0892b5ff,77436271-fc90-447d-b2d5-948bb0b0f3d5,2026-07-13T10:02:00,2026-07-13T19:18:09.716524,analytics,configuration,high
dc9df428-8973-4587-a889-71ac9a6db2fb,2efb31ee-36ca-4bab-9f23-82eea4296c15,2026-07-17T00:26:00,2026-07-17T10:25:45.207281,analytics,performance,low
cdd49f86-021e-43ca-b039-015f5506514b,6366c600-79a8-4701-9560-af3f0a5d206f,2026-07-08T15:20:00,2026-07-09T02:16:14.547257,identity,account,high
902678f3-a0e9-4211-a006-cd44e598c2e6,36c1745b-89bc-4d2b-9c0b-7ea7e0e5f8c2,2026-08-07T01:07:00,2026-08-07T05:26:46.151134,identity,bug,critical
806ef3c4-b4a2-460b-9222-5330ee683da7,1ce6939e-d753-4cca-bbb5-49b57bc22d07,2026-07-13T19:03:00,2026-07-14T13:26:42.849815,payments,bug,low
be7b74be-9c0c-4736-a646-a84a033fd498,ffc2733f-ce87-45aa-ae18-4804739a22a6,2026-08-22T19:56:00,2026-08-23T09:13:07.380220,identity,performance,low
6e47d26a-10a6-4c4d-a3cb-0daf4c04f9d5,d2369cd4-82d0-4f53-86b8-67a5e36e1fba,2026-07-12T03:07:00,2026-07-12T07:02:03.089366,identity,configuration,critical
d669f9f0-855f-44dd-9777-ab8733439fa3,cb83c85e-831b-4293-861a-fb549a60c9a9,2026-07-22T11:24:00,2026-07-22T18:40:54.365372,messaging,billing,medium
2cc7a8fe-1c67-40fa-aa85-66cbc726cd5f,7d0828fe-3516-4291-907d-4dc88ea03d03,2026-07-20T11:43:00,2026-07-20T13:58:46.503941,identity,performance,critical
2adce876-46b5-4f11-8e39-b44828bc5bb1,88125781-d1b1-496f-9b26-8202b10b1319,2026-08-23T15:44:00,2026-08-24T01:19:48.990572,analytics,performance,high
ae527bed-7ee9-4b34-82f0-62a414122730,a70072d3-09ea-4975-b513-f6d29f125185,2026-07-11T06:46:00,2026-07-11T09:41:28.424541,identity,account,critical
db317152-a715-4ffc-b0ba-e20f8a318dca,70621ae0-241b-4993-a012-72ed15e3c478,2026-07-23T10:09:00,2026-07-23T17:57:06.387287,identity,billing,high
74f0b245-6573-4b6f-bf02-3b1ff3eb4845,0ea500d2-ece1-4e2e-977e-38a9e55b67a5,2026-08-03T11:20:00,2026-08-04T11:28:47.448230,identity,bug,low
8afa502f-1149-4f14-aff1-a7f3991eddf1,34b15bef-2a37-451d-94fe-f5aa34542c19,2026-08-30T06:38:00,2026-08-30T15:03:18.563615,analytics,billing,high
9f60af26-98bc-48b0-8140-28cece5d45ca,083736c2-2991-4df9-b9e4-043c4a460df8,2026-07-29T03:36:00,2026-07-29T19:53:30.356411,identity,bug,medium
86186572-705d-48d2-9ef9-4546c07945e2,4dbdd081-1b90-431e-97a9-bbd2e5dc874c,2026-08-05T08:37:00,2026-08-05T15:01:25.578766,analytics,performance,high
485accd2-2dbc-4f41-8d2d-765b3880e64e,d171caf4-d01d-44ed-a027-57970be6702e,2026-07-22T10:22:00,2026-07-23T03:21:26.482614,identity,billing,medium
f17e1f4f-def1-496e-8b72-498fea5d0f66,b8692ee3-3535-4f88-b097-eeb13ec0d59f,2026-08-27T11:12:00,2026-08-28T01:07:57.566864,identity,performance,low
d0241380-99d2-41c9-8629-0f18428fe35f,13b2cedd-1115-4481-83d2-ddc40a525fcb,2026-07-08T06:58:00,2026-07-08T11:14:46.169974,messaging,performance,critical
f0570468-3094-4c8a-ac56-e61d8e3a1cae,9eb82769-e504-4471-b103-078e17fc4c3e,2026-07-31T06:50:00,2026-07-31T21:12:54.430502,messaging,bug,medium
41e2c78d-6566-42d1-b4da-b4cdf0e2c2f5,fd0ac90c-f6dd-4d9f-bf71-f02315ee3841,2026-08-16T02:06:00,2026-08-16T05:24:22.852174,analytics,configuration,critical
38dcaefe-705f-4a74-a501-bd73340f51fc,e5b900d1-3d0e-45fe-8d77-cd405b2de7c2,2026-08-19T20:31:00,2026-08-20T19:13:56.008852,identity,performance,low
11a4adf6-0249-4f42-a169-46ceb9da0399,eb3ec9b6-7d1e-40ed-88bd-557c2f4daf79,2026-08-28T09:06:00,2026-08-28T19:57:59.174505,payments,performance,medium
58c7df5c-c323-4078-b98f-3f71cd5d4125,6efc77f3-23c3-4082-9b0a-75cb9e6b80da,2026-07-19T05:04:00,2026-07-19T16:03:41.667339,identity,configuration,low
756efae4-4ac3-4748-94a0-725452445ed1,94e7ccfc-7eac-4787-b12c-85a3740ec8b8,2026-07-23T17:16:00,2026-07-23T21:08:40.536785,payments,account,critical
7db76c69-6116-4326-ab75-b9dff5f3b101,2d31f4e2-760d-4788-bc5a-c2bfd2d503a6,2026-07-30T01:44:00,2026-07-30T10:51:41.370798,messaging,performance,medium
071fa768-36da-4905-8735-0a7ce75acc0c,8ae1d517-4f8f-40f5-bddb-571523f2f79c,2026-08-23T23:28:00,2026-08-24T06:28:46.034672,identity,configuration,medium
6abdd919-e2a2-4dd3-bf2d-854a05abe48b,67c4d61e-4554-4a36-8e3e-f7ad3ca8386e,2026-08-03T11:02:00,2026-08-03T18:50:06.079090,payments,performance,critical
0f8eea9c-8c5c-40de-877c-77229347c56e,9110c30c-d9bf-44da-b982-aa871b98ef72,2026-08-21T22:02:00,2026-08-23T20:08:31.824724,payments,bug,low
5b248cd2-dbc1-4205-981b-c4be22d30cf4,71fadafb-abdd-48a2-b275-efb401f6537b,2026-08-28T21:37:00,2026-08-29T01:23:14.294980,payments,bug,critical
9bf29d7a-e490-406b-93e3-78d85e7d33e7,bd82cf59-ed09-46a4-889e-7bc10701d3df,2026-07-16T08:39:00,2026-07-16T11:57:04.241495,analytics,performance,critical
f673d3d7-e8e4-4600-bd4d-37ceba6724ed,bb3ca7d7-2e42-4b82-8318-b01bfbe9c888,2026-07-14T14:02:00,2026-07-15T07:24:00.919565,analytics,configuration,medium
19350834-47b9-4788-976a-a5f322076512,8940bd80-9089-4de9-bda2-3de7005b370e,2026-07-11T16:21:00,2026-07-11T20:10:12.280661,analytics,account,critical
4146d9c8-52a8-409f-8ed9-5750d409568a,c631d01a-7e32-49b7-a850-48794eddfd49,2026-08-11T07:08:00,2026-08-11T21:41:45.952357,messaging,bug,medium
ffc22efc-db88-4be4-a23f-1ce3b46af505,3d029c9b-af97-4952-8f42-4f454a735054,2026-07-18T08:15:00,2026-07-18T10:53:46.393963,identity,configuration,critical
6cd3eb0e-de78-4d1c-a497-92ef6aa03c14,4265e114-0182-4700-bcb8-e8cbbad61d65,2026-08-09T06:12:00,2026-08-10T14:29:47.331310,payments,account,medium
bcac061f-0a38-43bb-9862-15ba63f5049f,a4b767a0-5a4e-4229-82ac-3e61d3739ca3,2026-07-26T18:09:00,2026-07-27T05:03:08.241203,payments,performance,medium
6cc606e1-2a0f-4569-a00b-8dff5333c5aa,8a90afc1-7150-4527-81ce-01831e3913fc,2026-07-14T06:49:00,2026-07-14T12:42:01.986011,analytics,configuration,high
c91d7a53-48f1-4480-b4cf-269a887998ee,3ab4ce74-566e-4ca9-a1b4-84e284842d38,2026-08-11T01:10:00,2026-08-11T04:19:46.759820,payments,configuration,critical
eb348606-779d-49a0-a363-50af5787c96e,b9da1063-c459-439b-943d-6478f2bd1375,2026-08-12T16:17:00,2026-08-12T22:41:32.411614,payments,configuration,critical
82b82f88-6066-41fd-94b0-3e6e8b410f3a,31cc278d-034b-4613-89f3-3646e98d3838,2026-08-04T21:45:00,2026-08-05T02:20:04.001805,messaging,account,high
c1ee1508-4f2c-43c8-b08c-30f660368475,1d3135d8-46b7-4f1f-8eb8-c6e6d4c9d63c,2026-08-20T16:47:00,2026-08-21T04:13:54.660695,analytics,bug,high
ee5b3ac4-82ad-44dd-a535-f03b04ffd882,8695f40b-0bbd-4c72-9bfa-b7e11fa1feb2,2026-08-12T20:46:00,2026-08-13T05:51:47.391841,identity,account,low
2cb07538-1d32-49b8-95c2-e6137a6e61cf,e75645c9-26ce-48bd-8ea1-cae10ab09099,2026-08-15T22:11:00,2026-08-16T01:41:49.629828,messaging,configuration,critical
62f5b081-3f27-4d04-a5ec-85f3daebaa05,2bed7cbd-4ef1-4422-bc39-e97756b8248e,2026-07-13T00:52:00,2026-07-13T09:59:24.599373,analytics,account,medium
f7304521-ecac-4699-af45-6bbd380ccdb7,9b98373d-66fd-410b-9923-0bef1b039b0e,2026-08-15T20:27:00,2026-08-15T22:20:44.730964,messaging,configuration,critical
e5a0288c-56c8-4b49-b867-e7388e291a3b,5d81e046-08b4-446b-94d9-1a2dd61a31a7,2026-07-29T21:11:00,2026-07-30T02:07:05.051218,messaging,billing,high
5726df2b-161d-4d12-8130-41cee05e4961,8183d783-4b28-4285-b184-0bb1ae342512,2026-07-05T00:28:00,2026-07-05T10:26:57.312990,payments,performance,high
d743f2b8-f276-4cfa-8da5-e1156c33eb68,0d5e72be-0469-471a-a476-2e6d4819a1f5,2026-08-09T03:32:00,2026-08-09T11:40:08.813348,identity,configuration,high
61eb2dd3-7a67-477e-be43-903a480b29a1,8d02eca6-acf6-4cf2-b859-3924924c338c,2026-08-09T15:57:00,2026-08-09T22:46:25.850041,payments,configuration,critical
0b760d64-c2a7-42e3-8181-3409dc881bc5,1df42913-7085-4b49-a67f-a2672fded67f,2026-07-14T18:26:00,2026-07-15T02:13:00.418864,messaging,bug,medium
b187d699-80bd-4fb0-bc82-a6626047278b,6fcd2374-c9f6-48c1-ad67-5998d086bae2,2026-07-21T22:08:00,2026-07-22T00:24:50.418807,payments,bug,critical
00142a5c-88c5-4859-ae8d-0885abecb433,aa6bfa5b-e1ba-4923-9653-85df9c85c395,2026-08-12T12:28:00,2026-08-12T14:05:20.550452,messaging,bug,critical
b3aec9bd-552d-4712-8563-5fc372d66647,b27a22ee-e8e0-4032-8587-60da4a09f3b8,2026-08-02T10:49:00,2026-08-02T12:39:14.901545,messaging,performance,critical
c72e81bf-3cf4-4a91-9ca3-ea2f636febe6,de65309a-337a-4024-a395-ae29a96f867f,2026-07-14T11:25:00,2026-07-15T00:05:01.944502,analytics,configuration,low
b5d50c4b-2712-403e-8c36-f656f766b222,5b26fa73-0f5f-46c5-a0b1-d830853b7a80,2026-07-26T20:39:00,2026-07-27T05:09:21.524811,payments,billing,high
230aec3b-3201-4a6c-8013-baa1da3c3df7,e5401908-af5c-47b4-be7e-a2a659e91a53,2026-08-30T08:38:00,2026-08-31T17:52:34.437026,payments,account,low
7e9acba2-e845-4731-8000-e4d0a58db40e,bc9956b5-9e5f-4881-907b-e5d947f4b28e,2026-08-21T22:54:00,2026-08-22T23:04:31.803316,payments,performance,low
60cef1fb-9036-489d-9498-e775da9ca0c8,cb651661-32f9-4e3f-a1b9-2f14bf586402,2026-08-15T08:08:00,2026-08-15T22:15:01.425093,analytics,configuration,low
3a4ef7ab-570a-419f-a98f-38203baf06e4,a27c982e-9f79-4983-8cfc-891390c57fcd,2026-07-12T02:29:00,2026-07-13T02:32:56.123116,messaging,configuration,low
d0243389-eb8f-4661-8215-4b4c68306372,aca7842b-ae10-4260-8d15-20d1aa634101,2026-07-14T23:55:00,2026-07-15T03:54:31.551636,analytics,bug,critical
81580c59-b5fd-47aa-96d2-0d97c8567af7,faf0456e-7c37-4c7f-b8e5-398f09daa40b,2026-08-30T00:47:00,2026-08-30T09:32:13.082669,messaging,performance,high
ba3837b7-eb1e-4b89-8aab-2e72e8c185a1,ed84501c-ebc8-4468-b93b-90a8d2968e20,2026-07-01T12:40:00,2026-07-01T15:08:29.087058,identity,bug,critical
6fe4e725-b752-436e-837a-687a4a7c0e54,0520873f-2c29-4536-b5e6-e9eacbd00ae0,2026-08-21T19:20:00,2026-08-23T13:30:13.720795,payments,billing,low
24f58c1d-1916-4b7e-b9a7-59b6493f8c19,15e10a11-f78f-4d77-8756-8342ab7d1876,2026-07-26T18:07:00,2026-07-27T12:57:55.723173,identity,bug,low
c2457844-45e8-4fdc-9707-424d90706198,4b256def-dba6-4416-8477-49332b1b8daa,2026-08-24T19:43:00,2026-08-24T21:58:55.770140,messaging,bug,critical
54162a71-9493-45cc-8ede-3c1eb288dad1,b5850d00-4097-44a8-b33a-34db2e6e802f,2026-07-22T20:27:00,2026-07-23T20:47:32.009994,messaging,bug,low
68830925-fd37-469b-bb02-47fcf6df06c3,02770ebc-ceb0-4293-9981-3fdf9713ff58,2026-07-15T19:56:00,2026-07-16T05:06:38.438434,messaging,performance,high
f65ab878-bda6-4b9f-9444-9416ee26ed96,6467f211-541e-4ddf-b8e6-776a9a1a08e6,2026-08-29T12:49:00,2026-08-30T03:05:05.409860,payments,bug,high
35903a90-6237-48d2-81cb-d59c24e93272,cf46aa07-2a96-417a-987f-0b584a081b33,2026-08-09T08:30:00,2026-08-09T18:48:30.711979,identity,account,medium
ce46b7b6-57a6-49ea-8716-33e0094c2fee,6dc2f100-aeda-426d-b2cc-dab0ffd7d04c,2026-07-09T17:57:00,2026-07-10T05:49:31.715148,identity,account,medium
62234ac6-19d6-4bf8-a29e-d752834316b4,dc04e7d1-eb32-4a07-af24-8f431c38b7d9,2026-08-05T07:47:00,2026-08-05T09:33:14.401374,messaging,configuration,critical
6165f18e-e19d-47b2-8198-0592c862c9f8,50689bf6-dcb9-4cc7-aa6c-437c10ebd675,2026-08-08T11:02:00,2026-08-08T22:14:33.375852,identity,account,medium
8b97433d-66c5-477d-abaf-acfec6aed365,2ae2f518-deb7-4381-9748-872abc55920a,2026-08-08T18:38:00,2026-08-09T06:25:10.227570,analytics,bug,high
aca4211b-336e-4a05-a667-2e8e2227d2c5,fddb308c-8eed-455a-9a85-0dfe40ddc45c,2026-07-21T09:50:00,2026-07-22T00:03:57.555986,payments,performance,low
6a8f0ec1-d577-4d67-8f3e-8ab9b7c2faae,ad844123-b811-4d3d-a112-cb7a0dcdbc04,2026-08-09T19:25:00,2026-08-10T00:36:19.868313,analytics,performance,high
856cfeac-d9b1-4fc8-9223-bb0435075bc9,27fbcd1b-655a-4a96-95b8-c8ed9e4062c8,2026-07-12T15:09:00,2026-07-12T17:32:11.201646,identity,billing,critical
16fbfff1-dcad-4e3f-b779-34173dd608c4,2a3af446-02ce-4af8-a2af-d01a28ad0053,2026-07-05T08:15:00,2026-07-06T02:26:30.222653,analytics,bug,low
0c30ab55-98c6-4842-b49a-6cea958093ad,04b03c6e-97a8-43ca-92ce-686910088469,2026-08-07T14:15:00,2026-08-07T21:05:37.179906,analytics,performance,high
a501116c-a857-4ae1-a4b5-f71196be8a14,c79510ad-7247-4236-8e0f-defc06c3dbed,2026-08-23T07:11:00,2026-08-23T18:14:03.019817,analytics,account,low
2e0f8d34-ae6d-435b-9d1f-78c8dc15b5c4,de82411c-2265-4ae5-a49b-a466d2fe21a0,2026-08-30T05:14:00,2026-08-30T21:20:53.704367,messaging,billing,medium
01c9e8c5-7984-4768-aa37-73b95902e7c9,e1ddd32b-884d-4fd8-bd44-fbe494e10319,2026-07-05T02:52:00,2026-07-05T09:22:41.655047,analytics,performance,high
9b830554-1af8-40c6-a010-5dba0a01adec,b16ce0cb-7103-46b5-af5e-d7385cca8c34,2026-08-11T09:57:00,2026-08-11T16:40:50.430143,messaging,account,high
218f7c50-e049-43e4-a6d9-3fe4e00c461e,c23192b0-4e0d-4d72-88a8-f069d0ded511,2026-07-18T00:55:00,2026-07-18T23:21:47.499889,payments,billing,low
65562c38-c15d-4d39-95bf-3cbe2911feed,f39ee27a-9f3a-403c-ad8a-997fd0aa7331,2026-08-24T23:34:00,2026-08-25T02:40:11.260832,identity,bug,critical
b261e2c1-f23e-4b5d-8fef-1dba2716e37a,11259cb9-580d-4274-a865-592a50544c98,2026-07-01T12:46:00,2026-07-02T00:51:28.450758,messaging,bug,low
cf0f58d8-471a-477d-9ea5-cea837b9de60,2940ab96-aaf2-4fd0-88e8-1ed7ac77205f,2026-08-13T10:17:00,2026-08-13T12:41:30.239805,messaging,performance,critical
8dd42926-e376-43cb-a8a6-52dfc0cbda17,5cd68579-35ad-434d-be5d-fc4ccf146d0b,2026-08-26T03:17:00,2026-08-26T07:59:03.891762,identity,performance,high
730a94b4-94e0-4764-96e5-b55573370efe,f846a938-6b18-4ae2-b15f-fe26103032b0,2026-07-13T07:09:00,2026-07-14T06:50:14.740853,analytics,billing,low
f16dd123-c40b-4eb4-a247-2bf2381bf6b3,f6edf4cb-2c37-4e71-89a9-90466a1e60a4,2026-07-18T03:10:00,2026-07-18T06:36:45.130794,analytics,billing,critical
494a494a-58ca-4e80-bd16-13bdfe6d85f4,245c0c91-be77-461d-9015-a3800a1a4961,2026-08-29T03:22:00,2026-08-29T16:01:34.634230,payments,performance,medium
5e008724-9966-44b3-ba0c-d41327e6cc46,b22de744-c98d-4625-8996-56ed904d4f04,2026-08-12T04:22:00,2026-08-12T07:11:04.119141,payments,performance,critical
d00b106c-7081-4a89-87ea-989679f08fde,bbdd89b0-8293-4818-af50-3e43f1eb10af,2026-07-16T02:51:00,2026-07-16T05:45:52.083345,payments,performance,critical
34aa14a1-7f9d-45a4-93e0-f4d3d35dbd73,fd04741f-bcbe-4d1f-8be5-3a582071d4d1,2026-08-10T21:58:00,2026-08-11T13:21:59.275137,payments,billing,high
1ac6a041-db4e-4567-971e-0a4cc027cd9a,c9ef8f74-a288-4f0e-9f2a-ae38c32fa64e,2026-08-05T15:45:00,2026-08-06T02:35:52.596206,analytics,configuration,low
ad2968b7-afbf-4a48-9fb7-bc1a4861cbcf,fb604943-dd81-4b6a-b2ac-dd42d28715ea,2026-08-09T07:15:00,2026-08-09T11:32:46.095791,messaging,performance,high
0e86f2d3-cacf-4a7e-b27f-fdb3315ce3d6,bd289f81-c866-443b-ba6d-493a9291eb7f,2026-08-06T09:06:00,2026-08-06T11:17:44.582489,messaging,account,critical
86619d19-16d9-421f-bdc8-a365121413d9,937636a8-de72-4ff4-9ca2-aa3caa7cfc65,2026-07-06T12:36:00,2026-07-06T21:01:33.763732,analytics,performance,high
badcdbbd-20b2-461d-903f-0ecc01db159d,5c1b1f65-93ad-4e51-a018-bca880c08fa0,2026-07-25T09:07:00,2026-07-26T03:01:22.314263,messaging,performance,low
08da3324-173b-4bbc-ac06-76c42ca86428,32844889-9f77-49c5-9137-803d720de9f1,2026-08-28T19:36:00,2026-08-28T21:09:44.714787,identity,performance,critical
87e080ec-30e1-4219-b8c3-7457c85916fd,e732f092-2869-4daa-8624-34f3fcb6895c,2026-07-27T05:10:00,2026-07-27T12:40:17.587831,payments,performance,high
b58b43e4-83bc-4509-a26c-b52e6d9b4095,eb0c2a68-abc3-4688-96a2-849b7c9f3473,2026-08-16T04:56:00,2026-08-17T01:24:22.773331,payments,account,high
de7ce3e9-61c0-4ad3-a107-d5bd7258f222,9cacb95c-abdd-4ac6-93cb-6935bae5c7e2,2026-08-29T19:08:00,2026-08-30T04:55:02.256098,messaging,billing,high
c96629a4-2376-4439-9ff5-c67f1d3b4410,7e86d62f-8581-44a0-9271-69545a1ccb24,2026-08-05T12:46:00,2026-08-05T16:39:57.354637,messaging,configuration,critical
5417cdb5-b740-40de-946f-b4ce75df55a3,16e30082-0487-40bd-91bf-c3d475cb1041,2026-07-15T17:57:00,2026-07-16T14:57:25.258113,payments,configuration,low
7b7439e3-5b54-4b8d-91f5-181181940b8f,cccc651f-6f65-425a-b345-729c33d19d18,2026-07-12T18:00:00,2026-07-13T07:16:08.357113,payments,billing,medium
c22e0518-916c-4786-9054-d2196f223274,fefbedcb-960e-47f6-bf00-2d223b5f6597,2026-07-10T04:25:00,2026-07-10T10:17:39.904477,messaging,performance,high
ecb7574b-8b2c-4b72-bd24-a004dbf80415,b5c26e03-c93a-4e64-9174-2ae22f4ad138,2026-08-20T16:24:00,2026-08-21T03:26:50.095881,analytics,bug,high
e2f6de25-6704-4cc4-a9c0-a546ee3b9d99,a1146975-eddc-4880-ad6f-c1f4d2f2d43e,2026-08-02T11:58:00,2026-08-04T06:18:26.964907,payments,billing,low
797568d6-8cad-4db8-baea-bb375aa33423,b1f30d46-d5c4-4dad-808b-223443bcfe95,2026-07-31T17:47:00,2026-08-01T01:13:53.723018,messaging,bug,medium
6234c24a-7f3f-4a55-8f1e-05eb374c6f91,8f2c6cb6-891e-4120-83bb-2e6be58019bd,2026-07-21T09:32:00,2026-07-21T19:48:44.711156,messaging,configuration,high
e591e9da-5a52-46d3-87ec-5a841153151e,990432eb-d4ec-4ad9-a27e-beaab14aea3e,2026-07-05T05:57:00,2026-07-06T03:39:55.038642,identity,billing,low
fab2c7e4-bfe8-4aa5-96a7-bfda3644daaa,f7074323-5f56-4250-86a3-993cc485ce67,2026-08-09T20:26:00,2026-08-10T19:30:11.075229,messaging,bug,low
05b8eb27-7fca-4192-bf0f-49f6b7fb021c,e8116900-c5fc-44ce-a4e8-2e39fb86571d,2026-08-25T11:48:00,2026-08-26T05:55:53.411122,analytics,account,low
1e6409ec-6278-4c7f-936c-cf9ff734316f,a0ea44bf-3e10-44fa-ad45-c8bf4d76b3b2,2026-07-16T04:55:00,2026-07-16T10:10:22.537364,analytics,billing,high
b141e6fb-de0f-4666-94b1-7cc98c9ec028,d5576816-4a58-4902-8e56-669e4ecf5560,2026-07-27T14:09:00,2026-07-27T17:50:51.560456,messaging,account,critical
e068c714-1c92-4c55-be18-202fa707738f,3870cbf3-116c-4454-b5ed-e1003aac02dc,2026-07-10T00:54:00,2026-07-10T11:27:11.830545,payments,configuration,high
0fd77251-4a84-403c-9e94-75e6f94ae464,a80ab6f4-6f79-4f39-9483-aa7b66396993,2026-07-12T04:39:00,2026-07-12T08:27:27.568439,payments,performance,critical
37ff670e-8776-4ec3-b99f-fb416993b8b1,4d9e3360-65c6-44c1-a859-1d9db63f3c06,2026-07-01T14:23:00,2026-07-01T20:40:38.639039,payments,performance,high
dc13ad98-bf9e-4289-9a3c-783e701fc63c,a2874f26-a161-4ba0-bb6a-6824603c484a,2026-07-16T14:07:00,2026-07-16T23:50:17.752638,analytics,configuration,high
0a819dc3-4203-4f79-953e-815a79f4c96d,5cb0c7a7-1240-4d2e-84cb-b92c7a801c5a,2026-08-07T18:36:00,2026-08-08T09:38:18.510374,identity,billing,medium
eec9fdb7-3228-4740-b908-1a34ffdc5776,2b6c6e3f-fdb8-4d4d-ae2e-a183a0883e90,2026-08-18T05:02:00,2026-08-18T20:39:16.406917,messaging,billing,medium
9fd2963f-6bc5-46ee-8d90-4217671424c8,a32c5409-9ff6-4ae7-8391-d3ff5cdaef56,2026-08-07T15:06:00,2026-08-08T02:38:59.719383,messaging,performance,high
ec6ac9cc-7fe0-43c6-918b-eda3847e10ff,927b4e63-0e9f-4ca8-9579-6fe552a0c322,2026-08-10T06:49:00,2026-08-11T01:45:48.530943,payments,bug,low
5bbc560f-e3b0-4472-8902-5826931ea248,797c51f0-4fac-4f7b-a765-3fed5c03b87c,2026-07-29T15:42:00,2026-07-29T17:23:03.857948,messaging,billing,critical
228d7cc6-ccde-4ece-b533-798795c97adf,9c90ec09-d71c-458e-8ed0-4ecb59b0aacc,2026-07-04T09:01:00,2026-07-05T11:36:57.096846,payments,account,low
81bfa04d-3e37-4b24-8dfc-64dce8e9b1b4,3cdc9fe3-db13-4917-bdc3-575c7286b451,2026-08-30T02:34:00,2026-08-30T06:43:26.454784,identity,performance,critical
460b5c97-5b16-42c7-9068-888f6f0116ad,f26bdd62-2805-48fe-b75f-0fd7d9c29803,2026-08-20T09:22:00,2026-08-20T13:25:47.584325,identity,configuration,high
f6a2aefa-0f97-41ed-9563-b42acf7004f0,99f27429-73d7-468c-a912-5ec7baddc043,2026-07-26T11:11:00,2026-07-26T14:36:53.896959,payments,performance,critical
1465dad1-b31c-4653-bc6b-7a8e68d8f541,39b76e84-6ee4-4144-a118-02663d0925e4,2026-08-19T13:18:00,2026-08-19T17:07:34.323613,messaging,configuration,critical
f910b619-492f-4292-a5c5-a937ce2b104e,29609b18-921e-4510-9ac3-f8c7b654ed0d,2026-07-28T10:42:00,2026-07-28T17:49:11.813920,analytics,bug,high
c4803bcc-7649-402b-9dcb-5e423de2ec04,6a9b95f5-73f2-4afe-a289-fd9f59b24f89,2026-07-12T11:15:00,2026-07-13T05:27:36.320123,identity,billing,low
3da24e77-ee2c-48f9-88bf-b23473706c7d,a9834da1-0725-4459-ba36-c6faf3e6f8a2,2026-07-29T10:07:00,2026-07-29T19:37:07.351399,identity,billing,low
76cec92d-0dd8-4211-a486-e2f73e96b25a,eb0665da-0b80-4451-9361-d54fb5f3ef95,2026-08-19T03:30:00,2026-08-19T13:18:43.466296,identity,billing,high
278fb085-3a7c-489f-82b4-988d12ed73cf,56920059-1102-44b2-9d4e-421b97b5d788,2026-08-15T23:47:00,2026-08-16T05:51:40.985991,analytics,bug,high
0bcf3312-ac20-4b84-bca4-b14631ce2b15,ff84ff4d-9149-4c47-ad6b-f7c7b2a0717b,2026-08-16T04:38:00,2026-08-17T03:15:05.084309,identity,bug,low
61e564d0-3144-486a-9ad7-314a0a7d3468,088d4bba-f4c1-44f3-9290-041a99d8243c,2026-07-12T08:31:00,2026-07-13T01:40:23.936004,messaging,configuration,low
e549a1bc-3a00-43a7-b587-a843b61735c5,45e1a8e1-4614-43ec-8cc1-24ee3cd565ef,2026-07-22T11:45:00,2026-07-22T18:01:34.622254,payments,configuration,high
8b1dd6aa-214c-4d3b-b5f0-0b023f0ca935,81ec6072-ab39-4eaa-9ca6-aede89f3dbaa,2026-08-22T03:13:00,2026-08-22T16:17:22.445416,payments,performance,medium
586a07d3-2aae-4558-b905-1507e24fcedb,ed731a9a-2a3c-40b0-9061-b605893db9bd,2026-08-17T00:12:00,2026-08-17T03:25:44.883449,payments,configuration,critical
d22a5cf9-d321-4476-af17-d338705a01c3,4d513cf1-d8e2-4125-a61f-b10761b5235d,2026-08-08T17:56:00,2026-08-09T04:03:10.149981,messaging,bug,low
66573c20-f47f-4837-8a4b-5b8e24ea0ed7,d5aa5ba1-241c-41ec-a6c1-44d25e89bcfa,2026-07-12T20:07:00,2026-07-12T21:51:03.185076,messaging,billing,critical
60ada5a9-246c-4788-9b60-5e548d90c144,e38bd5ae-47a1-4dd5-9788-8162f85b66f9,2026-08-17T21:37:00,2026-08-18T01:43:57.759762,messaging,account,critical
f0c3d633-03b5-4646-b079-8d339b566aca,e4b6cb0a-3fa2-452b-a71b-8651b3324079,2026-08-23T04:25:00,2026-08-23T07:59:01.392905,messaging,performance,critical
d7b36601-21bd-45df-b00a-6c651c833208,9ec1baa4-08a5-48b0-832e-1771ada5bde9,2026-08-14T13:25:00,2026-08-15T01:29:09.950486,messaging,billing,medium
8be4d459-d35c-49f2-8bdc-8ef07163aeb5,554fba95-6d8f-4706-90f3-37b491e42cde,2026-08-14T02:59:00,2026-08-15T00:29:01.701696,messaging,billing,low
58f6ac80-7a47-49ed-967b-3ab59e568c08,8f45740a-dae8-4c02-99d6-04dae869146e,2026-08-11T10:54:00,2026-08-12T04:13:43.805038,messaging,bug,medium
f76d1dd2-ff64-48e6-a05f-46de75caca24,84ceabb8-9443-4601-97f9-203e05aa9976,2026-08-03T14:49:00,2026-08-03T16:38:51.630561,analytics,account,critical
a8fdfa59-26e0-4627-b386-3fa80c0e164f,e4359da7-bdb0-4bb5-ad66-f53d07058609,2026-08-03T15:22:00,2026-08-03T22:46:46.463619,identity,bug,medium
a006c24a-7a82-4e79-869d-c39d08477a4f,b68eb4d2-234c-4612-bbd7-446fb828e703,2026-07-28T18:07:00,2026-07-29T02:00:14.655567,identity,configuration,high
36632340-4e7d-43b3-a484-bd8b350d9e5d,702448b7-7b32-4cd5-b378-4cbac444cbdc,2026-07-14T00:06:00,2026-07-14T01:44:45.431303,payments,account,critical
870f6809-b980-42e9-87ff-bd67c53159ce,69f72b86-3037-42fa-8851-8a2e16123040,2026-07-28T18:38:00,2026-07-29T10:27:46.202991,identity,billing,medium
7b9a1c8b-1261-4e62-80d5-3e72a6883d83,39b6234a-6ee5-4b90-ad60-4e9dd5187653,2026-08-14T11:47:00,2026-08-14T16:19:25.858713,analytics,bug,high
ac87c111-c581-4271-b113-cf9ef2d29240,b7190b44-0742-42e2-8a6a-675a07575e4a,2026-07-05T01:36:00,2026-07-05T10:07:34.002511,messaging,performance,high
d87a7db3-f52a-46f1-aa81-1f02217368cf,a1b9fe5c-9685-47b4-977a-f3ae192abceb,2026-07-31T17:59:00,2026-08-01T09:07:36.293201,messaging,performance,medium
925c2d16-3aa5-4d7d-b10c-abaab0edaf4a,14107960-3666-4bb3-86fe-3510406d48fb,2026-08-15T22:40:00,2026-08-16T00:36:49.011982,messaging,performance,critical
09ad1731-1adb-44eb-9afb-a173549c5671,c5cb7ea7-2d6c-456b-b98d-8ecae2829082,2026-07-30T14:26:00,2026-07-30T17:05:42.139314,analytics,account,critical
c64b2106-eb7f-44fb-8197-04849e8386b9,63e87922-f9bf-4133-ae3d-752d3c8ecb07,2026-08-05T23:45:00,2026-08-07T01:59:43.551087,identity,account,low
3f52c988-4ba3-471f-b9be-37a4b7a04713,5fc98b2f-49ab-49e0-8087-bb4dec954904,2026-08-10T07:57:00,2026-08-10T22:26:11.412650,identity,bug,medium
d4e33367-6646-4a79-be03-03996f59b39e,173544d6-38e7-4e2b-a115-af35cf2aa57e,2026-08-22T01:32:00,2026-08-22T22:07:25.639488,identity,account,low
a83acfb7-e5cf-49e0-9d01-df209ee5e407,d85401dc-1f62-41f2-b74d-78a5b95a0d03,2026-07-08T18:01:00,2026-07-09T20:14:52.573886,payments,account,low
5a03f92c-e8c3-44ee-ae25-1539949f15bc,6df91862-78d9-4448-b7f6-6e67d8629ee3,2026-08-17T11:47:00,2026-08-18T07:52:49.829700,payments,performance,low
d4960485-5415-4856-9302-23f740908104,c643b369-94d6-49e7-bbe6-326c06cd8124,2026-08-18T09:51:00,2026-08-19T04:22:45.485266,payments,bug,high
3cc81f2e-d613-4f8f-aed1-1b16288192bc,027b76fd-c6db-45fd-883c-86f9faa49746,2026-07-23T07:50:00,2026-07-23T15:02:51.778519,messaging,bug,high
7e704196-48aa-4fd1-bcc0-0addb35c583d,4ddfb346-1bcb-4adf-9b5b-aee6be28bdf5,2026-07-05T02:16:00,2026-07-05T09:45:46.101690,messaging,bug,high
aac15e59-87ef-410e-9c4f-31abda49a409,c3b20983-8338-47f7-b395-28fad95bbb4c,2026-08-07T18:26:00,2026-08-08T01:29:21.916321,analytics,account,high
187308c3-2588-4647-b114-6d9978e76dd7,a5a7166e-d91a-4253-9bb1-abec9db92b3a,2026-07-09T06:50:00,2026-07-09T16:15:27.194499,analytics,bug,medium
1fb7cf63-0e58-405e-bf90-bde4521965c1,fa85402b-e41a-4fe7-a6df-b1b225ef3b43,2026-07-17T15:02:00,2026-07-18T00:42:53.510233,identity,bug,medium
b56f0708-a0a9-40c2-bc99-7bddcb9fffd6,7209483d-72ff-4c93-b39b-97828d015c7d,2026-08-07T01:42:00,2026-08-07T11:30:46.774431,payments,bug,high
d5683a1a-794f-4260-9a97-09fb32b3e870,38992559-b766-429b-b991-07083396a989,2026-07-06T07:47:00,2026-07-06T22:32:38.686857,identity,performance,low
7b05b089-df1e-4145-95f4-d19053bc9ee5,eca93940-1084-435d-8ea0-472863398a44,2026-08-07T13:49:00,2026-08-07T18:08:29.037164,identity,configuration,critical
b27780a4-c814-4880-90d8-a742c6c1d3c1,6d90f867-ccfa-4412-ab78-82b45bfd7b7a,2026-07-12T00:15:00,2026-07-12T15:16:32.177524,analytics,billing,medium
3add8cb8-3e75-4d52-80f4-87fb501631d1,cf8d181c-eab2-4c94-92e5-9b19f44b30f0,2026-08-23T08:12:00,2026-08-23T16:01:35.501168,payments,performance,critical
10a0bb46-02ab-4386-b13c-36324c697772,061d49da-1833-46ca-b038-c0a22a26aa7f,2026-07-25T12:16:00,2026-07-25T15:25:33.707724,analytics,configuration,critical
4bfef2fe-c83a-40eb-a8bf-a87e02edaa45,e1288628-5e8a-40bb-affd-68b81e43c41c,2026-07-06T22:59:00,2026-07-07T02:23:02.245988,messaging,bug,critical
6286ae79-73e3-4939-9e82-069ac2514da3,3c9aec85-800b-4d0e-959d-d695aa6f82f0,2026-07-02T16:40:00,2026-07-03T06:06:01.283015,identity,account,low
d1dfb302-679e-43f1-abb7-f5c248169708,33dee840-7aa4-4b4c-96c1-10b8bf71aaa0,2026-08-20T11:46:00,2026-08-20T16:52:29.895050,payments,configuration,critical
d66c8f13-34e7-4326-94a3-b39b4f9ba633,fd661be8-9055-4597-bcdf-b0721ddcdd2f,2026-08-27T20:55:00,2026-08-28T11:53:56.396879,payments,billing,high
0ea14b35-ef9a-43ba-9cbb-3042eecec8b5,19f014f6-5d8a-434c-8b31-bfb5dd884266,2026-07-16T07:24:00,2026-07-16T11:47:02.602780,payments,account,critical
d16892b1-c371-4640-a6a1-4d352ac180ca,69e0ece3-b2e6-4a40-8ce2-5a3201f2f858,2026-08-20T12:44:00,2026-08-21T12:21:39.312908,messaging,bug,low
043ad31d-1826-4a3b-86d6-3e02488d083f,ef56e116-6615-4daf-8e6b-2617fd48792a,2026-08-26T12:00:00,2026-08-26T22:04:59.342004,identity,billing,low
4075bcd0-41de-48b8-af09-423593b12b77,8d082566-6ae1-4fab-9d01-ff094cd66694,2026-08-13T21:21:00,2026-08-14T08:03:57.246383,identity,account,high
8983f6d3-c1bb-4f86-84ee-9381e0af8994,3e8bb42f-c3bc-4ca2-9993-b70b44802558,2026-08-04T14:27:00,2026-08-04T18:48:49.960233,identity,billing,high
204c2f81-d75e-4eef-8e55-5298c41cb620,85740a40-6b32-4ba4-a6a2-04f5f5a7e606,2026-08-18T14:44:00,2026-08-19T06:50:55.757594,analytics,configuration,low
a3de5d9b-2ef1-4a5d-bc3a-07a6f1b17906,88192074-e5c5-4cda-a83c-fd9a1921aa3b,2026-07-12T04:38:00,2026-07-12T15:39:34.443676,payments,account,high
a8e6c035-c610-4d43-9cb2-504b0ed77391,d2a80ad4-7345-4b02-8029-761bebe1a84e,2026-07-20T04:36:00,2026-07-20T16:26:13.642020,identity,configuration,high
f2addf2f-dc4c-4ece-a811-2023b9290191,96ddd190-595d-4c07-acf0-acff771eb4c3,2026-08-11T04:58:00,2026-08-11T11:41:58.938377,identity,billing,high
2296664d-91fa-4564-b8f8-10c0e6237ce3,6c465151-4bb4-4577-8532-d5e6b8d7bc87,2026-08-11T20:26:00,2026-08-12T10:11:26.350211,identity,bug,medium
aa8fa9f6-6697-46a8-9936-9e7f3ad300d6,4fec9bf3-0649-48bc-98a1-f314d163969e,2026-07-01T04:28:00,2026-07-02T01:34:31.374988,messaging,bug,low
31ec5d5e-db8f-423a-840e-dbaebf173f44,930d0fe6-d833-462c-8a74-5301682918b1,2026-08-07T14:34:00,2026-08-08T13:44:17.379224,messaging,performance,low
23ba11db-1cf1-4114-9c66-c928e9804696,fe194089-5c06-46e2-b274-18c73b584dc6,2026-08-29T01:58:00,2026-08-30T03:01:58.678112,analytics,account,low
bc6125ec-78bb-423c-accf-b6e81b67cf74,b8f8cea1-71b2-4a8d-8974-b74d141f3afa,2026-08-10T12:30:00,2026-08-10T16:28:56.641819,analytics,configuration,critical
60e454d2-70f9-4666-afd5-fee3b394164b,7a5971bf-5a8c-46bf-a239-5d7bffc5c3e6,2026-08-02T13:59:00,2026-08-03T01:13:44.698436,messaging,billing,low
52331bc5-771a-4206-90ed-6f7a30232ca0,2bcfdc2d-92b1-48aa-8bec-b2f88987ffe3,2026-08-03T17:19:00,2026-08-04T16:41:38.181995,payments,performance,low
effb3cc8-138d-459b-8786-f1f19a04d15f,119cb297-5fc1-44fc-810a-7f41dd4852a7,2026-07-02T19:12:00,2026-07-03T02:16:46.553634,identity,configuration,medium
cc2314e0-3df1-479c-ba3e-153a206ea57d,63a301da-3070-44e1-864d-c2a4807210ee,2026-08-25T20:05:00,2026-08-26T13:50:41.145996,identity,billing,medium
a763ef2f-096a-42e7-8ae7-c47f72993273,7e7ab816-87d2-46c6-9673-67f0506c87b9,2026-08-03T00:59:00,2026-08-03T05:11:48.681973,analytics,configuration,critical
eabf0df7-508c-4ec4-85be-959d6ce27706,730fae15-47b1-467d-b387-59a4dba2de2f,2026-08-25T03:53:00,2026-08-26T11:56:36.332713,payments,bug,medium
148338cf-bb10-4b7f-b39b-266ab6ec8dc7,b3d15b02-a364-4987-be5c-04193050fabc,2026-08-28T02:41:00,2026-08-28T11:14:10.144265,messaging,bug,high
a799061a-b4c1-456a-9a02-c8e83b14c626,e3f9be62-42dc-403f-b091-1ecca2ec285c,2026-08-14T23:11:00,2026-08-16T00:14:09.035631,payments,account,medium
db591431-6658-407c-9dce-01cfa19c3b3b,74535a3f-0c16-40f1-81e1-d982add1c889,2026-08-21T11:48:00,2026-08-22T14:42:46.894578,payments,bug,medium
f3d70b24-cedc-43d8-a329-5dbb3c6c7be4,4f405f81-cb17-476f-8972-9ddf2a1202e3,2026-07-12T14:22:00,2026-07-13T06:56:19.333624,identity,account,medium
aa3d6a58-6993-47f2-b294-8971ecccbac6,b6dbc711-860b-4e32-8a85-37ed7b483d15,2026-07-25T23:16:00,2026-07-26T08:42:43.594185,payments,bug,high
bcbbc377-9ecd-441d-bf77-4f4970d2274a,64c63013-7009-4e83-a88d-1bbcbdf08782,2026-08-11T07:37:00,2026-08-12T07:59:10.115789,analytics,performance,low
b821d259-076e-4f43-bade-25ab30311ff7,9f180260-dffe-417c-b2e3-ed9b54b409ee,2026-07-30T09:36:00,2026-07-30T14:34:25.469659,messaging,performance,high
c4101833-1cb9-4c2b-8126-d2e5c621ba2b,9cb224b0-44c9-49b5-a8ef-c98de895a38b,2026-08-17T04:13:00,2026-08-17T12:21:16.999117,messaging,performance,high
9130b272-a004-498a-b73f-e5b925488be5,3de9f4db-4fb3-4bb9-9593-cc5d244f6347,2026-07-04T22:57:00,2026-07-05T10:17:49.674959,payments,bug,high
09a1f004-de0a-4924-8469-f94c3917ae35,efd9304d-23b7-455b-9111-068fa4d91ed6,2026-08-18T11:04:00,2026-08-19T03:07:12.455725,messaging,configuration,low
7a8c6c0b-b4d1-45f7-9927-ff442d7d24ae,c0f57197-8d7e-4ddb-9061-0009baf36131,2026-07-31T11:10:00,2026-08-01T13:59:29.148980,analytics,account,low
d52fba75-8d94-4ef8-ae5c-0a91b970c874,b4656d54-0af8-4dea-b4ba-d0298b1530cd,2026-07-21T12:53:00,2026-07-21T21:14:45.078524,messaging,bug,medium
886fc4af-5366-4a23-8667-7976263aa560,39a188fd-5b17-43d9-8852-6302deb71865,2026-07-30T23:12:00,2026-07-31T08:42:06.154346,identity,bug,low
96a648f0-6c96-4413-ada9-394bf1a2539c,4251b5fd-d468-4f99-8567-82af6e9f72df,2026-08-09T07:36:00,2026-08-09T18:19:26.618410,analytics,account,high
c41030fb-5c1e-4215-9d0c-051759d16473,ac28139c-2bcc-4d6e-bbec-71eb79d1c882,2026-07-23T11:54:00,2026-07-24T05:24:20.274820,analytics,performance,medium
52155aee-6fdc-4fbb-8a66-6b4375abd943,83b33890-bd66-4850-b216-ba2d46b01a7e,2026-07-05T22:54:00,2026-07-06T16:13:21.255335,identity,account,medium
aa3b0d07-6a06-48af-8730-f2bb99e1b462,dfff4bec-e333-45ee-a629-b777639af501,2026-08-24T14:38:00,2026-08-24T17:52:12.492268,messaging,bug,critical
aefdf93e-8db5-4a8b-b6a5-74303e8d8d73,82edda2a-00ef-49a4-a8f4-bc9e94b5a7f4,2026-07-08T18:51:00,2026-07-08T21:17:23.417890,analytics,bug,critical
861fd7dd-353a-457c-b421-463fada48947,3111648e-64db-4cc9-a690-63531eeb1bff,2026-07-06T22:03:00,2026-07-06T23:42:51.719366,payments,bug,critical
f700b856-9d8b-4467-8bef-2b9b31759b98,016464e1-e2ad-4662-84b1-5d0829ce8817,2026-08-25T14:10:00,2026-08-26T11:21:46.176844,messaging,bug,low
6ce7ba4e-b1d7-441c-8e65-d309da2a9274,997eaec4-9d8e-4441-ae43-a09c77e10472,2026-08-20T21:43:00,2026-08-21T00:25:18.177081,analytics,configuration,critical
ef1d9092-0a0a-4128-b449-8da4b407367f,c7e98027-5b5c-424b-b128-1f7c5ee111a6,2026-08-26T04:31:00,2026-08-26T21:40:41.048787,messaging,billing,low
2108cbdb-5a9d-4ea1-aae8-fd0fd7c30362,7f000324-5e1e-4112-9e59-7988284c511c,2026-08-12T06:04:00,2026-08-12T21:10:47.147573,messaging,account,low
ff5b21b5-0dd0-4645-bc50-17df239d8760,866840b8-67fc-4d31-8147-b130673ce51b,2026-07-03T08:44:00,2026-07-03T17:26:09.024666,messaging,account,high
d2ef3cd9-a4b0-406e-80f5-afeb8ac0a722,b8678932-0608-4865-adb8-e23ae21b7f53,2026-07-10T19:56:00,2026-07-11T15:36:19.045102,analytics,bug,low
f9d59aeb-0da2-4699-a3e7-0f8f43521080,0ca110c0-7668-4e95-bc45-d0585abe80ba,2026-07-18T14:57:00,2026-07-18T21:47:35.266990,payments,account,high
425a24e8-5031-40d4-943c-02dd8d4c0300,c27334b1-7293-4782-8a1c-b7f1586c0822,2026-08-13T19:37:00,2026-08-14T03:16:07.460896,messaging,billing,medium
221f145d-ef00-445e-b4cc-d71d28928f23,17678435-03de-499c-a5c9-700c6a116b16,2026-07-05T00:16:00,2026-07-05T08:56:34.242104,analytics,billing,high
95d1b590-dbde-40e4-885b-feacfbd85ce4,fd76baa5-820d-4f27-b8d2-16d852b284fe,2026-08-16T16:56:00,2026-08-17T00:42:08.071505,identity,configuration,medium
1c112273-51ae-426b-abb9-faecdd6d7796,b3d765e5-90a7-46bf-9179-478d75edaf29,2026-07-29T02:18:00,2026-07-29T14:03:43.806483,identity,configuration,high
4ff70657-4279-4987-ada9-20474854126e,f79e44f8-9ba9-490f-8f8c-0c7e16612a58,2026-08-17T02:53:00,2026-08-18T00:38:12.707772,payments,bug,medium
7db2030a-4bde-4653-ab33-50a519b76667,ec25a1d3-3836-417a-8963-a578ac9c9acd,2026-08-20T22:08:00,2026-08-21T03:41:47.725334,analytics,performance,high
3263022f-592a-4865-863e-ce62fd9afd72,a2976c4a-7e24-42cb-a162-b3e1920edd56,2026-07-19T05:43:00,2026-07-19T11:13:53.440476,payments,bug,high
018af3e9-9d95-4a47-8e50-7cf6992ee85b,9e406021-0a18-41e4-b2a5-694911b2a318,2026-08-13T07:14:00,2026-08-13T18:02:57.850051,messaging,account,high
f15aaaf3-2b09-4c1e-b8c7-2f01283144ca,8922c6e4-31cb-42fe-8471-b514d2dc6598,2026-08-21T12:39:00,2026-08-21T19:59:58.424305,identity,account,high
1439326c-6e04-46d8-9c07-dcc7bafad167,58b0d7ac-c144-493d-8ce3-e222e8b68ab3,2026-07-15T18:30:00,2026-07-16T12:25:36.307632,analytics,performance,low
da19a21e-8b58-478e-b448-4814e48c9be7,9af265fd-4cd5-4a23-9e23-abf4fe7463d6,2026-07-01T08:04:00,2026-07-01T11:26:18.336190,payments,billing,critical
3b8d17d3-5bcc-4d0a-b085-248d19fe92f3,e2a0d15f-a765-46d8-9571-fb440ec510a9,2026-07-22T18:08:00,2026-07-22T20:14:57.416691,messaging,configuration,critical
c6bb005f-9e1a-41a1-a66b-8c1e237f9373,7af1ca1d-38b4-4023-ae01-d148588eae2d,2026-07-17T18:29:00,2026-07-18T04:48:37.778965,analytics,configuration,low
62d1deb6-b505-4959-86c6-df467843ba6d,2e5b6de8-7254-4719-83ed-83e459c5c3a8,2026-07-03T17:34:00,2026-07-04T01:05:23.753842,analytics,billing,high
aaec65bf-5047-4f3e-bc77-638df1a09355,aaa33b32-f0fc-4afc-98b1-8f78ce46b81a,2026-08-27T11:10:00,2026-08-27T23:45:03.161973,identity,bug,low
3393e7f5-9b6c-4608-9705-b17613e6e911,fb890e10-bace-40b7-8034-1ab67b956be5,2026-07-26T20:37:00,2026-07-27T06:22:02.496208,payments,billing,high
9d8672b0-b69d-4863-a758-e39a4c8792be,1737c7fd-0303-41a7-911b-6579bad09f19,2026-07-31T22:20:00,2026-08-01T04:35:28.455612,payments,billing,medium
33c0f3d0-a9ae-47cd-ba8c-d4754c056798,265dbba3-573f-455d-bc8c-01bf05463319,2026-07-24T19:53:00,2026-07-25T06:25:49.463142,analytics,bug,medium
bd16d360-ced8-4d54-bcfc-7f2058a70a2d,06ac8936-e429-4e3f-8fef-341dd0a084ac,2026-07-11T02:24:00,2026-07-11T10:02:58.665942,identity,billing,high
bb828114-e718-403c-a904-c74f8e724d7b,bf9cb8b8-d56d-4cb1-b711-a55a9df6fdbf,2026-08-03T15:29:00,2026-08-03T19:37:06.588634,identity,billing,critical
4b2e2a22-9c85-4cdf-93bb-3929dea9c4ab,b9632c96-8863-4d5d-b6d6-3527bc3c4305,2026-07-06T22:49:00,2026-07-07T14:21:19.598633,analytics,billing,medium
b3366d02-31c6-4a4d-9b64-7b6ecd35baef,dbd28198-aaf9-44a5-b5d8-27d81574ceca,2026-07-18T10:44:00,2026-07-18T19:31:47.015883,messaging,configuration,high
6a59c425-dd44-4365-862d-752412456b45,bcd2ade5-e3a9-4323-899c-417ff64265cd,2026-08-27T21:40:00,2026-08-29T02:55:20.899267,payments,bug,medium
e9b8554c-07b0-446b-bc1b-7265c313c55a,9b5ede08-8670-4614-9b74-a5dcfb941c65,2026-07-27T18:39:00,2026-07-28T01:17:20.787723,payments,configuration,medium
ec03452a-d25b-4cda-9029-86393e339b23,846ee788-21bd-4b09-a410-8ad78c3e3db4,2026-07-26T11:49:00,2026-07-26T13:56:39.765794,payments,account,critical
25bb6ba6-897d-46fd-97ac-2cfe52736b32,1580d991-a035-4e68-95da-1c4b844e0550,2026-07-08T09:50:00,2026-07-08T21:50:49.693478,messaging,account,low
8371b3cd-011c-48a5-af3e-fc69a6ce4f75,1816dc00-8f38-4d92-8bc5-5ea3002d709d,2026-08-05T07:51:00,2026-08-05T09:53:13.183988,identity,performance,critical
9306b7a6-f296-4f67-982a-00162aa7e2ff,69a18448-b11c-4e8e-b4ae-c882708f20b4,2026-08-04T00:45:00,2026-08-04T03:03:18.022952,messaging,performance,critical
01d44dad-3765-4901-85b1-71d9ce6e8d71,41b5f0b4-fa26-47b3-94de-4ee62f84fc1a,2026-08-06T11:52:00,2026-08-07T04:36:19.015804,analytics,billing,medium
43fa5681-7a45-42d7-93b9-2768b887bda0,941e7c38-41ef-4c8d-bdf4-a2ebf39cb6cb,2026-08-11T03:35:00,2026-08-11T20:59:34.485064,payments,performance,medium
02bccd00-c06f-4451-b88b-272b8d0756f4,7a9e7613-ba33-4c33-89ac-46f9c510c94a,2026-08-04T07:45:00,2026-08-04T22:52:40.614328,payments,configuration,high
305b10ef-6cd2-4c91-baab-d27570579042,a85dfa48-a5fc-4e74-8873-8c691f418997,2026-07-13T05:26:00,2026-07-13T08:29:23.263782,analytics,configuration,critical
27af1b6f-09f7-45d2-a405-f7bdfee1e800,6c24d1c7-3b84-417f-9b58-3785be921191,2026-07-21T22:49:00,2026-07-22T06:13:31.747495,analytics,performance,high
f10417dc-8870-4e0d-89da-aadec6326632,fe1704b4-ced0-4997-b083-792f0f7aa96c,2026-08-12T13:22:00,2026-08-12T23:48:09.728600,messaging,performance,high
1064f143-328f-417d-a2b4-b1605a815a9c,54c840fc-9430-48bd-87a8-24791472f34f,2026-07-29T20:32:00,2026-07-30T08:45:55.859369,identity,performance,low
352aa471-d09c-4e6d-aea1-f9d0f59459ba,5adfe373-4fe0-48cd-8259-232c82ef645a,2026-07-22T06:43:00,2026-07-22T17:55:42.504405,identity,bug,high
df52c2de-d628-4a5a-a373-125ed526bcbe,6fb39498-ee88-476c-910c-ca758a45cffa,2026-07-27T19:23:00,2026-07-28T02:33:51.273539,analytics,configuration,medium
c9ec85bc-c1b7-403a-b9f2-8b97f3c94e63,9d6f4145-dc07-40e1-a7fe-692148635c7d,2026-07-07T11:51:00,2026-07-07T21:51:18.338755,identity,bug,medium
be4ee0c0-16fd-40d8-898c-04c6a8feccd2,e1f8260e-1eb3-4e39-bf05-212fe6bf9379,2026-07-30T23:14:00,2026-07-31T04:45:30.502175,identity,configuration,high
87aa7555-18b6-4c10-b90a-5015877a14e2,c830d55a-c39a-4817-982d-2c492ee086b8,2026-08-24T23:31:00,2026-08-25T06:50:22.396256,payments,account,high
77e63225-711c-4360-867e-bfe5d28ddad7,a9066bfc-ae43-4a16-836a-0a7d51235d49,2026-07-28T06:12:00,2026-07-28T10:32:14.802080,identity,configuration,critical
eae70f12-2faf-429e-97ca-8f78b9a57458,afd3c1b2-1a32-48a4-9fe6-b36627355b57,2026-08-22T18:55:00,2026-08-23T11:18:08.136419,analytics,performance,medium
93b76f2c-1848-494d-ba9f-b394b9397f1e,47f4b3e9-3406-4df3-a48b-19d1980d47cd,2026-07-21T17:09:00,2026-07-21T19:21:04.210450,payments,billing,critical
0cf7498d-6362-4968-a444-2f9c453318b2,7a5b2fc2-af39-4324-805b-d1594affb512,2026-08-23T10:19:00,2026-08-23T20:39:07.148785,messaging,performance,high
a226afb7-66a3-40e4-8b1a-f22f2091d82c,30406f58-ecbd-4c05-b8cd-dbe5e68154af,2026-07-29T11:55:00,2026-07-29T14:02:43.515338,payments,performance,critical
b325891d-b56c-4267-b3ac-cdc955d9211f,19cded08-1241-4fb8-a198-095aa5db6f70,2026-08-10T22:58:00,2026-08-11T11:53:48.364980,analytics,configuration,medium
2fbb1c97-99d6-49f8-9b24-c2d5cac49c24,4a3a19d2-ac72-4bd7-b46c-bd6016514884,2026-07-12T16:22:00,2026-07-12T20:17:52.334958,identity,bug,critical
2030ee6b-221a-4393-ab64-e9465d63e572,d8e8a5d2-dffe-456d-ba20-93941840e53c,2026-08-02T06:46:00,2026-08-02T09:32:37.768961,identity,billing,critical
f55628a8-7651-45d3-9cbe-9d928a4bd750,53d51618-bdd0-4ff4-a0df-d2008a33edcd,2026-08-06T17:10:00,2026-08-07T12:22:59.017303,identity,configuration,low
27f3df40-7003-49b3-b6e9-fe2543731d5d,eeed8c92-c536-4394-9823-68a8ea25cd8f,2026-07-03T22:21:00,2026-07-04T06:53:43.897483,payments,billing,high
0b286c64-7fb8-4ef8-a3b6-b19ad5d8954a,c071fce7-089a-411b-aeec-fb789abb83a4,2026-08-24T21:16:00,2026-08-25T14:39:03.523554,messaging,performance,medium
fbc57676-3d95-4f6c-9ee5-d409a6607a04,4429edd3-45ab-480f-ae09-b0b29b6c8675,2026-07-06T19:10:00,2026-07-06T20:59:33.294246,messaging,billing,critical
38feaf77-8c92-431d-b2b6-71de3779d2f8,36eb023d-ea94-462e-8eec-5ba35edcf8b4,2026-08-21T20:07:00,2026-08-22T08:12:08.253136,messaging,configuration,low
66769276-dabc-49f1-a347-82aeffd1c75c,a1d5b9b0-3463-4faf-8fab-e9412bdc4b46,2026-08-20T07:50:00,2026-08-20T10:40:41.740540,payments,bug,critical
a9e23122-dba1-4809-af26-e16c51b7bca4,ba891d7f-4389-4393-aeec-1298fdbfff15,2026-07-19T02:43:00,2026-07-19T08:21:49.698136,analytics,performance,high
9d1e8080-9422-4e94-b501-35cdb547c327,17284f38-e77d-4c37-9cd8-5d04cc92ae3c,2026-07-27T11:55:00,2026-07-28T03:33:08.666815,analytics,performance,low
370c7b8e-c703-42c5-814f-ee2658770943,d5f34299-72de-4657-a2e1-704d5eb453f8,2026-07-02T00:07:00,2026-07-02T02:47:23.936949,payments,configuration,critical
63448819-72fd-4092-bd8f-38f01983e715,45e258b1-bfd8-451f-9347-8efa9fa18d9c,2026-07-11T01:55:00,2026-07-11T04:51:05.112338,payments,account,critical
4c7471fc-93bb-45d5-a8e7-2f97b2d1e182,45863f15-1e20-4501-bfaa-bf7cd65ed698,2026-07-07T06:12:00,2026-07-07T22:38:43.399724,messaging,billing,medium
1a9c194e-523f-45f3-927d-d817ebfd7835,cc6e2f78-efd0-481b-8154-a5e2d027475a,2026-07-29T04:40:00,2026-07-29T17:54:40.248183,messaging,performance,medium
eadfb963-a747-466c-bb8c-afa7d639b5ae,382d5438-07c7-4b43-9fb1-1f74297d1d4a,2026-07-29T05:53:00,2026-07-29T08:12:34.762557,payments,account,critical
cfd152b5-c0b9-40a1-a04c-3af3dd639f58,d7d88029-da1e-4232-ac2b-4fd2edf561d2,2026-07-01T16:15:00,2026-07-02T16:05:32.954063,payments,performance,low
d0051f4b-3d2d-46a6-bed2-b094062527aa,c3c6c01d-f8dd-44a5-bcab-bfc13cfe65db,2026-08-25T01:18:00,2026-08-25T21:36:30.083619,payments,account,high
a27cc090-01cd-4e5a-b91e-c4d1e9600ec5,a38a145c-bbf3-46aa-bd16-e10a0c3bcee2,2026-08-14T16:30:00,2026-08-15T14:46:16.438066,messaging,performance,low
e641cb4b-bd28-46ef-add4-8067da553922,c1514365-5118-44f8-afcc-197d7c15d820,2026-07-27T04:57:00,2026-07-27T12:04:43.402594,messaging,configuration,high
1d9a1754-70f1-4ce6-90c9-ce26fdc19f2b,30c80c96-4375-413b-9252-2f063d733c66,2026-07-16T22:34:00,2026-07-17T15:21:58.471597,messaging,billing,medium
5c9522c2-3948-4541-8f0d-7859f532933f,f508ac13-c4b7-4897-a419-db55969719d0,2026-08-09T07:53:00,2026-08-09T22:15:56.151935,messaging,performance,medium
4273d042-c34d-4451-b6e1-ecfcf93efcac,d788dbfe-03f6-44f7-bd32-0c9b87842039,2026-07-09T16:41:00,2026-07-10T09:18:35.406541,messaging,bug,medium
6fe91734-c812-4790-a031-6771c802bfa1,c37bc935-c9e3-4bfa-9b39-b5f491e0212a,2026-07-15T09:00:00,2026-07-15T18:19:59.719888,identity,account,high
ce2c7c4f-116c-47de-895f-8c518acf5757,40223aee-209f-478e-8e04-61168e007b40,2026-07-07T01:48:00,2026-07-07T06:16:37.808996,payments,performance,critical
06a27ff6-8715-4fb5-ac0a-ab92a4dd1e79,fd6503fb-084b-48ad-8528-510ac3369c18,2026-08-20T07:39:00,2026-08-21T06:14:49.716923,analytics,configuration,low
c081e49e-7c94-4dc9-9917-ae8ee718da71,c5ad8303-56cb-467f-8741-132acda6046a,2026-08-15T21:52:00,2026-08-15T23:51:40.262342,identity,performance,critical
30d60494-21bc-40d2-a35a-87a81de2d61a,0e044c58-b837-42aa-9420-026247fc5731,2026-07-19T21:00:00,2026-07-20T07:19:03.067883,analytics,performance,low
671c7bba-fe09-4d9c-bd88-c37283684ee0,5a26315f-7c72-474d-945f-afe20ebb273a,2026-08-12T01:02:00,2026-08-12T05:06:02.349965,messaging,configuration,critical
d0253cd7-d817-4f4a-b0c0-b6f9c6ff9ec8,6bbd46ae-786a-4f0b-9c30-46b91f78e1d6,2026-08-06T02:32:00,2026-08-06T07:27:02.862248,analytics,bug,high
fbc0422d-5c6b-4133-8ffe-77deee37c1d4,b449ea4e-f8f5-4abe-af03-0d3a2b67c0a4,2026-07-13T10:08:00,2026-07-13T13:01:02.655578,identity,performance,critical
6dce5912-d35c-4a73-ab86-1782e9792d41,7b5f8468-b7ba-459f-bcdf-b76808de123c,2026-07-08T12:19:00,2026-07-08T23:57:58.030042,payments,performance,medium
74a18365-39ed-4c57-9669-62f0081a0e3d,708042f9-735d-4f76-a004-6d24c0e4b591,2026-07-26T09:47:00,2026-07-27T05:42:32.858522,payments,billing,low
2fb81972-34aa-48bb-b602-c5683127892f,cc0f1521-dca2-4d81-8063-aaaaab369b2f,2026-07-17T03:10:00,2026-07-17T05:10:19.296435,identity,bug,critical
76b25c02-0919-483f-ae97-8bd8d8d53ee6,9a1c0537-2427-4218-8f5b-547edcc37c2c,2026-07-02T00:29:00,2026-07-02T03:03:27.339488,identity,billing,critical
5e4864c8-357d-4339-a518-d31a0f5325b7,f9024ac4-b9d9-4b85-9dea-860a178f0c34,2026-07-20T17:19:00,2026-07-21T04:37:16.911810,analytics,account,medium
abfc36c5-c530-4606-8150-0761ad14d33b,30ea140f-f7bf-4dc9-973f-27e3b0c33920,2026-07-05T08:19:00,2026-07-05T15:52:06.816513,analytics,performance,high
51019ad0-5b4b-422e-9f2c-7c5697be4039,f0b48e14-1bf3-430e-a342-599474320317,2026-08-24T10:47:00,2026-08-24T14:35:04.833775,analytics,bug,critical
d754beaa-a20f-4a30-8ad3-9f7e69751dff,f19d3ec7-9766-4435-8a41-dbd6cc1ad5cd,2026-07-23T17:28:00,2026-07-24T00:33:47.893780,identity,billing,medium
0fc3cdcd-28e0-4626-a1d1-a4a17c0af5a5,d63dfeff-8b87-41dd-b0ad-e142493c1db1,2026-08-08T09:10:00,2026-08-08T19:43:51.164616,analytics,bug,high
f8078961-4038-4bb3-96d7-0da8aaecdf00,7a19123b-8a38-472b-a5f8-95278044e40e,2026-08-30T21:20:00,2026-08-31T20:40:40.685902,analytics,billing,low
af6c6340-23e7-45a0-86a4-0ff05abd6374,3299ba4a-fdd3-4915-99d0-bb57521040c3,2026-08-30T10:46:00,2026-08-31T16:26:04.916362,payments,billing,low
1c29a678-2c8d-4818-bfd4-3a4163cb8e71,39a0b641-2d78-45c5-a3be-df08fde16e58,2026-07-10T19:14:00,2026-07-11T08:43:45.888858,identity,configuration,medium
e52fe217-76f9-4371-8c1c-4f7a0fdc4a8e,6f2ecf75-9e4e-48dc-97f1-f888057a33f6,2026-08-19T07:22:00,2026-08-19T20:33:00.047324,messaging,performance,low
ab9896f7-fee8-47ab-9b0e-21c8593e0a85,41903da4-d338-42f8-aa04-57036caf0850,2026-07-10T15:18:00,2026-07-10T21:28:47.765516,identity,configuration,medium
c3a7ce58-b93d-4854-8abc-e05543304979,302590cd-d8f1-4673-abf9-fa3b8c18dbdf,2026-08-29T12:40:00,2026-08-29T14:48:17.893749,identity,bug,critical
fec64323-1acd-46ff-8c36-613ae2ec2eb4,69eba6ff-c642-4dc7-9abc-abcaf647e411,2026-07-21T00:48:00,2026-07-21T05:09:05.441551,analytics,configuration,high
33c4938e-e980-4a8a-9c03-79ca53c50f72,9afbbdf6-c893-4b69-ba6c-9ff631827a7b,2026-07-20T21:27:00,2026-07-21T01:53:57.506924,messaging,configuration,critical
0688ff51-b77b-423c-840b-c1f760fb543a,6e5ff8c2-8f3c-48c8-ae20-e10a3ce9f50f,2026-07-10T06:24:00,2026-07-11T02:11:51.391006,payments,configuration,low
75bbf21a-98b8-45af-8709-9e1fab4fee9b,832fe208-5194-4478-8ea9-033020e189da,2026-08-27T10:09:00,2026-08-27T15:33:09.534123,messaging,billing,high
c9545256-6a7e-40b5-8dee-304625ec883b,a0a2c4b6-eaf0-4865-927b-9e8620e646a1,2026-07-29T22:36:00,2026-07-30T02:44:28.285391,messaging,bug,high
f6438ab6-b735-41eb-8b9f-b35225bd7dcb,554b6e42-b124-4de8-99b4-1a9c403de1ec,2026-08-23T06:01:00,2026-08-23T18:03:27.745918,messaging,performance,medium
a3293761-61e2-4095-8345-8342cafa0d51,dbeccaae-e64b-49d2-a9c1-2db1e7b3bcb7,2026-07-02T05:02:00,2026-07-02T19:35:33.391138,payments,bug,low
f3bdf4e6-747c-461f-9292-2caaa5161c65,345eaa34-e076-4852-9701-5ac91b423612,2026-08-09T00:04:00,2026-08-09T18:12:29.420652,payments,account,low
3e9643b6-ea8b-4e6e-bf74-af5744a4ce1a,6266cf49-ecfb-4832-99d3-c438fd776333,2026-08-04T02:09:00,2026-08-04T09:58:12.169289,messaging,configuration,medium
76e28168-743d-42e1-87a7-dbfb0dc77c74,a4f87476-6cee-4e3a-888f-a3669bd36ee1,2026-07-19T14:29:00,2026-07-19T18:12:03.960869,analytics,billing,critical
5c986b73-e26d-49b5-844e-2e50d31ef1d7,2898beba-2c93-4f3e-8808-8c268eed320d,2026-07-30T22:02:00,2026-07-31T07:10:55.739662,payments,configuration,high
a3bddff7-5d20-4bb3-b1ae-0c5dc40f504d,4621d7d6-158a-45fb-a9e2-bc2a7d0a3c30,2026-07-04T14:31:00,2026-07-05T03:38:19.849428,messaging,configuration,low
86d3ecf6-b546-497a-aa69-2593cfa16bf2,7639a28d-1125-4ecf-a2a8-16069235c752,2026-07-31T03:40:00,2026-07-31T16:08:18.267692,identity,billing,medium
94b09290-89a7-4938-b044-23200c42927d,bb5f0b93-ce14-4517-af29-fecc9f54db08,2026-08-30T12:43:00,2026-08-30T18:13:57.414270,payments,billing,critical
e7986628-f9f9-4878-9593-37e15b3b1c3a,8f0792ee-b23f-4fa6-b06f-b1371c871d46,2026-07-17T16:57:00,2026-07-18T17:36:27.364745,messaging,bug,low
d3cee9aa-2a3b-42da-9532-e0f095ce235c,6238d46b-80cf-46d2-b826-65e62c773b5f,2026-07-07T08:53:00,2026-07-08T02:08:33.459550,payments,bug,medium
937f7fad-d754-455a-9c9e-254a1dbf7d30,1d97f294-8bb6-4732-8422-ac05f84463d9,2026-07-12T10:17:00,2026-07-12T19:07:08.597537,analytics,billing,medium
e93c9199-d5d7-461f-b85c-a438f3884869,98e1bccb-4b75-453b-8d4a-51124a915a47,2026-07-08T02:45:00,2026-07-08T08:03:47.773774,messaging,performance,high
73e974d6-d744-4922-9605-33fdce0940e0,255e36f3-523b-48c2-98dd-7a65936069ef,2026-07-18T23:31:00,2026-07-19T12:47:12.773346,payments,performance,medium
1aa49c0f-c209-4b20-b3e5-57c22d6d8d97,c3a2a282-59fd-47c6-ac3b-2bcaa7ce360c,2026-07-28T14:08:00,2026-07-28T18:32:11.438755,identity,account,critical
1ac4c50a-9fe4-4647-afd0-1d068dffbd78,2140cc34-ef12-40e8-bbff-d095c171067a,2026-07-19T07:58:00,2026-07-20T10:05:05.654863,identity,performance,low
c0ea998e-8fa6-4f31-90f1-8a34ef58c4bf,893f91dd-b048-4adc-a51b-f46812455d9c,2026-08-02T17:31:00,2026-08-03T05:09:54.822535,messaging,performance,medium
b2046161-f8ec-4adf-9e28-b06993d503c7,29c0ee79-2993-4d2d-8a26-42ad787cd6a6,2026-08-08T11:23:00,2026-08-08T12:56:33.959633,messaging,billing,critical
40b1a25c-a9fa-48bd-bab6-1e5bc49312a7,e3f68e46-291a-4c84-9a3d-346051e16919,2026-08-04T17:13:00,2026-08-05T01:58:41.280814,messaging,bug,high
e79ac297-b10b-4344-8971-a7e89031935d,2c5887a8-393b-47f0-a90d-cb876e248f60,2026-07-14T21:47:00,2026-07-15T00:40:27.433335,payments,configuration,critical
227860dd-03dc-4f9f-af88-c6a8109963bd,4609ce39-6034-40d1-bb89-0eeafdbc236c,2026-08-11T06:54:00,2026-08-11T08:36:56.948217,identity,performance,critical
5cc05f4f-2402-43ee-ac1f-623110d427e2,57c43ce5-1f13-45fa-9630-0fec17ff29e1,2026-07-13T10:31:00,2026-07-14T03:30:36.899697,messaging,billing,medium
dc29cb36-c614-4f1c-8cf2-bb2f5ba6441f,578d8464-1249-4fa9-80a3-0bdfeff4854d,2026-07-01T09:07:00,2026-07-01T17:02:53.867069,analytics,account,high
366948d8-f2b7-44f9-b6d4-0c4528976ef2,d4fb6b57-48ea-477a-97d1-fe684e9d50f6,2026-08-07T20:22:00,2026-08-07T23:20:07.152035,messaging,configuration,critical
23775c07-059b-4714-949c-525e6536e691,6e553c99-f999-4ffb-a7c7-b0f7c7f269a7,2026-08-28T08:23:00,2026-08-29T11:14:52.216006,analytics,performance,low
cd8e51b5-875f-4b9b-a9c2-266ddbe4df41,ec0aa36e-1b68-4dc4-89cd-29794f06d26f,2026-07-12T07:55:00,2026-07-12T16:14:50.658255,messaging,account,medium
b21dceb4-a918-4381-979a-695555092e49,1bbd1f7b-cc41-4b85-97b2-c3638e79f80d,2026-08-09T17:06:00,2026-08-09T20:30:17.781245,identity,configuration,critical
8bf93c85-9fc2-4091-92e0-9102e978c3f7,77c3c00d-53df-4735-a357-7b76f63bed99,2026-08-03T12:18:00,2026-08-03T16:00:25.173420,analytics,performance,critical
7372efd6-d3ce-45e9-ba1a-89bfd84b25d7,7d66fc50-0737-48b9-8223-0702e088540b,2026-07-23T01:25:00,2026-07-23T10:27:51.438154,messaging,bug,high
5c4898f9-9ecc-494c-a159-c875193a9402,f390462b-9e1c-448f-ae6d-21da81271d68,2026-07-03T13:43:00,2026-07-03T18:02:58.064394,payments,configuration,critical
2051275b-2680-42e4-854f-39599df5f76b,964f4a88-011c-46f2-860c-6561ba9ed7dc,2026-07-14T09:55:00,2026-07-14T16:03:52.975139,identity,billing,medium
611f05cd-91de-4f35-b5e9-e37d42404140,3d64026e-7ee2-4a2b-b351-6d03b5ba527b,2026-07-09T09:38:00,2026-07-10T03:58:01.200442,messaging,performance,low
26986d01-4b1b-4994-b79b-e26dc11792b8,ae48c4d9-0646-4fc7-bbb4-9dd962305af6,2026-07-18T04:29:00,2026-07-18T06:44:31.009342,messaging,billing,critical
392662e4-09f6-4989-a977-b64039f3b268,024b1c04-0a89-40da-bdb1-07fc9c243721,2026-07-28T12:12:00,2026-07-28T22:04:17.282984,messaging,account,high
7fad2a5c-fa83-495e-a1c5-3b5c97f7de28,f0eb110e-e15b-4fce-aed5-f0fc9ebac1ef,2026-07-09T02:08:00,2026-07-09T12:38:49.767024,analytics,account,high
cdd9f3fb-2f2e-434b-a59a-8d81dc73eb3d,fa742334-ed9d-494e-9a58-ddf57132f0b5,2026-07-25T11:41:00,2026-07-25T15:44:04.904835,payments,performance,high
712dddea-1719-4389-a653-aa9d5ee94dd9,979f5897-9477-40c0-b6ed-efc43d8da10d,2026-07-16T07:52:00,2026-07-16T18:07:25.728873,messaging,bug,low
ed2eecfb-0100-4e65-a48e-156e30165348,ea6ddf36-bc49-4fc8-bcd9-9cb7a2a8926e,2026-08-08T00:47:00,2026-08-08T02:47:42.849966,messaging,configuration,critical
9b2cb3b3-4600-4209-a6ef-404e414efa34,a0f38c44-4e84-4d1c-a13a-d59effbfcc86,2026-08-04T02:26:00,2026-08-04T23:44:28.005136,payments,billing,medium
b99152d4-196c-4f43-9473-e059d55aace0,369884b1-52d9-4d7c-9b50-2b78b322e461,2026-08-15T17:58:00,2026-08-16T02:11:39.563406,analytics,performance,medium
e50fd68b-e8c2-4702-bab2-89fb995259fb,745df292-c920-4f3d-97ab-0f7b7e88b07d,2026-07-06T08:50:00,2026-07-06T20:41:48.877209,payments,billing,high
90533b2f-1f17-43a5-a9b6-bc8daba9d06e,8fd656a1-62eb-4904-b426-ad0da81f0a2b,2026-08-07T05:01:00,2026-08-08T05:38:49.857076,messaging,account,low
7d89ea6e-2dd0-4d77-a725-3eacebb2c97c,519eded0-ef0d-4a4c-b846-dc0a21e5273e,2026-07-16T02:54:00,2026-07-16T18:41:56.809240,analytics,configuration,low
4d27e762-e575-48ab-b1c6-547cce8628ec,0d18e6cf-4c5e-4047-9588-eb9376c41d7b,2026-07-26T04:35:00,2026-07-27T00:07:29.886727,analytics,configuration,low
208a2c78-2e40-4413-83e2-3138ce1805bc,5d68c572-e4e3-48bb-8725-106bbf53b885,2026-08-13T11:58:00,2026-08-13T22:03:56.459055,messaging,bug,low
82537477-6fca-47f9-8178-bc73e2a3f16f,9c916c4b-57f7-47b5-87c7-0016d08f4f9e,2026-07-01T15:47:00,2026-07-02T04:03:04.852314,analytics,bug,medium
bb888c5d-1bfc-4d4e-bc00-90d22142dedb,f1195778-489a-42f4-8d84-774375848097,2026-07-01T15:51:00,2026-07-02T03:18:25.297369,messaging,account,high
8fbf5814-a834-460d-bef1-67571b6f7af1,ee9f493e-e749-4cc3-a2cc-8eeded743760,2026-08-13T01:47:00,2026-08-13T04:17:34.742174,identity,account,critical
80d598e6-33b5-4c2c-8ef1-710f6b998765,4ea47c38-6b84-42af-8cd9-8f8d35564d24,2026-08-01T05:27:00,2026-08-01T14:46:14.254617,identity,billing,high
8337bb27-3832-4440-8bb4-7f50ab65a3fa,92a49fd4-115b-4d1f-8d6d-dbe259be39af,2026-08-04T10:42:00,2026-08-04T21:09:00.581911,analytics,configuration,high
6d2c66b4-642e-42bf-9f35-8b00408946dd,abbf41a3-aea4-4034-990e-88dddaf17a00,2026-07-01T06:44:00,2026-07-01T13:02:29.394458,messaging,performance,medium
5d5634a3-134a-4ff8-a2b2-a19dcc600a83,61f51d55-eefa-409b-857b-869affbe9c1f,2026-07-12T04:28:00,2026-07-12T12:04:55.240635,identity,billing,high
1aea3ba6-8dd8-4bbf-91e2-b7458381f305,2c7c80b3-04ec-4f66-9a6f-f27eb9d827e0,2026-08-29T23:20:00,2026-08-30T02:48:50.466831,messaging,account,critical
77495f28-0b55-410d-b59c-2810d5314b0a,b8efdd60-150d-4594-b264-6b1cd1cf5353,2026-07-01T06:50:00,2026-07-01T17:49:14.913364,identity,bug,high
7b6c899a-408e-4747-b7ba-a402634b7aa1,96be3f4b-792a-49f9-bd5b-db53a59bb5ee,2026-07-30T15:07:00,2026-07-30T17:49:01.784061,messaging,billing,critical
0573e20b-4100-4333-ad96-cdeca2484440,a35b4a5f-cf47-493a-a000-75c0f86923af,2026-08-25T18:13:00,2026-08-25T22:32:02.115331,analytics,configuration,critical
40015d86-fe44-4f21-b2c2-3493388ba911,335ba592-741e-423a-9119-963f0da3a765,2026-08-13T08:06:00,2026-08-13T16:57:26.605710,analytics,performance,high
9d26c4a6-5a2b-4032-a72f-468f9bd64d83,729d2813-aeb0-4c2d-988b-99a29205fbd6,2026-07-14T00:44:00,2026-07-14T04:37:25.664213,analytics,billing,critical
73aa4711-5968-485b-ab85-b03f46cd6bcd,66bcc918-5635-408e-ab58-b581e5a62317,2026-07-28T10:18:00,2026-07-28T14:39:54.553196,messaging,billing,critical
01c6abb2-b78c-4840-a2c0-d3189b4956d2,18599606-4efc-4260-9753-3295a41da80f,2026-08-13T21:18:00,2026-08-14T11:46:52.871075,payments,billing,medium
5ebad7c4-408c-47ab-a09b-3da7badc018b,ef8a7388-f270-4936-a024-19bda0884cd5,2026-08-30T01:14:00,2026-08-30T05:42:48.303886,analytics,bug,critical
8c8f5221-6870-44ac-8a6a-ed34f2b3c3a1,ae5d9c3b-6773-412a-aca5-febe1e4ff694,2026-07-03T15:50:00,2026-07-03T19:37:56.135297,payments,configuration,critical
3c2c964e-c6c4-48f4-91bd-78023aafca6e,b054a09d-f8c5-4cb6-8f4d-7de9b462c262,2026-07-21T01:25:00,2026-07-21T22:23:42.868639,identity,performance,low
cadceafe-3a86-4dac-af90-2e9b53dae9b3,f2c26230-ef3c-4d79-a34e-768f35dc758d,2026-08-18T15:43:00,2026-08-19T02:41:31.889482,messaging,bug,high
fb840039-c8bb-47d8-b0db-6696da2ada40,01fda161-2677-49d8-8fd6-437a3fcf1a5f,2026-08-22T10:13:00,2026-08-22T14:26:49.804958,analytics,configuration,critical
1453f7aa-49b2-4127-8a8e-4ce2d3db7d5a,706481ec-f5fb-4a8e-aa45-364db7c37eb4,2026-08-04T17:43:00,2026-08-05T02:49:32.858578,messaging,billing,medium
8d5b44ae-aac9-4b7e-8d8d-ad50cbe9eda2,9d772e00-54c3-4ef2-99fb-cdd8b2a78a10,2026-07-27T11:38:00,2026-07-28T02:45:27.412938,analytics,bug,low
ae114baf-34a4-4420-98f5-a5634a0c5d2d,66ae7fad-974a-47e2-a56b-58914c74ca2b,2026-08-23T21:40:00,2026-08-24T06:42:05.321460,payments,bug,high
54f231cf-e4f3-4cde-b8e0-ba51ddd6ddfd,0f3ba0fd-9423-4c0b-a25e-3316ce85e668,2026-07-29T12:34:00,2026-07-30T03:09:39.769608,messaging,account,low
91117670-1f95-4c59-b3c0-689f674e10cf,c757f261-dbb6-4cee-89e5-d6f42b55f79d,2026-08-23T17:00:00,2026-08-23T21:25:33.859709,payments,performance,critical
0282a96d-fb81-4ccf-a50c-3e1029693bf7,2c594044-eabc-4bfe-bc1f-6a7ec8395615,2026-08-03T05:24:00,2026-08-03T18:30:08.121357,payments,account,medium
ef3a0a5e-6b27-40ed-8ae6-4a5f8f998730,3c22632a-7792-4459-8d84-820c38d7fddb,2026-07-01T20:04:00,2026-07-02T11:51:37.591885,messaging,configuration,medium
6a1b136e-783a-4fdd-98b4-3cab65458815,e5960268-8373-41f5-985d-79d3380c5037,2026-07-28T00:25:00,2026-07-28T02:21:32.193866,payments,performance,critical
90fa04e6-be74-46b9-bb42-26ace8417ebb,6e848e50-703b-482b-843e-b19cacd2f0ea,2026-07-26T19:04:00,2026-07-27T01:32:16.073092,payments,bug,high
22772550-2831-4275-85b8-1674df1c7edc,a96e934f-0add-4e31-b9e0-50a11837478e,2026-07-12T05:42:00,2026-07-12T09:05:35.632380,identity,account,critical
82d8ab6b-f83f-4d78-8cde-9245dea38f44,e719a9a5-242b-47bc-808b-5be38f5b16b8,2026-07-20T15:12:00,2026-07-20T16:52:35.175954,messaging,configuration,critical
bbbbb00f-0b80-465f-922d-ed9e7cd0c24e,0ff22ae6-bcc8-461f-9012-a2b7b0004dc7,2026-07-31T07:45:00,2026-07-31T22:09:17.600270,payments,billing,medium
4f7a031e-e1cb-4a2c-be7e-847e0e5b9a75,21b981b2-c3fd-465d-b0e4-ebb5dee45d7f,2026-07-05T18:49:00,2026-07-05T21:12:50.299194,payments,performance,critical
2ed7231e-5195-4ac8-9bea-1431bfce229e,29196793-258a-4b6d-96c7-24b5563bc605,2026-08-30T00:09:00,2026-08-30T04:40:19.253270,payments,bug,critical
5d539052-9e9f-4b36-bb60-b2178e4f65bc,ca5bec36-7b7d-4320-95ef-1614fc91ccb3,2026-08-13T02:12:00,2026-08-13T03:54:55.690786,identity,performance,critical
8c724603-68dc-4507-8bfa-cfa0326cfebe,64454baa-20c7-4157-b0e6-f0d8b1148c13,2026-07-26T18:18:00,2026-07-26T20:05:31.051320,identity,billing,critical
73fdc6e3-43b3-4a1d-a656-a9cf44715ce2,eccca849-9c2d-4675-b70a-208f07cc373e,2026-07-30T10:31:00,2026-07-30T13:58:50.047040,analytics,configuration,critical
c3f1c75f-79b2-4f4f-8f24-507a7dcdb418,65b905a8-4f8e-4daf-a8b0-68c0013f020e,2026-08-22T12:49:00,2026-08-22T17:05:18.625708,payments,performance,critical
6be4b452-0b13-4726-951e-8bea6dabc1d6,287ade7e-cf34-4c79-8fd4-999d7a40bc66,2026-07-14T04:22:00,2026-07-14T19:11:25.776331,payments,billing,medium
0d2405e7-9f38-417e-a49b-dd77a673eaca,2cbe87cc-23f6-401d-9ce0-598ff3f0d2fc,2026-07-01T19:57:00,2026-07-02T17:09:34.993830,identity,account,low
29d5ac4f-311f-49d7-b9e8-34dd63e6cedb,d8ae5967-f6af-4636-90bf-5d7ed56771c1,2026-07-14T10:26:00,2026-07-15T03:32:42.566546,messaging,performance,medium
f549296f-01b1-4eb9-b7e0-ea357a88bd16,af951655-8f27-47ba-9c8d-e549589f6dd2,2026-07-09T17:49:00,2026-07-10T11:09:26.730089,identity,performance,medium
7d1a653b-2b00-4eb7-a23e-88e832a1f75a,a28c8f44-6818-42ca-a704-7c0b0cb8942f,2026-07-11T16:20:00,2026-07-11T20:44:33.051313,identity,account,critical
296c2a26-0699-48f5-9d12-7f4df64239ff,24afd63f-37d7-4f18-a0ed-d1216e0e85dc,2026-08-27T01:38:00,2026-08-27T12:46:18.404709,messaging,billing,low
85977020-7852-42df-aeff-ece240030dc3,8d7c0b9e-d9c1-4362-9eb5-e51932760445,2026-08-06T02:29:00,2026-08-06T16:19:00.828971,messaging,configuration,medium
b6f40d69-ac80-4927-8ec6-d10caaf1901a,348b9d24-f417-4c7f-9ac2-56ed37051c34,2026-08-04T04:00:00,2026-08-04T06:19:32.333235,analytics,performance,critical
a4369b98-db1a-4101-9d4e-867db0a22d68,9948211f-6116-45da-bbf3-dcec124fa3e9,2026-08-29T10:55:00,2026-08-29T22:04:36.024988,messaging,configuration,low
43de3f59-a43f-46a0-a01e-903cd318145e,de7cce46-82b6-43ee-b92c-ecc882d126a0,2026-07-08T12:31:00,2026-07-08T18:47:34.756089,analytics,performance,medium
1e443028-64c8-492c-85f9-cd532473de89,e808d909-95cc-4e2d-b1bd-37add71859c8,2026-08-22T03:41:00,2026-08-23T02:58:53.472691,messaging,configuration,low
996911c7-d70d-47a9-a83a-cc34b0606551,a76b8435-1752-48c8-a3c8-b34776e77ad0,2026-07-17T11:36:00,2026-07-17T13:59:42.324149,messaging,performance,critical
29445e31-d9bc-4478-80f8-08bae5196f39,1422e035-542f-4945-aa0e-4ac818b6e5bb,2026-07-12T09:34:00,2026-07-13T07:24:52.175877,analytics,configuration,low
425d7acb-1344-4b72-80c6-7d67fb7d8f91,3c3aafa5-61c2-4d5a-93fc-26bf59be8af0,2026-08-18T22:12:00,2026-08-20T03:09:32.429002,payments,performance,low
b935d860-5351-47a9-ac42-64cbf818d687,e84b9a9d-ea25-4c07-ae7c-461a94dfb4b3,2026-08-18T19:49:00,2026-08-19T18:22:47.332383,messaging,bug,low
e4db6ac7-7563-47f2-a19f-c62809cef3fa,b6b55b8f-b321-4fe1-9ee7-435d18ed168a,2026-07-19T21:12:00,2026-07-20T03:15:49.996919,analytics,billing,medium
0536f101-f8a1-4f2c-97a1-31a23c3de475,ef42b234-2d4f-4d81-a2ca-a29b82e1eb1b,2026-08-10T16:59:00,2026-08-11T04:18:07.276184,identity,bug,low
ef7ad9de-f125-4646-9dae-3308dc8d7572,e7203f1b-ef07-4956-b8fd-1267c3d6648b,2026-07-19T18:30:00,2026-07-20T05:18:41.763057,payments,bug,high
daaadbd6-2a7b-4729-b5be-238f483cc415,631b3959-c5ff-42b0-9419-62cdb521202f,2026-07-04T04:28:00,2026-07-04T11:22:30.517652,analytics,bug,high
0ef97229-ed9d-4074-9d48-9b72740cd4f4,23a798ba-c351-4e12-b27d-b73e89eb945e,2026-08-19T13:19:00,2026-08-20T13:33:46.037572,payments,performance,low
4191e5e9-41bc-4d21-adc7-534017d5fc85,4854f244-baf6-49a3-80d4-580e73b3cb3e,2026-07-05T04:51:00,2026-07-05T06:46:10.434501,identity,account,critical
593438fc-fc46-4acb-9837-1879ac0f77c7,6dd368ad-1882-474b-8c33-dd791e067c70,2026-08-14T15:23:00,2026-08-15T00:13:57.757445,identity,account,high
b5be2fc4-5088-423a-8e9c-28a6a766e856,f27d711b-e3c1-41a6-869b-5e501449dac1,2026-08-16T11:24:00,2026-08-17T11:16:55.385477,payments,bug,low
ae4316e4-7eaf-45d6-ae9a-00c8fadd2e44,1ef4c369-6f86-47a0-ae47-15b7c89d6743,2026-07-18T02:51:00,2026-07-18T20:20:20.670491,payments,configuration,medium
18a18959-e988-4385-a081-fe0183018c8e,02e0c68f-eb9e-40d9-9fcc-8022006c6e2c,2026-08-24T19:24:00,2026-08-25T06:35:40.194060,payments,account,high
411ea945-69a3-4e8a-af36-33be729378c5,b7ee3a2b-1726-4d04-a326-6a00ec80cc89,2026-08-26T15:27:00,2026-08-26T21:32:07.423936,messaging,bug,high
12572300-9521-477a-9fd6-316b3f638dc0,e5dd7143-ae50-4797-8bb4-2803384ee3f7,2026-08-29T03:26:00,2026-08-29T06:34:58.459240,payments,performance,critical
934a447d-409c-4708-9ace-745789201f75,775c4891-d605-41cd-8bf7-9691f6d59ec8,2026-07-24T03:15:00,2026-07-24T10:05:48.107588,messaging,billing,medium
9fd6f69b-0ee5-456d-94c1-f5ed44b89083,c04d19cc-7946-4052-acf9-071fbc4dcfc4,2026-07-25T12:30:00,2026-07-25T23:32:10.455615,payments,configuration,medium
635ff0b5-a76e-4716-b17a-54e38f959ffa,50572d85-dcf5-4a18-ba96-92669f0a21e2,2026-07-14T23:18:00,2026-07-15T00:52:39.826522,identity,performance,critical
3df2403a-328a-4ea3-9df8-37340596daab,b3a03b1f-3dee-4866-a49d-2f0f22070e40,2026-08-24T22:36:00,2026-08-25T07:35:40.364247,payments,bug,high
f6dfe886-b656-4bfc-947d-3c62841b21d5,85bb2b77-d750-4233-a590-aab9f2e0d760,2026-07-11T00:16:00,2026-07-11T09:23:17.111683,messaging,bug,high
ca072345-335c-49bf-b877-862892209c31,81ca436b-e47b-4eae-a1d9-3bd0902af34c,2026-08-03T00:35:00,2026-08-03T17:00:34.552008,identity,configuration,medium
2693d533-fe54-4da3-8f36-9aa335b357ff,b6d7d28e-6e0a-4851-8b88-cd9eae818836,2026-07-21T13:11:00,2026-07-22T04:58:19.707621,identity,bug,low
f56ae324-033c-46aa-8175-2055fdb2b8a2,5fe862b9-21b4-4710-9ebb-5b31d6a01e07,2026-07-21T05:27:00,2026-07-21T17:36:47.392924,messaging,bug,low
907e0bad-5855-459e-90cb-8eeff2cc318e,0be469d5-4b21-44da-a623-8d1524c7d698,2026-07-28T21:40:00,2026-07-29T07:16:13.119429,messaging,bug,high
ff73fe49-1508-4722-9fe4-4ea844189841,daca35c4-0ece-47d8-9f11-f5ab034048cd,2026-07-26T16:01:00,2026-07-27T17:09:17.751766,identity,account,low
69211f0f-9de0-4ed6-8ea3-1330336219ab,73c4f409-e40e-443f-8989-c70d6023a260,2026-07-16T13:00:00,2026-07-16T23:08:31.468765,identity,performance,medium
18a94d1b-2525-4b08-b674-85dfa6783ddc,2f604b23-6565-4226-a8a4-c13b726b4750,2026-08-18T09:28:00,2026-08-18T18:34:31.436544,messaging,performance,medium
2ff716af-1acf-4618-8116-bc4cf6adb6df,9ef754de-7b55-465b-95cd-c5a7f7d8e8b5,2026-08-16T17:54:00,2026-08-17T12:52:55.539679,payments,billing,medium
10603554-8679-4d38-ac69-91fd8415a1c0,a213f4a7-ef2a-4ae9-8cc3-0e890001941b,2026-07-25T08:04:00,2026-07-25T22:12:18.897725,analytics,configuration,medium
311aa003-383d-452c-b5d8-ceac8e3dd3ef,c3f6af77-1201-4efd-bdaa-7f31f9f76542,2026-08-08T01:40:00,2026-08-08T06:07:31.459776,messaging,billing,critical
bf762ab0-f3ff-4740-9e6d-c16050b31150,39b08e54-bafe-468f-8cea-fb0db5536326,2026-08-12T15:48:00,2026-08-12T18:51:42.422366,identity,configuration,critical
8909ca6e-5617-41ed-8b2a-5efa916911d1,6ceb42b1-b3b8-4e7c-9ad4-4f4dfd2f3ce2,2026-07-21T19:44:00,2026-07-22T02:59:07.625793,identity,bug,high
742b7c41-3639-4e07-8a27-24519ebf1522,b44c0cdf-9d3c-42b9-a4dc-085d5bbf989a,2026-07-29T11:11:00,2026-07-30T09:19:20.956347,analytics,bug,low
9d3adfb5-5403-40ab-9219-4dafb92f29fd,3ae25091-560b-47c1-82d4-979a2aa720ce,2026-07-09T12:32:00,2026-07-09T23:03:21.115831,payments,account,low
9e6e0e48-801f-46c7-b9b2-42d5376c0f6e,35e1d792-c7f0-41be-95f8-68649ab43489,2026-07-27T00:27:00,2026-07-27T03:58:51.957081,messaging,bug,critical
f33a5e74-e7b0-47d7-9ebb-afc0e5eca191,78063eca-78f5-4909-831b-22c94f56c900,2026-07-13T10:01:00,2026-07-14T02:18:54.550069,messaging,performance,low
237cd177-aaf0-4f1a-8d1c-da9bdcd33bf3,3b3facde-b1c2-4fa8-88ca-e0099f69031b,2026-08-26T02:17:00,2026-08-26T08:46:38.382916,payments,bug,critical
1b0cdd85-db51-4f3f-b989-f10c9d4af7ad,9c757410-4bc2-48f1-b449-8b03bb2a9ffa,2026-08-01T09:47:00,2026-08-02T21:39:44.050455,payments,account,low
df343071-00f0-46eb-b6bf-b7a87764c86a,cd95a859-51ff-46b2-8bf0-ce42b5c0055c,2026-07-16T08:09:00,2026-07-16T23:45:24.900725,payments,billing,low
99e14b48-9907-410a-9961-9c4c13ed51d2,e08ef9aa-1fb5-42f0-9385-f0f71e07691f,2026-07-13T03:14:00,2026-07-13T06:13:11.484904,identity,bug,critical
9f5ed9f3-c422-46c7-bcc7-7c3c18943641,c3533c81-77f3-4c56-8431-bc0481ccdb01,2026-07-16T12:25:00,2026-07-16T23:43:44.501040,identity,bug,high
3da339dd-651c-421c-a9f9-d63f388509a2,ef3e0535-78c0-4454-b474-89de91cd1825,2026-07-23T17:37:00,2026-07-24T01:28:53.990871,analytics,configuration,high
5f0867a8-ba16-45d4-9224-dbd5691b320b,67abd608-eb33-40b4-90e2-69a816e31c8b,2026-07-25T02:21:00,2026-07-25T04:30:08.602503,payments,bug,critical
bb19451d-bef4-4649-93fe-3abc55f928dd,0864f96b-f906-4f21-b6c4-a611c5f13817,2026-07-28T17:53:00,2026-07-28T19:33:20.964675,analytics,performance,critical
76afd5eb-12a3-4ff7-89cc-8d936410382d,434dd564-dd1f-40aa-b183-0baaca64b731,2026-07-01T12:52:00,2026-07-01T19:41:52.111038,messaging,configuration,high
8a2e6740-e547-4097-8521-ccb191d396ec,cfe24eaa-2632-4e00-98ee-33cd453b4c77,2026-07-01T11:15:00,2026-07-01T13:48:48.949098,identity,billing,critical
b54f585d-cbd4-4951-ad1c-26c8919e9331,7eea38cc-f835-444b-abc5-582b00d89020,2026-07-10T05:22:00,2026-07-10T12:23:00.931269,messaging,performance,medium
7c5ec865-f3e6-485e-9e0d-ce84b42ba006,4eb83d62-70cd-4de6-9e5c-f1b5ea9403ff,2026-08-16T19:32:00,2026-08-18T17:19:05.046875,payments,performance,low
46a29244-e064-40bb-82aa-e54194f87e3f,95eba3b3-5242-45df-98b7-e99c649694b3,2026-07-01T15:05:00,2026-07-02T02:43:54.182974,payments,configuration,medium
990322fd-f42e-43f2-b729-be358ce2a04b,dd7cfd50-d753-45f0-b08b-16692192ed64,2026-08-04T01:41:00,2026-08-04T05:51:35.688567,identity,configuration,critical
0d8bb674-6a20-4ade-a7bb-8bc99be3faab,b7df8648-adc3-40a7-a73f-eec32c9298ac,2026-08-18T19:50:00,2026-08-18T23:18:07.820162,identity,bug,critical
b96c4bb7-e3a0-41f6-a28c-707236f0bd5c,15cd328d-9c0f-4cd0-a7b8-86d2567a2b51,2026-08-09T23:47:00,2026-08-10T17:44:29.201999,payments,billing,high
745565ba-f86e-472a-81c5-91b14ef12f77,7dbfd42a-e796-45b8-a0d4-b20832ca8be4,2026-07-01T12:41:00,2026-07-02T01:05:43.946062,identity,billing,low
907a38bd-c4a4-4aae-babc-b940c4a04fb8,8234da6a-f7e0-4eb4-95e1-e6e7ad070f6e,2026-07-04T15:56:00,2026-07-04T19:39:54.379059,payments,performance,critical
c7aa6535-f9ba-49ec-8240-ff4c394805d3,ec2d918f-d00b-4693-9c2f-0e9a531f96e3,2026-07-03T21:02:00,2026-07-04T01:24:44.747617,payments,billing,critical
1be57143-1507-4018-a4b5-ca4a12a5db9a,bd27e041-5e39-41f6-be38-a5f68a106d38,2026-07-25T04:38:00,2026-07-25T07:47:01.335667,analytics,performance,critical
009a382f-444c-4492-8c7a-a45fe27475b5,a581c9fa-281f-4547-ae3f-ca9a80cbad56,2026-07-12T14:23:00,2026-07-12T16:16:39.310838,identity,performance,critical
f6b333cc-74a6-40f4-90fc-cdf804c812b8,c31e1dd4-9e63-4cfe-9f12-eef4bade8325,2026-07-10T19:39:00,2026-07-11T05:46:46.007799,analytics,billing,medium
98f3bae4-e9d0-41bd-91eb-05af772c7d10,633bc23b-30f2-4a70-acc6-f58c95550e1a,2026-07-02T05:48:00,2026-07-02T13:14:14.353475,payments,bug,high
e6f64238-656d-47c0-b099-e7b506b463b0,8e9e5752-9fc1-42da-9102-92177420cdba,2026-08-24T08:21:00,2026-08-24T10:43:06.239594,analytics,performance,critical
df3d43bd-5bde-4072-9e6f-d234042d3093,075056a2-350c-4464-825e-6c594d3817b3,2026-08-14T05:31:00,2026-08-14T18:55:40.888523,analytics,performance,medium
c658b22d-7d2f-4191-8cd6-03efd5f59d0c,eeb8af94-7a7a-48cc-abbb-5580e4cf0d43,2026-08-16T12:49:00,2026-08-17T07:03:27.159034,payments,billing,high
d608b8e2-c511-42d1-b742-e8e81777f904,4240d93f-46c1-4f39-9a64-1c4732a1fea7,2026-07-24T23:41:00,2026-07-25T11:22:12.170175,payments,performance,medium
f2e61007-8a03-49a6-acb4-449c9c5fcde7,5e67069d-3d34-4223-8105-4556a2d2c838,2026-07-10T09:08:00,2026-07-10T17:53:09.397104,payments,billing,medium
a1ac0bc6-4f6f-4676-8e0d-e11f302dd2fd,0c87e4c4-16b0-4763-9479-72ce01dd55ba,2026-07-13T01:00:00,2026-07-13T12:55:23.485320,messaging,bug,high
da78d846-9670-4a6b-97b6-812bf2e9c448,1bd2d570-c755-4bf8-b017-f58b7345fc4e,2026-07-14T07:23:00,2026-07-14T14:28:28.410594,messaging,bug,medium
67df08b2-0695-462b-97c4-c5e54d31cbe4,adddd4db-eb01-4523-b86d-b2e5fcaf7088,2026-07-05T15:18:00,2026-07-06T00:54:04.575212,messaging,performance,high
54d45e81-c061-4e30-bb17-9244b2e94986,25fe885d-b6dc-4890-a3a7-167083c98bb2,2026-07-22T01:33:00,2026-07-22T04:29:15.308566,payments,configuration,critical
4fef7327-22ae-4a65-9d4a-ca63be93e3b6,fb761a87-bdd8-4375-8f0b-e28bdcd406ca,2026-08-16T09:48:00,2026-08-16T14:40:49.582544,messaging,bug,high
7928602b-6660-401a-99cd-70fba6e95dc9,b5006af6-5947-41b0-a4a4-628ecd83d937,2026-08-03T02:14:00,2026-08-03T04:28:27.261278,identity,configuration,critical
54801521-af77-483e-a148-e5f1a3d79e3f,e6fc0f75-dc64-46d6-8b53-64adf09f1583,2026-07-05T07:53:00,2026-07-05T17:49:18.065279,payments,bug,low
73ffa0a1-6ff1-489a-afb9-37425bbd299d,270ee5a3-773e-401c-83a0-3db79c9675dd,2026-07-30T06:37:00,2026-07-30T08:57:25.721018,payments,configuration,critical
232164eb-ab6e-4c9b-b3a8-615e6cbff680,bcc90f93-f9be-4dca-8918-ff326f50391c,2026-08-25T04:58:00,2026-08-25T13:59:37.763605,analytics,performance,medium
2ce26194-e052-412e-97e2-0539913198ee,ba6bbf33-3eb7-434f-aca4-76cd247adee2,2026-08-14T17:13:00,2026-08-14T22:06:32.024066,identity,configuration,high
0dbae9bc-c301-4e0f-a986-06565795dd31,a724035a-64fb-439f-9a00-314781165bf2,2026-08-30T21:20:00,2026-08-31T07:18:28.346888,analytics,account,medium
3017d180-ec18-48d1-9c87-87b865003bf8,5f5116da-9d8e-40b6-ab52-75ff35cf9a20,2026-08-02T21:27:00,2026-08-03T03:07:48.959094,identity,billing,high
796f07a9-1b97-4420-840a-28ee9dd9727f,9ab393ea-f073-4cb4-a807-6f525a81cd17,2026-08-04T22:58:00,2026-08-05T12:31:16.932746,analytics,bug,medium
e3f8e92c-f3be-4aba-b542-f642dd83b598,2697fd7d-b27d-4f77-9001-afd503a9cc77,2026-08-24T18:43:00,2026-08-25T03:01:54.468317,analytics,bug,medium
e774c2da-bcff-4ef9-92c4-3e7284ccae4d,d774aba8-641d-4ec5-8b8e-e27fb7b6ebf8,2026-08-10T13:47:00,2026-08-10T20:11:42.520807,analytics,bug,high
1c8d7f51-83f2-42db-8316-96f5585ea9e1,0ea5992a-65ee-46e2-858c-72973ad11cfa,2026-08-13T03:54:00,2026-08-13T15:38:46.751614,payments,account,medium
bfc77a27-bd26-4cf8-827e-a25cd6610f67,a99062f9-3776-4e37-b676-b5d6673a26d3,2026-07-18T10:47:00,2026-07-18T21:54:57.695606,messaging,account,high
928875a6-b4e4-42b3-8e4c-f502124dace5,c2246d5f-6910-4781-b81d-72672ebd53a1,2026-08-21T00:05:00,2026-08-21T03:28:22.538095,identity,configuration,critical
53104761-73ff-4a2d-b197-b77293851310,96e64ff4-eec4-49f6-bf03-e03de6725d9e,2026-07-11T16:31:00,2026-07-11T19:16:25.244940,messaging,bug,critical
be1426a4-fa8d-48dd-be04-517df8787ad2,3e8bb84c-10d7-4278-acdc-9558e805c3a4,2026-08-15T20:43:00,2026-08-16T06:17:25.139358,analytics,billing,high
5c18c3b2-68a7-4699-a443-725e6c9d5ed4,2d8d7df1-7081-4f3f-abe7-62ab9f7cf451,2026-07-12T17:39:00,2026-07-13T16:56:56.496635,identity,bug,low
20e45e7a-55ae-4c0d-a316-c27d0e9bceeb,a77777fe-2b41-49c4-b0ce-37d8bbc3c8fa,2026-07-18T07:28:00,2026-07-18T19:26:45.580659,messaging,performance,low
460c6751-5936-40ea-91f4-9edfc40ac275,62acc0bd-7c86-48a7-bfc2-b138deae8e71,2026-08-16T08:32:00,2026-08-16T11:14:09.168762,messaging,account,critical
4efdedeb-6e32-4d46-af05-3cbcb2e6858a,3163a49b-9314-404c-a485-b90340eed6eb,2026-07-25T17:05:00,2026-07-26T04:57:48.197991,payments,billing,low
e493a3e7-475d-49d1-a738-cf2d3ee7d15b,2cab29bd-b6f5-46a8-884a-6975f97de0a7,2026-07-20T19:48:00,2026-07-20T22:48:41.231859,analytics,account,critical
eb0d62eb-b5df-4503-8479-afd64f7e2ba0,fb43b9f4-5df5-4d71-973e-5869520da34e,2026-08-17T19:02:00,2026-08-18T04:35:22.911271,identity,configuration,medium
af0fe515-27a4-403b-8c17-abc2c3678f44,bfef0628-ec5f-4319-8d04-cdb819ce9797,2026-07-25T10:34:00,2026-07-25T17:06:50.458524,analytics,billing,medium
00c74044-7171-43d8-9040-2d31fc2586b9,131a8a8e-372a-4fe7-8af3-61e6538fcf46,2026-07-22T16:23:00,2026-07-23T09:41:16.387230,identity,bug,medium
2c6cf4c7-a8e3-4ef0-8ba1-0fdba7c70f69,14f934ee-94b4-4573-9a3e-8fef101ff92c,2026-07-26T06:46:00,2026-07-27T03:19:48.370454,payments,configuration,low
9a6770f2-262a-4995-9851-a97abba848d9,4b9c7cbb-c62e-4ee1-9ab7-499a37d0c6a9,2026-07-23T15:57:00,2026-07-24T00:58:30.717504,payments,account,low
8e464aac-2eee-48f1-be38-475368a6e55c,c9abdf6e-cffb-4b97-9292-10f8802a8fa1,2026-08-01T15:02:00,2026-08-02T17:04:08.523214,identity,configuration,low
bd94db02-566f-43b1-b1d7-46586028cc29,885ce404-684e-4597-a90e-578e00f41694,2026-08-19T23:54:00,2026-08-20T04:05:42.026202,identity,billing,critical
2c73dbe6-17d4-42e7-af18-15858695d757,6f03bd0d-eb8a-4204-b1cf-33829a7caaf8,2026-07-27T20:12:00,2026-07-28T20:01:50.779738,identity,bug,low
e1b5d11f-1ba1-4639-b2fa-e324a84e48e2,30b70d0a-3214-4829-909b-68c288921ffc,2026-07-20T23:01:00,2026-07-21T10:47:22.215503,identity,billing,high
314ec2dd-ec03-4261-af91-1aebfc15efb5,45b663c1-ec44-42da-be5a-a90e8fa34bae,2026-08-18T21:56:00,2026-08-19T08:53:36.742707,analytics,performance,high
97b1d429-44c9-49a0-af67-46cb0c8dcb66,dcc60cb2-712c-45f2-b235-a3412e8bea03,2026-08-27T17:39:00,2026-08-28T11:27:14.693275,payments,performance,medium
f12f6850-92cc-4126-bfe1-97895cd9ed17,e13ab905-4c5c-45ce-98e4-c5f51cfb5eae,2026-07-19T13:28:00,2026-07-19T15:39:42.609940,messaging,billing,critical
d402f7ec-65b5-485b-b5bb-ff28dc3662d5,0e113fde-1e61-49d7-bb1e-38f3a0e4f247,2026-08-09T11:52:00,2026-08-09T13:38:51.863471,identity,billing,critical
3efbd4c9-2f0b-4295-a674-f35bd090647f,b87c5f71-62ee-4223-ac47-1813f828ceaa,2026-07-17T12:31:00,2026-07-17T20:46:58.748607,messaging,billing,medium
4dac1310-4160-4bcb-9875-18bfb03b6c1d,21fab3ec-851b-4686-a8f8-c0a847ed6e35,2026-08-14T15:33:00,2026-08-15T17:47:57.088164,payments,configuration,low
6dcaf315-b575-49d0-9b6c-392874092be6,835ceed9-2c5f-4ffb-9d2f-33a0f2674c4b,2026-07-17T04:15:00,2026-07-17T11:05:00.417970,messaging,account,medium
7febdd73-4215-4d26-aa06-2dc77d86bfd2,2861dc0b-6f05-4119-824f-f97aa90ae420,2026-07-07T13:23:00,2026-07-07T17:36:38.615393,messaging,billing,critical
4ca8144d-7492-4f0c-995d-45660d01969e,c8c5c6c4-ecdb-4523-98c7-ab230a0366ef,2026-08-06T15:17:00,2026-08-07T06:00:16.231797,analytics,account,medium
6072d74e-5b77-4903-b71b-88f5e76a3d97,a5c16a6c-12e8-4db1-800b-e50f1d0f03d3,2026-07-02T01:45:00,2026-07-02T03:18:43.731887,analytics,performance,critical
ffd33c64-992f-44db-b948-9333071c89d7,4cc5bb7c-b441-4ed9-803f-c877b4d0c527,2026-07-02T05:36:00,2026-07-02T20:50:29.081453,analytics,billing,medium
381d8b7e-f2c2-48b2-bca1-1bb868a3da59,2746a836-ab9b-44b2-9cca-a661f3b75abf,2026-07-25T08:42:00,2026-07-26T07:57:47.548147,payments,account,low
cc551810-fb68-47aa-a557-8c074b190364,9ba8dac9-999f-489b-b380-ffb74df3644a,2026-07-01T20:31:00,2026-07-02T07:20:18.342156,analytics,account,high
1022199f-ddc2-4bc6-abd2-ae635a1c46a4,15ba1768-2063-4e25-aff4-76a1ae657a8b,2026-07-08T17:36:00,2026-07-08T21:22:44.454920,payments,billing,critical
5d3f851c-0a05-4fb3-af43-98f593ea8bec,cc732112-f887-4aa5-98e6-af77b4ac15b4,2026-08-10T10:38:00,2026-08-11T00:43:46.610601,payments,configuration,high
fd4e9631-b708-4f58-bc05-1fd5cf1895ff,f64d5560-65d7-40e5-aa59-97f21136d109,2026-07-23T04:36:00,2026-07-23T13:37:11.592567,analytics,account,high
35a252fc-39f0-4b90-ae53-28da6f1bdb29,1e5f8f5b-9ce8-4887-af20-12b1baccec66,2026-07-12T04:51:00,2026-07-12T23:39:12.808110,analytics,bug,low
bc6340a2-ca12-40f2-80c9-9cb9a7937cc7,c732e1df-71fb-4b5d-b3bb-ae8f88fd15e6,2026-07-10T08:03:00,2026-07-11T09:28:08.419151,messaging,billing,low
11175b51-dfd5-450d-a5fa-31d3ca6b640c,97ec294f-a166-4930-bcfa-194f5ca04712,2026-07-03T04:25:00,2026-07-03T06:21:31.666310,payments,performance,critical
eebce179-a4e7-4670-a68c-5c7fca7f10d3,fddb5533-91ac-4434-8206-545f2380e9f0,2026-08-29T15:39:00,2026-08-29T19:12:37.075914,identity,billing,critical
b4906bdf-ebb7-4389-bed0-8044b60bfa4d,c7ba1e94-e95f-433c-b0e6-ef6d32208c1f,2026-07-11T05:33:00,2026-07-11T18:35:29.055232,messaging,billing,low
a777e289-fd4b-4ff5-b12f-b9b5694215a9,513dd177-6491-4c29-81b0-0e80633f0387,2026-07-26T15:37:00,2026-07-26T20:33:48.507949,identity,bug,high
205ff18b-adc7-46a5-9a9c-b957e731aefa,667aa06e-f92f-40ac-9434-7b60c1cf1094,2026-07-08T17:15:00,2026-07-09T01:23:12.527957,analytics,account,medium
c3682953-3322-4081-8383-0326603a5661,a9137d2a-1437-4546-abc5-7b68d29270e9,2026-08-18T06:51:00,2026-08-18T21:00:11.519066,identity,account,medium
d1cb1db5-bb51-4c97-853f-ae864b9c3ab1,ea53c77f-455c-4daf-8015-c174906c1151,2026-07-14T16:09:00,2026-07-14T22:56:13.507678,identity,account,high
1dacbdcb-910b-47b4-b925-30b3789a4b15,219ced24-6bf9-4722-8b3f-271c63b44008,2026-07-10T11:01:00,2026-07-10T22:28:46.996822,identity,performance,high
a00c8165-8775-4c9c-b0d7-cec68da6ee12,07b871a2-6c3e-47f0-8eff-33da1ef4d1b8,2026-07-07T22:49:00,2026-07-08T08:39:35.059345,analytics,billing,medium
8414f65d-53f2-41a1-86ac-2ccce1890c55,a4dd9c87-7cab-4cfb-8a28-76876af02ef6,2026-08-05T13:16:00,2026-08-06T00:18:13.029424,messaging,performance,low
7a634dcf-5c21-46cd-9e12-0c303e2e20a6,15e9248d-d8ad-4bea-8227-260f611a305c,2026-08-08T21:47:00,2026-08-09T12:35:53.861104,identity,billing,low
33f1c227-87de-48dc-9828-716c9e6293a0,1174cb1e-63c8-40cc-aab7-b57687ddca8a,2026-07-12T14:36:00,2026-07-12T21:09:16.294461,payments,performance,high
30a7ff21-bcf2-44fe-9a7a-548907e11c8e,6cd62bd1-b4fb-4967-8242-eebc7e7dd35c,2026-08-08T13:52:00,2026-08-08T18:58:20.772787,messaging,performance,high
7f747ad5-5dbb-42d8-adc9-711de6140b83,5fdfbfbd-8f0f-4e84-80b7-3c102e9450b7,2026-08-29T12:35:00,2026-08-29T18:14:59.155232,payments,performance,critical
aa265a0b-044b-4867-8730-202ee6b3f651,ceaab4b8-50ab-4595-a512-da8108602a74,2026-08-19T00:54:00,2026-08-19T11:30:55.897349,messaging,account,medium
80ea4d01-6660-4d5d-892f-ff514b8589a8,70e0adf8-2083-45e8-90ea-d205c946cbfd,2026-08-22T21:08:00,2026-08-23T11:34:13.631136,messaging,account,medium
ebe8cd48-77c5-4454-9956-4d9f0aad8614,3f8e6b35-7ae3-4799-85ed-1592e56eb52c,2026-07-22T09:47:00,2026-07-23T03:42:36.709487,identity,bug,medium
f95f91f9-09d5-4876-aef1-7ad727db3a38,b1069b79-0ccf-4038-ade6-0df1dfe9e90d,2026-07-02T13:28:00,2026-07-02T17:50:22.250331,identity,account,critical
efb4a452-e163-4948-9027-f673542cf7eb,8c87dff6-3dbf-43de-bbb1-00787cb554d3,2026-07-11T00:38:00,2026-07-11T11:25:24.043175,analytics,configuration,high
d0786232-d622-4a9b-aa8b-d611aefd70e2,6ac38a7d-511f-4ef8-9404-5ed94278764b,2026-07-13T16:24:00,2026-07-14T08:25:22.900918,identity,performance,medium
01b7f821-a03f-4a42-9b01-e9c0e5f5d2f7,512649d6-e3f3-4720-9a1a-bfed907424ea,2026-08-20T04:46:00,2026-08-20T20:42:01.902095,messaging,billing,medium
bb9f0f4a-6fba-4c4c-aef2-9783667de8f5,0a433a8d-1313-4530-b923-4f3b2c367d54,2026-07-06T02:02:00,2026-07-06T12:33:46.305835,payments,bug,medium
6fb77d47-4290-4d68-b7e6-a8312217f428,4a48139e-f7be-4cb2-a33a-06cea3fe3914,2026-07-03T09:33:00,2026-07-04T07:10:30.834272,messaging,configuration,low
766f5645-bac7-45c2-b312-b3e1901bd563,0dd8fb61-7be8-4d2d-b78c-764d00270e57,2026-08-30T07:47:00,2026-08-30T14:08:44.023552,analytics,performance,medium
16c80254-b9e7-4634-9f3d-e5fa3cdd0474,ebefc906-2db6-409f-9547-b57e55da3437,2026-08-03T05:53:00,2026-08-03T18:20:52.597461,payments,bug,medium
5168b37a-2370-403b-b803-2ba753b49e43,eb18d499-c93a-4254-b9d0-6740506c2a13,2026-08-21T19:23:00,2026-08-22T07:01:13.836654,messaging,billing,medium
c958ce25-34a8-4157-a11e-d26fd26b3749,8de4f042-f5e3-41a2-a02b-9775a766e321,2026-07-13T18:04:00,2026-07-13T21:44:03.620142,identity,performance,critical
c994e4c4-529d-4080-b6de-e10d07c36879,ae1a57ff-2c6b-4811-9e3d-9b9ef4a44f10,2026-08-10T09:52:00,2026-08-10T21:40:21.499372,analytics,configuration,low
4aa16bb9-04f3-431c-bebe-a93f6e548129,7e69a182-7937-443b-b28f-e6ccaaeceb83,2026-08-28T11:27:00,2026-08-28T23:29:22.362265,analytics,account,medium
18872aa2-66c9-41b4-b80d-d27bc1cc09d2,e356ee59-6c57-4a9d-8475-fa05ecfcdf40,2026-07-01T23:44:00,2026-07-02T02:53:44.883950,messaging,performance,critical
079bc17c-188d-446c-8ddb-9fb491eb4259,6acba3a5-2820-4a87-962f-f8519dea4d93,2026-07-24T11:43:00,2026-07-24T16:00:39.662528,identity,billing,critical
7de2e086-0213-454b-accc-7c19b10e6905,4cd1f93a-9482-4192-b589-57c1f3a0f5a4,2026-07-25T17:48:00,2026-07-25T22:14:01.603864,analytics,account,critical
0ea6a3fe-b034-49ff-aacf-88867602ec31,26d6e02a-33ea-43fd-8f80-d27e74db70a6,2026-07-12T09:21:00,2026-07-12T22:17:25.135560,payments,performance,low
576ba013-c0a6-4354-a169-b7e82fd05d14,99c2ccad-3ce4-4c39-b03a-0d5e800e359a,2026-07-17T17:17:00,2026-07-17T19:43:22.448332,analytics,performance,critical
947cc338-40ef-40a0-936d-f83a84ba7525,7b9c2faf-1e60-40d6-8961-1dee9cfd73c3,2026-08-28T10:13:00,2026-08-28T16:52:21.815652,messaging,performance,medium
9187215a-8358-482d-a12a-e39b13f9fb71,5a744d43-5300-4155-ba5c-ec0bd8edf832,2026-08-03T19:30:00,2026-08-04T00:22:01.945404,messaging,billing,high
2bf08d4a-cc17-4587-beec-8610db369c77,04a02332-12ab-44ac-b9f0-6411569532c5,2026-07-08T01:58:00,2026-07-08T06:11:27.807163,identity,account,high
8b0c0469-2868-4ad1-8ae9-7352ac98615f,47fd3e9c-df71-4a1c-9b4b-66b03d89395a,2026-07-26T16:29:00,2026-07-27T02:39:32.682032,payments,account,low
20bf70ff-4649-4629-89a5-ba11d9379c1f,57a07da9-1ccd-4ad0-add4-cc93beb60f5b,2026-08-24T08:24:00,2026-08-24T21:01:13.067494,analytics,configuration,medium
a9fe092e-1591-4589-b9d6-815574e6273b,d39f94e6-8aad-4614-955a-9613e8cec1bc,2026-08-28T02:34:00,2026-08-28T07:14:49.133415,analytics,billing,high
0f44ac45-352a-4f48-bbde-27411490874c,82d3c1b4-8491-4f96-957c-4757f2021aa6,2026-08-21T21:27:00,2026-08-21T23:05:13.350617,analytics,account,critical
7dca97b7-8a85-4a9b-9f19-9bf6d59b5405,c114705d-cd61-404a-b85c-9e075309978a,2026-07-29T15:12:00,2026-07-30T17:50:59.097416,analytics,configuration,low
1d627f83-cb4c-435f-bb7d-92bc4b7cbfe3,35ee79b3-f126-4643-804f-710df0f31e5a,2026-07-26T16:55:00,2026-07-27T02:41:25.209516,messaging,account,medium
a0690af5-9bb8-4aae-a8e2-0b5d40811046,089dcbaf-9c28-4060-b34d-f833cd6b1469,2026-08-05T13:22:00,2026-08-06T04:19:49.418567,identity,billing,low
4cbf4770-4efd-4d27-b2ad-7517e5ed8148,7c280944-4a1b-4fb8-adef-c2332ba8df10,2026-08-15T20:05:00,2026-08-16T02:22:03.205422,analytics,account,medium
1d6a0e9c-ea20-4d89-9835-e579458f819f,c6f16e14-9c30-4d92-a0be-68cff58091aa,2026-08-04T18:44:00,2026-08-05T08:57:19.735886,messaging,account,low
402979fb-5acc-4ad9-92c8-d97033ad562d,acb9dea0-25ca-4e01-a8a7-021f97b00d69,2026-07-14T19:02:00,2026-07-15T21:11:02.625500,messaging,bug,low
c815c6f5-fde7-4265-b010-954fce5ad929,98bde9f7-29e0-45bb-b666-0e3b3277b12b,2026-07-22T01:52:00,2026-07-22T19:47:15.598393,payments,billing,medium
328223c5-ff49-4afa-bdc4-07bea87d984b,cba89758-7a09-4e1f-b560-6a4ca0d944ce,2026-08-15T15:48:00,2026-08-16T01:52:05.694624,identity,performance,medium
bfc60e97-64a4-405d-bde7-d64c4327b71f,a422a81a-3706-4f1d-92b1-099c10347f84,2026-08-02T19:07:00,2026-08-02T21:20:02.394781,messaging,bug,critical
4ddef23e-edaa-45b2-952d-fa7d55b49baa,89f7093d-0b58-4b09-a1e6-d711f122c06f,2026-08-25T13:24:00,2026-08-25T15:11:31.985266,analytics,billing,critical
74777d77-1e06-4642-a6a3-90417828538d,b2e35ab5-e9b3-4adb-892d-b21e260bca17,2026-07-02T08:38:00,2026-07-03T02:36:49.514489,payments,configuration,low
92900659-8495-45a7-b012-3169e4a23e72,d55625ad-ac61-4dbb-9223-f695fec9b978,2026-08-11T09:32:00,2026-08-11T14:49:30.407567,identity,billing,high
25a2c6c8-9a68-4b3c-9686-d1f0b196e126,376c4953-0f6e-430e-98eb-fee5bc961beb,2026-07-26T11:55:00,2026-07-26T22:11:49.478042,identity,configuration,low
58006c41-1b5b-427a-851f-5f487fda9111,dc67a735-4e98-4c17-8ea0-34df45889343,2026-08-11T22:30:00,2026-08-12T08:36:18.615448,identity,performance,high
456e8a1e-9e15-4cbb-97e8-8dcdc1f7e4aa,84e292a5-bcbc-440e-aa1a-0ac3db10f954,2026-08-10T05:39:00,2026-08-10T08:33:49.680947,payments,bug,critical
e7d3240c-5bbb-4d41-95c3-0be614a954f2,9d7b5331-9dc7-473c-bb1a-fc4ebe2c2db5,2026-07-27T02:08:00,2026-07-27T13:25:23.755685,messaging,performance,medium
8fcd0d8e-7188-42a8-8b62-10fa4e9b2a44,a5f6bc19-0375-47ae-8f28-a426fb85ec86,2026-08-16T15:31:00,2026-08-17T12:47:46.618115,identity,configuration,low
7dac6aa3-9ec6-4d92-9c33-25c067d728a1,914927d0-8b55-4cef-9ac5-fe16462d13c3,2026-08-16T01:14:00,2026-08-16T21:24:15.769304,messaging,configuration,low
3d4982b3-f366-4f98-a416-d351d604702d,24a23223-6e31-4f27-885a-d79541acc6a9,2026-08-28T14:32:00,2026-08-29T02:18:55.632749,analytics,billing,low
ea02367a-0ab2-4737-bf62-37ddadd973d0,025fe975-db7a-45c5-82fa-1ce4c2093395,2026-07-10T14:01:00,2026-07-11T02:51:29.776976,identity,performance,medium
3f83b8d6-8e8e-4a0c-8590-33a8f89ff517,8cec0a4d-cd14-4cec-b3ff-4155bdbdc088,2026-07-07T15:25:00,2026-07-07T18:55:26.826067,payments,performance,critical
3e982762-4fea-42ab-92c5-fa2045381335,b5f45a43-f909-4952-b212-dc8bb0412c5d,2026-08-01T18:15:00,2026-08-01T20:04:38.485749,messaging,performance,critical
f5f1c5c2-9786-4f20-b154-6f84a278ab93,1de4ef31-b119-4dff-99de-98ca5728ceb8,2026-07-17T09:48:00,2026-07-17T11:53:54.286798,analytics,performance,critical
4fb8c83d-1caa-401d-b1de-0e971f1aeeee,1c397506-bff3-4d00-8822-9f7cc5a5738f,2026-07-30T22:06:00,2026-07-31T10:04:17.421084,analytics,configuration,high
480598bf-21e4-46a5-a788-6409adb6f6b3,6df831cd-186a-40e9-93bf-6aa8cdb3745f,2026-08-14T06:19:00,2026-08-15T07:32:09.667320,payments,performance,low
70a2c9e1-264f-45ff-a085-4df2d8e8df99,d64275bb-dce6-4385-b292-2f31d2d51907,2026-07-04T11:37:00,2026-07-05T01:17:57.347700,payments,performance,medium
284f9d5c-04f9-4099-bb54-bd2a78a8e944,52b1d09c-ecf2-447a-a6cf-400866b884e7,2026-07-30T03:27:00,2026-07-30T05:08:13.922793,analytics,account,critical
2279194a-eb20-4133-a6c8-db9bcc3f1340,dbeeec77-eeec-4d56-a9bb-dedde95b0fc7,2026-08-02T21:41:00,2026-08-03T04:19:56.148652,messaging,performance,medium
b8cad51f-85c1-4897-96ef-90ca062c64eb,a19f468e-2c15-49de-a493-8ff1e5fdc933,2026-07-03T02:07:00,2026-07-03T11:12:07.794037,messaging,configuration,high
629937db-d7e0-4092-b8ba-c78a4ad0264f,f8a9fabc-48c8-49db-a32a-4ad7219a40f0,2026-07-08T14:36:00,2026-07-08T21:50:25.972227,payments,bug,high
3374e88e-6d78-4969-8483-c09598b211dd,0bde623d-943a-4719-b18c-6ca0a64ceddb,2026-07-28T03:43:00,2026-07-28T17:45:08.638066,messaging,performance,medium
829e2c80-5a91-4b0b-b3b4-8b0a9fd02319,6879fdd4-5a4f-4d1f-b2d1-2fdbb1a60648,2026-07-24T14:46:00,2026-07-25T15:52:33.186903,payments,bug,low
edc9106b-c522-4e8b-ba32-c872682b43da,e3b1ca71-7449-4aae-b25b-be7db97bb170,2026-08-09T00:08:00,2026-08-09T08:30:59.749351,identity,configuration,medium
0ef1c9b1-8723-45ae-a8cc-37afd04b2fb3,608df29b-edb4-44da-a602-fd29fcc3b85f,2026-08-08T03:32:00,2026-08-08T21:07:13.480828,messaging,performance,medium
b6235422-bff0-43cb-9a95-e34a3e5d1e56,3ab75074-8bf4-4933-aa3c-bb1fd705108d,2026-08-09T18:10:00,2026-08-09T22:08:08.569532,identity,account,critical
43dde175-eb9a-4384-83e0-eb688ac0c299,18c9e5ca-622e-4a74-b1e4-4cd665fec9e1,2026-08-21T01:19:00,2026-08-21T19:06:33.445013,payments,bug,medium
bdee3828-7bfa-4a31-b838-1afd0a2fc56e,261f16c5-036a-413d-af0c-1e4b5d6d021e,2026-07-29T19:26:00,2026-07-29T23:44:05.249513,analytics,billing,critical
5d45e324-dbe6-4bbc-b5cc-14160ce9bff7,9c610116-21a3-4b78-be9f-5d95a2724209,2026-08-15T11:03:00,2026-08-15T13:20:18.269097,identity,bug,critical
3f924695-8060-46a0-9917-5373bebe80bf,9bc36395-4418-47f5-b61f-3c4c97cc72ec,2026-07-01T08:01:00,2026-07-01T11:26:00.297070,messaging,billing,critical
fca4083f-4df2-459b-8129-2d06a8024846,c8a8c50b-4276-4fad-8236-1bd9e77655f3,2026-08-22T15:29:00,2026-08-23T06:25:54.565795,analytics,bug,medium
a9db8967-3b75-4304-9590-349921aec71d,7c50501e-fa12-4ab4-8399-16e03aeb6bd8,2026-07-18T01:56:00,2026-07-18T15:08:40.753133,messaging,account,medium
17ec9875-2a30-4c05-95cc-90e910b476e5,0ae94654-418c-441c-bc34-de7df140fdcb,2026-07-20T16:09:00,2026-07-21T09:48:39.362623,identity,billing,medium
76f66deb-8c2c-413b-b09f-0c88a91e7fec,1dc54a89-82fc-4ebd-8e08-9bf3d71ae027,2026-08-22T12:07:00,2026-08-22T16:14:46.308539,analytics,configuration,high
982c82be-35e1-49da-8537-828e430c88e9,6cf67f62-c53a-4f2d-b782-2379b7070e25,2026-07-28T22:34:00,2026-07-29T01:18:31.780244,analytics,performance,critical
28b24365-5de9-4db2-9582-5010c0bac02d,9bcf8d30-d226-4902-8202-325125e2d084,2026-08-02T00:21:00,2026-08-02T03:25:10.234086,identity,account,critical
46e51ab4-91fe-45aa-9bf0-d4685d225942,e38a5e63-0da3-4b98-be5a-9834e318e8a9,2026-07-31T13:37:00,2026-07-31T16:24:06.543030,analytics,billing,critical
2d8f3232-576c-46ae-8fff-9a1863eebf2b,2e90f603-c2d6-47c7-a2c5-5347c7b61bae,2026-07-17T02:26:00,2026-07-17T05:04:40.883887,payments,account,critical
b97eaf89-47ac-4507-a988-d5b20c9bd830,6aec0017-b882-4b55-afaf-fe22cd1f55e3,2026-08-30T00:55:00,2026-08-31T03:49:59.536735,messaging,configuration,low
4de634f9-460f-43f8-8e34-48d182166b28,ac744c9d-88dd-46e9-9c7e-dbc19b14a0a8,2026-07-10T10:46:00,2026-07-10T12:34:39.693263,analytics,bug,critical
61c99e16-9222-4b52-b96e-9f813f68aa83,6fb03bf8-a2d5-4267-a044-566b2847db1e,2026-08-26T18:46:00,2026-08-27T15:47:07.616752,analytics,performance,low
e59897d1-4111-415b-8b3b-8fb2b246b99e,f362ec15-8fe1-44f8-ae14-7674b7dc940d,2026-08-08T06:54:00,2026-08-08T12:34:42.869015,payments,billing,critical
81375d65-c91a-4f1b-ae1d-f9962d69eab0,3123a6e7-1af0-4b79-b82b-2fda7e3880f0,2026-07-11T10:07:00,2026-07-12T01:25:39.766673,payments,performance,low
ce06132a-9aa1-49ff-b606-d448c2b01c0b,57f57e4c-008c-4ddd-a65f-88e836d5b165,2026-08-12T05:30:00,2026-08-13T07:24:47.169262,messaging,performance,low
e0d72ebc-8f6a-4bfc-ab66-0d474d6d6a6b,2db3d15f-80c0-413a-b272-68307de7f5a3,2026-07-21T09:11:00,2026-07-21T15:38:33.024567,identity,configuration,high
8819834d-a386-4bb4-8cf1-be9974f29bc9,bbd26a71-399e-45ad-b544-457a94527468,2026-08-07T17:57:00,2026-08-07T20:49:35.194433,payments,bug,critical
d2046203-f2e2-415e-91cb-c55a0adde7d3,0d554bbf-020e-4eb8-9881-15f0eb9046ed,2026-07-03T09:20:00,2026-07-03T16:00:50.590218,payments,configuration,high
43a86b5f-cd0d-4fbe-97ce-c0cf4764475f,32b1cd9d-4d6e-42a1-899a-8779ee9d4dce,2026-08-22T01:57:00,2026-08-22T04:01:40.732356,messaging,billing,critical
ab3c6740-bbde-472d-a75c-7d45d42c5e41,f47b7360-1d7c-476a-b9ab-d2cb69f479ec,2026-08-28T15:47:00,2026-08-28T17:40:11.801016,messaging,bug,critical
fd2c4eb6-f01a-4785-88db-4ecd0719d14c,914f6f7c-e18e-46de-ae96-5a9242e57cae,2026-08-27T21:57:00,2026-08-28T02:09:45.050821,messaging,billing,critical
3c1d0a9d-75a9-4be8-ada4-eafab24b22d9,5aed45c7-cbc3-4ec2-8914-9468c5ec7d4c,2026-08-17T02:00:00,2026-08-17T14:57:03.179365,payments,performance,medium
d7045599-dd78-4cdd-a90b-d1cc6411daea,71d33f61-684c-470c-92aa-88c169f2d939,2026-07-12T11:58:00,2026-07-12T15:59:44.731848,analytics,account,critical
2df28ec8-f00d-488b-b391-589b7273ce50,7469fb35-2c56-45d6-8a53-f726bd37dab9,2026-08-27T02:23:00,2026-08-27T19:46:03.853122,identity,account,medium
a0c9648a-0906-480f-90a9-74a93a4a314d,ed741295-ca7f-4907-8312-38f5a34c1e12,2026-07-19T13:07:00,2026-07-20T05:59:24.883316,analytics,bug,low
67504bd4-7179-4e90-8e26-9f88d7519eeb,16e9e857-2235-4bb4-9eeb-2aba1f4c3686,2026-08-27T05:50:00,2026-08-28T16:33:34.032883,payments,bug,low
fc14c3d3-2505-4d4d-8782-4857983151a2,96518ee9-e879-4a7a-949d-924ad14d5fb7,2026-07-03T07:14:00,2026-07-03T12:43:32.788934,payments,performance,high
da197157-4898-44d3-be9c-decb2e85673b,e42e481e-1b48-42fa-b0d2-d3230b9bfcd9,2026-08-29T09:27:00,2026-08-30T07:48:54.043050,payments,configuration,medium
cdd3dddf-59a3-4b13-959f-3c6f84ec1588,740b215a-03ef-4c32-b13d-fe31be745b0d,2026-07-23T07:45:00,2026-07-23T21:41:57.720656,messaging,configuration,low
9e358f7f-4e10-4253-a3c4-ef8ff0ab7e95,975261a5-e0e4-4f47-90e8-8439b39cb643,2026-07-14T02:04:00,2026-07-14T13:03:48.362439,analytics,account,low
2cf8d1ba-5253-4248-ad5a-364cd60e4158,c5b4325c-088c-453d-92b1-73bf2b49f1aa,2026-08-24T05:45:00,2026-08-24T15:08:22.403260,analytics,bug,medium
b6072084-c623-47e5-bca9-86c8ab83f6bc,46ce54e3-8406-4470-92c6-730b64f7d282,2026-07-17T10:35:00,2026-07-17T14:37:01.935021,analytics,bug,critical
e574701f-beb3-4b40-80b8-3d40812b3a34,0caad80a-4820-45a6-91f4-2e21d07896ee,2026-07-19T22:19:00,2026-07-20T02:12:10.767728,messaging,bug,critical
54d3cfdb-7862-4c85-87bc-bef62d3ddd92,f6b4c2cb-aa6c-498e-a37e-57bdab527c72,2026-08-07T15:50:00,2026-08-08T04:37:07.179043,analytics,performance,low
a1e77a26-f265-46f7-ab77-3933c5375212,7cdd57fc-63f7-413a-963e-e0957f910ed3,2026-08-08T05:18:00,2026-08-08T09:13:32.329796,messaging,configuration,critical
eada8f9c-75ca-4747-8a48-3f311391ffd8,2830633b-c47c-4803-a494-de91b35cbfd5,2026-07-17T08:47:00,2026-07-17T22:41:57.588197,identity,bug,medium
d1a388e0-3f32-4f9c-926e-3ec42a999aae,cd04a892-dd97-4ded-98f8-229d54702826,2026-08-27T10:54:00,2026-08-27T22:50:59.699839,analytics,bug,high
f0f0bccc-4952-4817-a9e7-f27691f142dc,5e3a558e-a0b2-47f0-be8a-2dd43a46afc6,2026-08-14T01:07:00,2026-08-14T12:31:45.595562,analytics,billing,high
14747930-ea7a-4ba4-b480-2d2c06c4164f,8a9cc9c7-fc73-4936-8db2-7746a8e0fdb7,2026-07-18T13:16:00,2026-07-19T07:35:26.070929,analytics,account,low
49e336aa-49ce-4dc1-9a23-e1a62e2921fb,f65239c0-a587-49a0-8928-19b2b92d82de,2026-07-14T20:48:00,2026-07-15T21:58:27.489707,payments,configuration,low
3eb1c6db-a91a-4115-876a-2497212c3547,8d1b5a8b-6b3f-43c4-9f3d-5cfbaa015942,2026-07-03T16:26:00,2026-07-03T23:26:04.727252,identity,billing,medium
2f275a5d-712c-4ee1-953e-d87e9a481752,a64a285a-d587-42aa-8180-82dcf2cd9bcf,2026-07-12T12:31:00,2026-07-12T14:36:51.765352,identity,configuration,critical
86cc3a9f-f8fe-4b02-b526-0b267f150893,dc5feca2-932d-42e5-9d20-6c6705a537dc,2026-07-09T08:54:00,2026-07-09T16:38:10.859945,identity,account,high
e2395f3b-559d-4cbe-a707-67dbaa632ac6,69e45ddf-621d-4514-af5a-e6f4c788dead,2026-08-15T03:05:00,2026-08-15T07:21:01.359463,messaging,account,critical
242751c6-f0cd-49a6-9a80-82afd96b8578,a7fac11f-d8bc-4b6d-94a0-ca2344964aa9,2026-07-23T18:20:00,2026-07-24T06:01:41.893414,payments,billing,high
e966e1ec-f788-40e8-a8eb-144c09e25d77,3b8b8dce-0674-4b49-b06a-5e35c2c17014,2026-07-10T08:46:00,2026-07-11T02:12:42.521628,identity,billing,medium
e786c506-87f1-451c-a0c6-4366a9893e1b,350997bb-56fd-4d14-bccf-8de427af1692,2026-08-14T09:41:00,2026-08-14T12:58:20.361667,messaging,performance,critical
ce52f89c-40ad-4ddc-81eb-947a5856110e,1e495577-436b-4652-beb1-33f57040f096,2026-07-25T17:28:00,2026-07-26T13:23:52.758128,identity,account,low
f4d03e42-c45e-4ac1-83b3-4adb99b7fe3e,0e27805f-1d8a-4116-94dd-43ab20e9d457,2026-08-09T01:50:00,2026-08-09T14:25:06.111635,payments,account,high
b26daf2f-5ebb-44a2-8418-294c29e00127,35d70b8a-2e02-447e-ad67-a0b78dd9a0ba,2026-08-27T14:09:00,2026-08-28T06:49:24.226438,analytics,performance,medium
0fc0a9ee-e000-40c7-acbb-779a168e9d9f,8548b80e-773a-4c16-be1e-cd694aefa2bd,2026-08-16T13:04:00,2026-08-16T15:26:49.514299,identity,account,critical
1c8463b7-61b9-4442-a611-b2dc24dbeb91,ca8edbd3-07a1-48b3-8dcb-f949508098a7,2026-08-28T17:14:00,2026-08-29T04:17:49.316941,identity,performance,low
38f51dac-a500-4ea0-b751-16e07826aea2,aa3256e1-1ef0-4ce6-9c2f-17823ce23b78,2026-07-30T08:54:00,2026-07-30T14:51:45.162579,messaging,billing,high
8c3f752a-913b-4328-9f31-4120f2765580,fdd5bc1d-0d62-4a73-9011-d223c25315a8,2026-07-20T14:04:00,2026-07-21T05:25:15.028711,identity,configuration,medium
5ce387d2-5d18-46bd-a42b-3bcd2a13341c,ddc42753-7048-4f4f-ad17-218076677f0a,2026-07-12T03:10:00,2026-07-13T01:04:08.809896,analytics,configuration,low
5a2bde8d-174c-4021-8a75-70da93168129,50baa626-1cf6-4eb6-9ae6-fb58a77186be,2026-07-20T10:59:00,2026-07-20T22:10:23.826449,messaging,account,high
90cdeab8-8cce-4fb2-9474-66f87b54e098,3c0be9c4-8c1b-4eb6-ad8a-0f0454939471,2026-08-21T02:55:00,2026-08-21T11:43:51.895039,analytics,performance,high
a949c30a-c6db-4356-88b3-0e9ad32ffa9b,8a105ac7-5c64-4d6a-aa97-3910de1fde84,2026-08-17T23:49:00,2026-08-18T17:19:51.209913,payments,bug,high
a08edc6b-775c-4d4f-8778-23f937b0fbdc,c6182048-38c5-4729-a7f8-84c2ccb36ac7,2026-07-07T19:27:00,2026-07-08T05:57:25.760862,messaging,performance,high
28378d78-a160-4b6a-8e65-89b374918640,1fcb352d-474c-4581-9b55-7512eefe32fd,2026-07-19T00:51:00,2026-07-19T03:50:45.430459,payments,bug,critical
29d92046-1af6-4ce5-adaf-1ff3644145a5,7c621b60-3dc3-493f-b565-96206824638b,2026-07-25T23:28:00,2026-07-26T16:37:00.474855,messaging,bug,low
47f8a0df-fb2e-4efd-b978-f18815a6e1be,ef2ea3c3-9ddd-4d07-a2bb-8fcbfdb76b2f,2026-08-24T17:50:00,2026-08-24T20:02:33.356706,identity,account,critical
67532e0b-7175-4d95-9c96-f48a4eed9bac,e60b022e-9f3a-47c0-b1fa-2469cd123a6e,2026-07-02T22:27:00,2026-07-03T23:51:34.475696,identity,bug,low
d7360237-e73d-4927-8b2a-7c8e4eba43ec,38b92a3d-9ab6-4940-915e-b5d830a1bf1a,2026-07-26T21:12:00,2026-07-27T22:19:29.753226,payments,performance,low
85016458-d40f-4a2c-9e4b-61a938ceeb35,28c47ffb-ea96-457c-8aae-476ef8a99416,2026-08-18T00:22:00,2026-08-18T10:37:00.626630,analytics,configuration,low
c8ce3dc4-05d5-4ec5-a37e-37589383a8c8,895f3d93-8e83-4381-a089-3a9ec933942a,2026-07-09T15:47:00,2026-07-09T22:19:15.062260,messaging,configuration,high
de68ad9f-96f2-4ed8-bd82-2addae1f3784,bd383dd2-68fe-4864-a480-aaf78abdf56b,2026-08-01T11:27:00,2026-08-01T19:24:01.975696,messaging,bug,high
a942d9e7-9161-4bf1-ac12-5453b0e35153,1a5e55a5-7617-4be9-9769-f5c7a7c38a42,2026-07-05T06:49:00,2026-07-05T09:47:48.035542,messaging,configuration,critical
32eaae9c-444f-481a-ba10-4a19c996121d,97d73c60-8424-4c91-b0a9-e376db642b09,2026-08-28T08:29:00,2026-08-28T18:00:37.874183,analytics,configuration,low
97f0ed69-442a-4b4b-b252-b0c04c122d5a,4e30b14f-7b00-41f0-bbcc-66791cb0e636,2026-07-05T08:29:00,2026-07-06T11:22:01.416065,analytics,billing,low
0b2151d4-ff79-416e-bac8-fae73d9be6f8,224ab854-c9bf-47c5-a1f1-51d43e1322d9,2026-08-09T15:45:00,2026-08-10T14:08:36.866630,payments,billing,low
2356d436-ee90-4aa6-9919-545486f3b89f,b7da8662-2691-485a-bf38-c87a18b8ce8e,2026-08-03T13:49:00,2026-08-04T00:52:59.597179,analytics,bug,high
d8bcf2ed-18f0-46f0-8058-48aa52126af2,8795e417-4278-4b28-8481-d21a76591a08,2026-07-04T22:06:00,2026-07-05T02:42:01.214647,analytics,bug,high
5c1f8bac-93d7-425a-b050-0d1c6462e152,21ac398e-42dc-44ff-9f51-af6ecca0f9a0,2026-07-30T23:25:00,2026-07-31T16:30:53.883192,messaging,configuration,medium
4f8d90b0-dd09-45fd-8630-20db0a7a2c44,0146e28b-f40c-4091-99bc-a2fd9e800183,2026-08-23T02:34:00,2026-08-23T12:23:55.171801,messaging,bug,medium
6df8dbf2-0da5-4fae-978f-7ecc5b31864a,a6325a02-5098-42b7-be8a-388e6da6d329,2026-07-14T11:18:00,2026-07-15T05:41:30.287838,messaging,performance,low
dcbff222-9663-4cfa-ac49-dd650f6fa609,dafec9d4-f4ef-4bac-9baf-105ee126e3b8,2026-07-22T21:25:00,2026-07-23T03:59:31.047257,messaging,performance,high
edcc6350-6fb4-4a6e-940f-f09426157d21,2f544205-371a-4679-a25b-f300436e53fd,2026-08-13T22:29:00,2026-08-14T16:42:59.910779,payments,bug,high
f29c12be-5cce-43d5-ab9c-dc838858ce65,44894623-c9e3-441a-8202-d5c4a5d4d98e,2026-07-08T12:52:00,2026-07-09T02:46:49.569598,identity,account,medium
cfc7059e-d318-4b99-ad1d-b270d05a6fcb,0a71ffd8-b975-4d05-8234-0f5a24b3edc6,2026-07-19T17:46:00,2026-07-19T19:26:50.882827,analytics,bug,critical
94e773ee-1106-40ad-b33e-a50ed329e8ec,3c012246-d4f3-44cd-aeb6-7dac43dbd643,2026-07-02T04:40:00,2026-07-02T06:43:49.508243,payments,performance,critical
3e281402-afc0-4956-8931-5310be80be78,82c4b3a5-db1e-4f3d-bbdc-65cb66bb8ede,2026-07-10T12:21:00,2026-07-10T22:26:02.053201,identity,billing,high
cf9436bc-b96d-4942-bea7-4c065684219d,15b2d7d3-d9b1-42ba-b8f8-eb8c9c4b0192,2026-07-29T09:11:00,2026-07-30T10:38:15.317150,messaging,billing,low
afb10c04-703b-4b09-9c10-b2304bcc4bf1,dadb8a2b-d2af-4e53-871d-5c734f99ca0b,2026-07-20T21:56:00,2026-07-21T02:02:12.874900,identity,performance,critical
b77dbac5-96cf-4317-bf01-326b11985deb,560aa461-400e-4077-b909-24dad7a9f421,2026-08-16T17:40:00,2026-08-17T05:56:57.392768,payments,performance,medium
5cfbe767-7251-40d5-8423-0460fcbd0f3f,cdfbc32b-082e-4852-b84f-a4524216b370,2026-08-08T12:15:00,2026-08-09T09:13:19.874579,payments,configuration,low
c77196df-c502-4e4d-9b4f-10df5653e57f,6e5237ef-fffb-4b49-b8c4-a4b47309e8b4,2026-07-10T18:07:00,2026-07-11T19:12:37.553920,analytics,billing,low
59f9cd1b-504c-4fa0-9ac4-0836cce5a2bd,e95b0c63-2d58-4d10-90f0-5f844f5bfa0b,2026-07-18T00:34:00,2026-07-18T04:03:08.363442,identity,bug,critical
3b8b4872-73b8-4ecd-bb64-391f265950df,c1a99697-9c0d-47b4-85bb-13f7b27cf1df,2026-08-11T04:48:00,2026-08-12T06:29:04.916233,identity,configuration,low
58f6679e-8d92-4102-b46e-5cbb73e6c2bf,1c7fefb2-ae6c-473b-ac6f-a5669f76b8f3,2026-07-08T15:38:00,2026-07-08T23:26:26.785997,identity,performance,medium
5ea46d08-dce6-46d9-919e-d36b9e7e78be,4655688c-29cc-4473-8a9a-039c1fa59c53,2026-08-15T17:03:00,2026-08-15T21:28:30.923676,messaging,account,high
0705c180-3925-4497-b46e-cd897ce362d1,3d34c2f6-5900-41bc-82d2-65ebe25e7435,2026-07-25T19:28:00,2026-07-26T16:08:30.689287,identity,bug,low
49668537-3aed-4b49-b8e8-4cae192f6781,21acc5d6-a0d6-480b-8f4c-123bc317f4d2,2026-08-08T11:09:00,2026-08-09T06:38:53.337946,payments,configuration,medium
2c74ee7f-8856-4fe5-a08d-b8b2acd4d67e,99861b73-5ab9-4d05-aae0-751a29f5d4db,2026-08-24T01:43:00,2026-08-24T04:46:21.079371,identity,account,critical
a24884c8-d148-4fca-a2c4-90f36062f39d,7af343e9-c258-4739-a2cc-ea5b80b98702,2026-07-10T22:31:00,2026-07-11T11:28:08.768744,analytics,billing,low
9d6b353c-1f7e-4221-abd0-81275b78cfff,d55b642b-4fdf-4c7d-a199-c372892c70c2,2026-07-05T20:04:00,2026-07-06T01:58:36.493420,analytics,account,high
9be1c6b6-c559-4bac-94df-1d6f6ac98399,d5cac8fd-6403-4df6-89dd-97650c07d100,2026-08-18T10:27:00,2026-08-19T03:02:28.332517,analytics,configuration,medium
4efcf20e-4dc3-44ef-963e-6c497cb919cf,62878975-a88e-4801-bba8-1409bbef783c,2026-08-06T19:46:00,2026-08-07T08:43:28.761692,messaging,performance,low
a1b66d50-ddb8-4c8d-ac75-c01a56482f44,8e66dbd6-7893-43e1-afce-798bbf75f219,2026-07-25T10:02:00,2026-07-26T01:27:43.434542,messaging,billing,medium
bd0e4f7f-7978-4c1b-bd3f-6d1a28a4f188,b3e35fa3-05d8-4a76-96fd-73dd0d3c642f,2026-08-01T15:24:00,2026-08-02T01:16:15.809398,identity,account,high
7e9a788a-7dbc-4ba0-b0e4-095391b4889d,f4aef6d1-d4da-4401-9e25-13ad9f84c5d2,2026-07-09T13:52:00,2026-07-09T17:35:02.180104,payments,account,critical
58bd93b1-703d-43c6-992b-1d694b8a9afa,d427bac5-03ca-407c-809b-d9c87a6e9c63,2026-07-22T17:16:00,2026-07-23T05:15:58.625405,payments,configuration,low
b4c05acb-e3c9-42c5-8d58-269d68179d45,d382b0d8-658b-4719-b145-1df074737127,2026-07-31T05:36:00,2026-08-01T02:35:18.833363,messaging,billing,low
cf45559c-2e01-4cd0-8fad-2a102bb6e229,250c2849-e25c-497d-83c7-b3feee6203d7,2026-08-08T22:48:00,2026-08-09T16:29:32.820896,identity,bug,medium
8bd8f676-291d-4452-a738-8ab569bb6837,e77445d8-b5e2-4375-95fc-fdcdc1eeefbe,2026-07-08T00:09:00,2026-07-08T11:54:22.796089,payments,bug,high
70de0057-04e5-4bb7-a012-9bc4da7c25a4,0264de0f-3bfe-4115-ad52-d9101c099af6,2026-08-23T01:55:00,2026-08-23T13:35:14.948165,analytics,performance,medium
d7c99073-7477-4db5-87c4-c84f82323551,a4945381-9953-4dd2-8cf2-82af3050ced6,2026-07-05T02:41:00,2026-07-05T13:21:58.340098,analytics,account,high
9e550fff-dd96-4549-b878-1f2201cb900f,76ddbffd-9882-4932-8349-adc23bc5658e,2026-08-17T19:28:00,2026-08-18T14:54:23.120974,payments,billing,low
e5e6060b-37e0-4317-b4bc-e1f45ac5b178,9350e42e-b27e-4bb3-859c-16995b8e885a,2026-07-31T13:17:00,2026-08-01T01:12:06.041811,messaging,performance,high
d83c028f-5dde-44f0-96e9-1197a5165bc9,589d523e-d5f8-43e3-bcc9-0a83c8fa45c8,2026-07-24T10:10:00,2026-07-24T17:50:12.021950,messaging,configuration,high
17854cd7-2b30-4b05-bc4b-4653bfeab2b3,9fed3fca-8923-4c3d-806d-21b8505edd85,2026-08-02T02:19:00,2026-08-02T04:09:17.819528,identity,configuration,critical
cbfac023-daee-4f92-870d-08adfa2374ab,247e9fae-789a-46d0-890e-64637a15ab1a,2026-08-17T06:26:00,2026-08-17T10:30:07.667661,analytics,billing,critical
142b4468-5702-44a1-993f-544c3c2be910,f9d09a40-8416-4bdf-960d-9f40a0878046,2026-08-30T00:24:00,2026-08-30T03:16:00.786879,payments,configuration,critical
ffaedbcb-3769-40ae-a418-93b27ab74a28,2740814d-db3b-4e13-b6c2-afbffa3d64d3,2026-08-22T13:45:00,2026-08-23T04:40:56.573146,messaging,configuration,medium
c6045b1a-baef-40a4-bfa2-967757f262d6,a32fe7fc-2a5f-4812-b522-bddb097edb0e,2026-07-18T15:27:00,2026-07-19T02:28:01.748234,messaging,bug,high
69666675-565e-467c-b3e4-15ab3a6e3f50,6353064b-005d-4e16-8509-927b2cce0093,2026-08-19T14:23:00,2026-08-19T23:34:01.363191,messaging,account,medium
0b437b98-f4a2-44ca-ace4-e4a77bee864e,8bb203a6-525a-4658-b092-a3fd85ee744d,2026-08-01T18:03:00,2026-08-01T22:23:08.878201,identity,performance,critical
9666fae6-6686-4972-9a42-9bb45d09d7f0,ae35eb6b-8233-490e-a710-387b987259ba,2026-07-26T03:28:00,2026-07-26T22:53:52.690709,identity,billing,low
c625c349-e5fc-42ef-b8f1-ed3df8843673,ccde132e-0392-46f4-8d1b-e7022cc8935c,2026-08-01T05:53:00,2026-08-01T09:04:59.954250,analytics,performance,critical
126d0d3d-c58a-4af0-946d-f5ac9ce1d347,b7496276-49c3-47eb-aec7-00e10a04068b,2026-08-01T14:01:00,2026-08-02T07:59:50.470831,identity,bug,low
a4b0dc9a-36c4-44d0-baac-64d2d717777b,980bef98-5053-44e8-91cb-e88174c38a1b,2026-07-14T09:24:00,2026-07-14T18:23:25.299845,messaging,billing,high
403c9ade-28ca-4db3-96d1-804d4d9061ac,cfa1f181-de09-41ff-9b79-d780c0c3366a,2026-08-30T11:13:00,2026-08-30T15:28:23.773501,payments,configuration,critical
64799fa0-4529-44ca-9aa6-52da89ba085b,1cd7bfd7-ef0c-47d2-8c69-092b6a886b48,2026-07-27T19:50:00,2026-07-28T08:44:42.679575,analytics,performance,low
34a4cbac-8371-4051-8774-e7331b152903,16facd3a-61e5-4ff5-ba82-309b0f412a86,2026-08-23T23:35:00,2026-08-24T02:00:02.872208,analytics,bug,critical
98b2b0ec-270c-4e7a-af6b-98e36c7fdfeb,f4050798-b235-4b60-9806-493de6feadcd,2026-08-09T04:03:00,2026-08-09T17:34:32.888398,identity,bug,low
7eba9176-0e9b-47f2-ae81-ab0a41c67cb4,e11545a3-46cc-44e9-b960-5f6d93bc6b3f,2026-08-01T21:03:00,2026-08-02T14:29:39.202994,identity,account,medium
2a6c1c8e-1613-4b84-b766-6437aabad16f,0c50712e-fc1d-48ed-b5e0-33f5c1d1f73e,2026-07-25T15:17:00,2026-07-25T18:32:20.428234,payments,billing,critical
36d862d3-dee9-49e4-a85b-264a15e800ac,f933268a-6f21-48ae-8e9e-793ef0753cf0,2026-07-08T08:19:00,2026-07-09T01:50:01.919353,identity,billing,low
3bb4a19d-75c1-49d9-a6b7-fccef1b1157e,f39b73b6-f567-4afb-b11a-f0f46da29ef6,2026-08-02T06:42:00,2026-08-02T11:33:18.768436,payments,performance,critical
25d1b97b-b02d-4a25-a50d-22ba03c4b77a,4cf5a995-f195-4a4d-92f0-25127bc9a6eb,2026-07-09T22:23:00,2026-07-10T03:46:11.096713,identity,configuration,high
efb841db-ce15-4cb4-af3b-51e6885dd90e,f11ab8aa-e241-453f-96e8-801ce0b4e3fc,2026-08-09T16:03:00,2026-08-10T06:14:59.475135,identity,account,medium
73afa20e-e80a-4980-9b90-c673d1e8eeee,a7466611-6c73-4695-b911-88d115882994,2026-07-19T03:49:00,2026-07-19T06:58:46.264710,identity,billing,critical
7bca9f35-959c-47cc-b5b3-36997c27b419,8fc0ead5-3e1d-41b0-ad3d-6da3f15fe5e3,2026-07-28T09:40:00,2026-07-28T18:11:59.954594,identity,bug,high
f578d82b-5862-4659-88ea-e071aaf8d781,133489a8-117e-494a-aa5b-97281d81530c,2026-08-27T04:35:00,2026-08-27T15:05:41.728772,messaging,account,medium
1901be14-06b5-45eb-b0aa-59f637b53a7e,4bbc8d4e-c64c-45c5-90cc-57c93d5bd41c,2026-08-09T18:24:00,2026-08-09T21:58:56.640594,analytics,billing,critical
385145b5-d454-4b71-b4b1-2edbbfeb6db2,6210df0a-a4df-4f7e-8674-45a13fedd35c,2026-08-15T20:36:00,2026-08-16T04:01:16.872125,identity,performance,high
d2557d2e-55ef-4326-b63f-a0ce43b8e8f2,63ce4e37-dff3-421f-8196-2efd96df9ce5,2026-08-08T06:36:00,2026-08-09T08:01:33.777292,messaging,performance,low
82e479cc-c154-4489-a8ba-b1653c581c02,65c18a50-cbf4-43cc-9790-17c840e23a6c,2026-07-03T09:43:00,2026-07-03T23:05:57.009386,messaging,bug,medium
81dc13f9-f309-49fb-8d11-1e2c662a0918,a479880a-c31a-45dc-b948-3529b6f31d29,2026-07-28T12:34:00,2026-07-28T17:35:05.515985,payments,account,high
3c45f6a0-393e-4659-8f1f-939b64d2db40,e163e064-7cd9-41e7-8f05-83a8eb3f11a2,2026-08-19T10:47:00,2026-08-19T12:39:40.107079,identity,bug,critical
3927b566-7112-4a1d-8a17-4687ddf0ee0a,cbd15f58-e793-451a-ad9a-d68941e46fdd,2026-08-30T23:48:00,2026-08-31T03:49:03.338815,analytics,performance,critical
a60ec4aa-4410-42aa-b691-608d0cf9e03d,78592efb-99f2-4b9c-a67f-54bd942c8058,2026-07-08T16:56:00,2026-07-09T07:56:09.727854,analytics,configuration,low
6fb14483-94c5-4d65-a23f-9be24ec8882e,a2ab856c-6717-4fef-9f32-770887179d26,2026-07-09T20:46:00,2026-07-10T00:20:18.403346,identity,account,critical
4449aa09-9cb5-4cc0-90b2-eb5719d25246,3796a5d2-7fed-44b3-b755-9b99b289465b,2026-07-06T12:57:00,2026-07-07T10:34:41.908732,analytics,account,low
7df9a8b6-d46f-4a2d-91fa-aea2dfe31c12,c9798898-d688-418b-adea-ee972f56c998,2026-08-16T23:47:00,2026-08-17T03:13:11.669464,payments,account,critical
d15d6043-dd49-474b-a874-2d988f8f9c09,cd91f704-52a3-4937-84a0-fc91f830be16,2026-08-28T05:22:00,2026-08-28T22:55:20.323458,payments,configuration,high
d75bd2c1-8f0f-443a-9423-b1e23a14722b,a236304c-0837-4fab-976b-eef197393818,2026-07-01T14:05:00,2026-07-01T21:27:35.422912,messaging,account,medium
01b37d03-e9d4-45e5-9b2a-4b79cb3e8647,5a021bf5-a931-4760-804e-ab69cf760e35,2026-07-01T00:04:00,2026-07-01T18:25:24.501951,payments,account,low
d0d0e13e-ce94-431b-a6ff-93d1ec435fdc,884b0cbe-3101-446a-934f-6552b0d9f19a,2026-07-23T12:01:00,2026-07-23T13:35:26.288947,payments,bug,critical
56e39f45-5d27-4af3-b1d2-b1eb32ea2542,ac4e87bd-ea8e-4a30-8538-f471ce086bee,2026-08-16T00:56:00,2026-08-17T02:36:07.679885,messaging,performance,low
b03d82d6-b7e9-4869-9bb6-2b812774f315,6bb828dc-7a5b-47d2-a5fa-8b7c277d77a6,2026-07-28T07:11:00,2026-07-28T23:01:35.705356,messaging,performance,medium
eb11781f-0879-443e-9555-b89b9375bb55,6a739387-c24d-4fca-83fe-b94f6dbb475c,2026-08-19T18:19:00,2026-08-19T22:23:40.589988,identity,account,critical
260ef57b-b891-41bc-b09d-21bc1c1d4d19,4ed8ea9d-bed9-4768-9229-6466bfe15e98,2026-08-26T04:12:00,2026-08-26T17:50:03.717520,analytics,performance,medium
8f2a180c-8593-4e75-b5da-2e020b85c887,961856b6-957a-4978-a672-5b5ee0d4b59e,2026-07-17T19:43:00,2026-07-18T07:51:17.447872,payments,billing,medium
c80945cb-d44e-44a2-9d62-ab8c462f7dc3,cce3615a-4685-4e5a-8a28-c2acf4020a8e,2026-08-19T18:14:00,2026-08-19T22:29:58.303509,payments,performance,critical
09b3e9a6-2e5d-4f2f-995e-2362a4a6fa66,66c9e6c7-b0c4-4a8e-9d7b-06bf053035e0,2026-08-30T18:15:00,2026-08-30T20:51:07.265600,analytics,account,critical
64777b7c-9532-4b26-9a95-bb50da5be81a,9c172beb-8bd7-4d56-9514-923daca450b1,2026-07-26T01:08:00,2026-07-26T18:29:04.847629,messaging,performance,low
7253801d-6640-4dd4-8f80-5dba768604e0,60112475-171a-4866-9101-81f169ca86e0,2026-08-08T16:03:00,2026-08-09T05:49:55.145391,payments,bug,high
82d5378b-61eb-4df4-8f79-f850f130d811,f0f879bf-6e07-449b-a367-231c2eadc693,2026-08-21T08:32:00,2026-08-21T12:48:21.606026,messaging,bug,high
135b3ba8-2c00-41d7-8ede-18ba67eb8b15,ec174931-79d1-4caf-839e-4cd7c0132066,2026-08-29T04:52:00,2026-08-29T16:34:08.539926,messaging,bug,high
c3f26581-74cd-4514-a969-02aeabad19cb,2a614177-7c5d-4268-bc4c-342043a3daff,2026-08-12T14:09:00,2026-08-13T16:49:17.638837,messaging,configuration,low
beaf1cc1-d0be-4a70-9061-a13250515533,47809317-959f-4fec-ac6b-ebb4ea1bb365,2026-08-02T13:30:00,2026-08-02T18:58:13.597813,payments,configuration,critical
0dc1ea80-91c3-4138-a8c5-8deb2def70ca,c8f24d95-7067-427a-89db-87b30566ea60,2026-07-16T21:11:00,2026-07-17T04:51:33.074222,payments,configuration,high
15f3c409-6620-496a-8f88-84b8eb75c86c,2ffd327e-4e66-4b65-85ca-b821cdb61cd9,2026-07-13T17:55:00,2026-07-13T19:37:16.669182,identity,configuration,critical
f790d479-f688-483e-97ad-23bfb77f7c20,24b8fab3-4fca-4660-82be-6a24932a17ea,2026-08-28T17:19:00,2026-08-28T20:38:03.091419,messaging,performance,critical
0d82b8c0-0c58-492b-87e4-2446b64cea22,6c1b8ff7-9a76-4aa4-bc3c-6d73afc4f304,2026-07-17T10:02:00,2026-07-17T18:44:38.940473,identity,billing,high
23542918-a248-415c-8dee-f95aeda0c437,83234922-ae14-4a18-a3ec-de5dfd2b032d,2026-08-22T20:36:00,2026-08-22T22:18:09.755691,identity,account,critical
85124447-a4ff-44ae-80aa-d4b72183ae58,a1284271-4edb-4f2a-82be-229512070bd4,2026-07-03T16:29:00,2026-07-04T13:27:28.910946,payments,billing,low
35df72ca-1924-4a71-9fc5-68fc88ef7fb3,bbe850e8-5c64-4e03-9ed2-8b98359058c4,2026-08-15T11:01:00,2026-08-16T04:47:33.386720,messaging,configuration,medium
eab46cac-60cd-4c63-aec1-20b59a262960,df4eaf70-1d12-413a-833d-d821296a11bf,2026-07-22T12:53:00,2026-07-22T16:39:02.789840,analytics,billing,critical
001d806f-aeb0-4a2a-a1d3-26bb1f60fe43,f8a7572e-ae96-4e2c-bb61-9c29c0f87096,2026-08-08T05:37:00,2026-08-08T10:31:56.844943,analytics,bug,high
5141499b-db6b-4039-982b-075e086ea203,127cd541-5222-49d4-a45c-805e98394716,2026-07-07T15:12:00,2026-07-08T16:49:26.094788,messaging,configuration,low
710076a3-93e7-41ec-8cfd-40d632e62d9b,c3173707-e5e2-4904-a8d0-11f508e80884,2026-07-30T05:34:00,2026-07-30T07:27:58.739731,analytics,performance,critical
489759ec-49b9-4d70-8640-c6fb0487ffec,32113d96-daf5-4b4b-995b-f6693db528c1,2026-08-28T00:24:00,2026-08-28T14:40:18.780510,payments,billing,high
d467e39b-6ccf-44d7-a061-e86a6e949105,03e53e29-47c6-491a-b048-ed790b41e06d,2026-07-27T00:58:00,2026-07-27T12:10:31.521969,payments,billing,medium
655264f6-e90a-45f4-93d2-6c304204e324,f1a01456-3fc3-4ef0-b0b2-a1269a37622e,2026-08-18T02:35:00,2026-08-19T15:10:00.050952,payments,bug,low
db9ac71e-0991-4790-bcd1-bcaa82a773b5,2a9ded55-1977-4a00-9fe2-92507214a878,2026-08-30T20:42:00,2026-08-31T20:16:48.573303,analytics,billing,low
f909db1e-d608-4540-ad92-cfdf264d0875,fba5454a-e3ac-43b1-8c6e-5befa8dbcfba,2026-07-01T11:26:00,2026-07-02T02:33:58.093010,identity,performance,low
a07ed7f7-4faf-4511-800d-b50d53393166,375f61f2-425e-491d-b60a-bb2e554e4362,2026-08-28T10:58:00,2026-08-28T23:48:39.986996,messaging,billing,medium
c3d1c5b1-3a22-4c1e-9afb-ff96d78b72e0,dbdae34f-ce46-460f-a722-e3552d95d34e,2026-08-13T02:53:00,2026-08-13T18:30:08.942428,identity,configuration,medium
eb1eace3-214e-4f4d-9db7-d48cb8c29da4,e2bac1a5-2a78-4b68-89ad-127d5b5fd963,2026-08-09T22:44:00,2026-08-10T17:58:41.076999,messaging,performance,low
d872b6b2-aec1-475e-9b56-800afe555075,949ec266-a038-4ae8-8fdc-0e27931ed6fe,2026-07-12T13:51:00,2026-07-13T07:49:36.553370,identity,bug,low
a9d94d6e-fa72-4cb7-b3f0-4a0df53aa86f,a9006d26-6fa8-4dc6-bac9-abf24f2bc68f,2026-07-05T16:27:00,2026-07-06T08:18:21.361179,identity,bug,medium
fd00aca3-fb09-42e4-b543-daffe05b89b1,43244d6f-69c7-47bf-931e-875763ec9760,2026-07-27T09:17:00,2026-07-27T13:49:37.041165,identity,performance,high
8a0fd3e5-dbf6-4521-98a5-950248b8777e,9f1f3f02-01e8-4629-9536-8e87623036f8,2026-07-15T08:51:00,2026-07-16T01:05:18.033359,identity,bug,medium
0f0319ea-64fc-4411-89b4-98111e94e2e0,d1818531-b14a-432e-b45a-f00b086704ac,2026-08-25T15:17:00,2026-08-26T10:06:37.016899,identity,performance,low
3a2413b2-4771-41a4-a6ca-2e002eeee8a5,8873abee-d62f-413a-be19-bf273b76471a,2026-07-11T02:12:00,2026-07-11T11:46:51.402217,messaging,configuration,low
c2a1f243-94e2-4d51-bc3c-01e08e67fb44,aa2fce18-745b-4702-a791-ad26620abe89,2026-08-08T08:34:00,2026-08-08T19:40:15.207302,identity,billing,high
0e78beb3-03cb-4a2f-9b60-857fde4e25af,d1b1d986-5b04-4f3e-b2e0-cc8b4e304314,2026-07-06T09:44:00,2026-07-06T21:07:36.218753,payments,billing,high
7ae58558-e826-4b66-964d-4b8dafc1e328,55606bc6-99e9-49cc-86f2-12c8080f77b5,2026-08-30T09:04:00,2026-08-30T10:47:07.448540,analytics,billing,critical
f6fe21ef-3e33-45fa-9274-d4c604541ab8,67c6cace-976d-4c74-9c61-03bdfba2185f,2026-08-21T07:45:00,2026-08-22T09:50:54.024325,analytics,configuration,low
ec78f5e6-2101-4287-8a82-e35ddd1bd88d,730ba82a-c2e7-4ec2-bcab-bf1fb5e4122c,2026-08-24T10:40:00,2026-08-24T15:00:23.287307,analytics,account,critical
e158c312-11cc-4198-aa87-d8aeb3c93e02,b8648ef9-9b2d-4ff6-840a-4253c56b0403,2026-07-25T14:56:00,2026-07-26T08:52:19.467464,analytics,bug,low
b546a5e9-43c9-45cb-b3b6-0a9076b5fbe0,0e0fb2ab-796d-48dc-a61d-b8a2278dde2f,2026-07-21T12:03:00,2026-07-21T14:27:36.918197,identity,performance,critical
0be7b5b0-2f20-4fa0-bac7-9f927df300e6,0ecda72d-349a-4efe-98bb-a55b6bdcdee2,2026-07-21T17:32:00,2026-07-22T16:27:30.138125,analytics,bug,low
f4506c9e-9684-46e6-a588-4e717b82e862,9acad706-c1e7-415a-ae15-7b01a53fd38e,2026-07-18T20:32:00,2026-07-18T22:11:23.116510,messaging,bug,critical
d082af18-f16a-469c-8887-4706b9e8c516,d0491977-17fa-41e5-b363-b0194195c0b0,2026-08-04T08:04:00,2026-08-04T13:44:03.153323,payments,performance,critical
9a34ac5a-088e-495b-86e3-844ae52399ac,8f3039b3-a0df-4630-a511-34ad90e254d3,2026-07-11T12:29:00,2026-07-11T19:17:51.525963,messaging,bug,high
dfba0d41-4108-4e93-a754-87c913cc5639,1736aab1-6fd4-4964-926d-de4f2a6b2045,2026-08-01T05:34:00,2026-08-01T14:21:03.843950,messaging,bug,medium
3ae74d6a-69c9-4173-929b-7f764b7ddc7e,d7ebfeb7-1751-431e-aa15-5f6cd9e3235e,2026-08-23T13:51:00,2026-08-23T17:35:32.737444,analytics,billing,critical
623739b7-f1d0-47d7-89c3-701164ef9faf,d7b832d1-7fdf-4280-93d9-3f06016ccd9e,2026-08-18T19:23:00,2026-08-19T11:08:05.265731,analytics,bug,medium
d246483c-2895-45a5-ab54-7c7771546487,23d046fe-5c0b-4294-a76f-bcbcea861afe,2026-07-07T23:21:00,2026-07-08T01:23:30.409560,analytics,billing,critical
279838d7-95a0-4113-b6b5-b9e4d96efc70,a1a3f3c6-7e29-4757-aad2-bac22367fa5c,2026-07-04T23:30:00,2026-07-05T17:28:37.436551,identity,configuration,medium
a093c50e-1d0f-4afe-a304-66f0910203ae,687562af-3937-4dc8-a4b9-643723c68675,2026-07-12T19:22:00,2026-07-13T16:11:07.050370,messaging,performance,low
e68750db-fd86-4983-8ff6-d42f57f02706,743ff2af-abc6-4714-b3c2-cf08959002d0,2026-07-07T22:51:00,2026-07-08T10:47:20.943680,identity,account,medium
a7697a03-614f-4e13-b4b5-c8ead9a896c5,baa1a5f8-4ff2-4276-89ed-caf50deb0ea8,2026-08-02T11:47:00,2026-08-03T08:32:23.575042,payments,performance,high
92266970-d22c-4e43-977e-4f88a86fbcbf,54a2ded3-8fec-4209-8b5a-c794bcfb1214,2026-08-20T04:33:00,2026-08-20T11:06:03.137733,identity,billing,high
30ec7c68-5322-4916-a897-0fb4115d86ff,2a60a0eb-0719-4623-ab93-30fe3282079f,2026-08-19T06:44:00,2026-08-19T17:56:12.250874,analytics,bug,high
7d8c83f8-71dc-4e15-a18c-4e7466b33328,df844a51-7a8a-4c82-92dd-6e249dd2fa2b,2026-08-26T14:29:00,2026-08-27T03:08:50.359794,messaging,configuration,low
3580cba9-81ce-4019-a967-a3d36480a623,d7626c80-970d-426f-abd6-28a8de02e9c8,2026-07-13T11:34:00,2026-07-13T19:02:22.715755,payments,configuration,medium
2228577e-7093-4a5f-b164-22668de27239,96559e78-5fb4-4f86-beff-3825602faea8,2026-07-13T22:07:00,2026-07-14T01:33:59.007333,analytics,billing,critical
74f35f15-add9-4db9-a1f0-fde33c916b49,33f4059a-d625-4443-9038-a9d53533d99f,2026-08-11T07:15:00,2026-08-11T11:15:32.312226,analytics,bug,critical
ad03674c-9a91-4550-bcaa-0dbbda536bff,5956e068-e609-43d0-b910-c42f8d4fcd52,2026-07-25T14:28:00,2026-07-25T16:52:04.458751,identity,account,critical
34076753-0fdf-4e6c-b148-ffd83a3c4c7e,d4835fb4-1fee-4516-b161-f00d629ea40b,2026-07-08T16:34:00,2026-07-08T19:33:09.860986,analytics,configuration,critical
f22d3bd7-ab9f-4205-8d1c-6f4f7172f9b7,6a305579-a448-4be8-9f79-4efeb8d4df66,2026-08-04T19:46:00,2026-08-05T08:48:24.259653,messaging,performance,low
bc434bd4-f60e-431f-a7a5-92fa17b1836d,91d58acb-0445-403f-84bf-16713e358a70,2026-08-04T12:39:00,2026-08-06T02:14:49.342551,payments,performance,low
13e3b5b1-0209-444c-b247-d711b489a090,4a5890d4-487d-4936-8588-38e6ba9c9749,2026-07-03T20:23:00,2026-07-04T07:45:53.722063,identity,bug,high
aab05a01-31ab-4cfe-917f-2cb06feeca87,9d64533c-69f1-4dd6-bf4d-91cd18d2a0a1,2026-07-24T21:30:00,2026-07-25T07:18:22.644931,payments,bug,high
c82bb748-9bab-4c21-9994-d1ceb5f75f2f,af54c212-7a3a-414d-aad6-7ff2a3aa79fa,2026-08-26T13:45:00,2026-08-27T13:16:59.305890,messaging,performance,low
3b587837-80ec-4524-807f-8db83f2042d3,ba42a5bf-0c0c-4026-9b73-dc5b2ad947f0,2026-08-20T08:41:00,2026-08-20T11:27:17.418227,messaging,configuration,critical
fc76403a-1621-491c-a068-7fc682535ea2,b00a9ab9-c567-408f-ad8f-41ebef1bf396,2026-08-21T17:28:00,2026-08-21T20:22:07.190708,identity,billing,critical
75f183d5-5961-4665-93ff-acb8bb0f49ac,062cfc93-6800-4080-954c-488d0cf3cfa7,2026-07-22T16:24:00,2026-07-23T02:47:48.161005,payments,bug,high
a115f6e6-1350-46ca-85e0-fad598ea1732,b81e0f7a-3889-4a89-9f25-3fb0a7c6a490,2026-07-25T23:25:00,2026-07-26T06:07:00.931772,analytics,billing,high
d14b38f1-60d3-4743-b224-749b8926f44b,197335d5-7d69-4f6b-9281-924fe3ff38a7,2026-08-05T22:01:00,2026-08-06T04:54:36.812168,analytics,account,high
58e25318-5dfa-49cf-8afa-0891ec72686d,9194cf95-9445-4fc1-ac76-68122c54ff0f,2026-08-30T00:06:00,2026-08-30T11:20:15.055552,identity,account,low
932fa215-521f-44b9-b75b-a41bbaa8d395,868dc559-aed9-42fd-9197-e3b9119e64d3,2026-08-21T17:46:00,2026-08-22T05:05:32.535223,identity,configuration,medium
325ff10c-624b-472f-8e3d-d459a9aba025,a4e0a8b1-9570-4bef-96a3-24e20bace6ed,2026-07-02T13:43:00,2026-07-02T15:19:39.640638,messaging,bug,critical
59038cd7-47d4-4d58-86cc-5360ed9411d1,3e67cde0-f914-4a74-a908-282dbe771779,2026-08-02T15:38:00,2026-08-03T02:32:11.990373,messaging,account,medium
adbd023c-5959-4019-8a5a-ae6632f7e4d0,70212681-2162-4b59-8fe0-850a338edd59,2026-08-22T18:05:00,2026-08-23T05:42:34.846658,analytics,configuration,high
1c6a1ed6-79f4-476a-925b-b1a23358409e,38985be1-53e9-4145-a9ab-37d97d6abe3d,2026-08-10T02:09:00,2026-08-10T13:05:14.595215,payments,configuration,high
5499a6fb-d422-4e93-9708-17f8de084f3b,3a0acb5c-e457-40db-a510-3aa361f7251d,2026-08-15T01:11:00,2026-08-15T15:09:23.082830,payments,billing,medium
4e5f29d5-30f1-4a24-83b0-e520722cb0e8,7f835137-6645-4572-bd31-17d865901723,2026-08-26T05:55:00,2026-08-27T02:41:58.133730,analytics,billing,low
dad93f3c-ce4f-4861-9e83-ae0bd0ad3100,110cc8b5-40ad-43cd-b94e-c127840356bd,2026-07-17T18:30:00,2026-07-17T22:50:08.320903,messaging,account,high
60b183c4-4fe7-4c91-a206-ab4a8605114d,b1399109-f866-45a7-b060-dba1dd611998,2026-07-21T17:58:00,2026-07-21T22:05:44.203408,analytics,configuration,high
f1997753-1a10-49fe-a72c-a8c2e6d6b23f,2bd4512b-82b8-4854-b8b2-e55141debbfc,2026-08-02T03:52:00,2026-08-02T14:03:48.320903,analytics,account,medium
d319cb7c-43cd-426b-9abb-4c680ababbbc,ceb88995-2ecc-4851-8ac3-e8959b4a280b,2026-07-08T01:15:00,2026-07-08T14:30:56.220487,messaging,bug,low
81fef8ce-df12-4063-b68f-9afba7896a15,57cf9231-fe61-4b96-a17f-cdd5660d5e6a,2026-07-30T15:41:00,2026-07-31T12:14:14.279364,identity,performance,low
3ed5354e-092f-4a03-b568-c5ed61a137bb,780d27e9-a996-4342-8ad7-98c4dd6c3411,2026-07-26T18:24:00,2026-07-27T03:15:20.642106,payments,bug,high
7973cfa8-f342-40e9-bc5d-88de06e9492d,90e55bc7-9cc1-4a4a-bf78-8564779a08de,2026-08-02T19:03:00,2026-08-03T02:48:55.728995,identity,performance,high
eeccccc2-299c-4de3-9de0-d42a1c516649,ecd964de-be8f-4560-9d45-6079b6eaa7e9,2026-07-27T18:23:00,2026-07-27T22:44:24.784618,analytics,billing,high
51f42619-4b5d-4419-9e7c-6f1f1dd2cdf6,0befddb1-522a-46c3-855f-a2ff1284fa32,2026-07-14T15:49:00,2026-07-15T07:30:47.078033,analytics,bug,medium
b4170356-5956-42f2-a9ed-36c828c0db13,738bc00f-cf70-413a-9d48-c8b030328bc4,2026-08-16T11:51:00,2026-08-16T15:50:31.849110,identity,billing,critical
6c2c0da8-1cd0-4bbd-8718-1c4e31d72fca,f1121fe6-9f5e-4491-b40c-f8fa659bb1cd,2026-07-03T23:12:00,2026-07-05T01:23:35.621826,payments,performance,low
91dc18ab-87af-4787-b5b7-4bf76de44d92,14c7fce7-eed6-4224-a6b1-6babb6664f08,2026-07-21T10:36:00,2026-07-22T10:51:24.161173,messaging,account,low
2f3645b3-f32e-4145-90e6-6523b71b8b98,e0464b97-e7a5-40b9-ac66-457b4ba1423d,2026-08-18T00:54:00,2026-08-18T04:22:39.335798,analytics,account,critical
ad3c4c36-27b6-49f5-967a-3b2c9b4ef333,a0fbb1d1-b194-4cf2-9fe1-b74a6301a421,2026-08-17T08:41:00,2026-08-17T14:14:36.679538,messaging,configuration,high
9cdecd32-748e-4637-9150-628024d587a2,b2b2f6f5-af21-471c-89f8-617e550883f4,2026-08-22T08:38:00,2026-08-22T14:34:40.512271,identity,billing,high
a540d8ec-114b-4bb8-8fce-739550c8543b,bf261f5c-c022-4604-b839-8921a3c740bf,2026-08-02T22:43:00,2026-08-03T16:41:26.080402,payments,performance,high
a243e3fa-c4e4-4ebe-83ea-ace2177da70a,b3363d39-f235-4b61-944a-28171acc5060,2026-07-11T12:07:00,2026-07-11T14:42:08.316526,payments,performance,critical
f843b725-373c-4d04-acfc-d32c3f6ae6fc,1e7b8517-b18f-4cbc-99c7-58a2a7d614ba,2026-08-02T00:55:00,2026-08-02T04:13:56.360703,analytics,configuration,critical
b5f9f4f8-1b31-4b02-9551-cb5d9ea7215e,3d370b51-ec56-4146-935c-a2eed7be4af4,2026-08-10T20:47:00,2026-08-11T13:53:30.972156,messaging,billing,medium
0e8d3a57-ec65-4a82-a79b-b58fd31eb204,4e380bcc-b98f-4bad-94da-4c5cc5d7c625,2026-07-23T07:05:00,2026-07-23T20:20:59.572697,messaging,account,medium
96cac9b0-6bc1-4419-b844-6115df6de257,fb02f2e1-86ee-42d4-9f35-b83878b9bde2,2026-07-27T02:42:00,2026-07-27T13:10:01.586034,identity,configuration,low
e37852e1-8a76-4971-b01b-2bc8db8b865e,f84e3298-088c-433b-8e01-f89be53e58cd,2026-08-08T07:44:00,2026-08-08T13:50:58.322654,payments,account,critical
a67dc4d2-84e4-4f61-a847-fde650cd7e71,d40d38b7-57d6-4fe0-a068-bbc1e7f2f999,2026-07-19T00:45:00,2026-07-19T12:45:06.757133,payments,performance,low
727f598b-56c0-4902-99c1-5c0fa56e30ef,6d925be5-6576-4b0b-9e1c-2f487befbf84,2026-08-08T02:30:00,2026-08-08T06:13:42.823118,identity,account,critical
3d6b9f88-e4ce-4b8b-a891-98b99aa2cd22,2ca1f0d3-fa69-4958-8689-ae9460086939,2026-07-12T12:07:00,2026-07-13T09:32:15.017411,analytics,performance,low
25dd7702-4a56-4a57-a9f6-9d6c0eba629b,f41fb73a-9651-4b84-a240-e4c5b0a8c6cc,2026-07-07T15:30:00,2026-07-07T19:42:46.012241,payments,account,critical
82918a18-ad56-41b6-8e15-057c7728254d,792b3e5c-04ff-4271-923e-71b462ebfe5e,2026-08-02T06:07:00,2026-08-03T08:17:43.837858,payments,performance,medium
49ef011f-6d46-41bf-bdc7-f0e1d3c7d8a2,6986745f-d1df-44d5-8b24-dd09cf898582,2026-07-11T20:01:00,2026-07-12T22:54:39.889918,identity,configuration,low
1fd3fbf9-9c52-4509-bed8-ec352205f5f6,7705acb7-ba54-4515-8254-0ba9dea38c37,2026-07-05T02:49:00,2026-07-05T07:02:55.281628,analytics,configuration,critical
a50d4566-2b0c-4c4b-9e0d-71fc8c90d880,42eb725a-6780-4c53-bb19-141c58269695,2026-08-27T10:04:00,2026-08-27T20:07:40.609863,messaging,performance,high
859d06f7-f575-4c93-9c67-9f2dc3f9c1a9,ce1ccfda-38d5-46b8-a7a6-dac45c6a3ea7,2026-07-13T06:03:00,2026-07-13T17:47:26.214630,payments,account,low
06ddd882-b5bf-4a1d-8fdf-4d283ad53a61,a1058a44-496f-40aa-abab-5e0d0ffa70fc,2026-07-01T17:00:00,2026-07-01T19:27:40.718259,identity,performance,critical
1c582ca8-24d4-415f-a037-2b856f424c31,ede70e21-2428-4842-9fb8-6a462a28ab08,2026-07-17T02:03:00,2026-07-17T11:37:05.456616,identity,bug,medium
287d1942-b9bd-4192-875b-2a0c960ea7bd,436b586b-8a9d-40e7-bc76-5b17f07200d3,2026-08-01T01:10:00,2026-08-01T03:31:20.777763,analytics,account,critical
718149af-40bd-4b93-9236-4124a7bea70d,efea26b7-8296-45ae-a48f-2af5cd21995f,2026-08-04T23:00:00,2026-08-05T05:30:11.567342,identity,billing,medium
be02a458-27c6-4c6d-8bc0-4406b3e6882f,03215be4-c4ed-404e-994c-ebf056d08149,2026-07-20T04:14:00,2026-07-20T12:50:03.969300,messaging,account,high
8972d0b0-b947-4773-8723-7ca745f478d4,4493206b-c696-40e2-9dec-d44e98eef53a,2026-08-26T00:31:00,2026-08-26T06:47:41.979553,identity,bug,high
101ec6d5-f65a-4d10-84d0-d7285de73c2b,b07a5db3-dc84-4461-bcd8-38e02eed0cc3,2026-07-11T18:58:00,2026-07-11T21:47:00.300840,identity,configuration,critical
84b98a75-f338-4fae-99b9-386a1ffecd75,305704b7-6216-4b62-80e8-cf9f90eb4d98,2026-07-16T09:53:00,2026-07-17T11:31:28.627246,identity,configuration,low
9177a96b-9287-4d35-88be-c01d2b746bf4,bcd07c1b-6dc9-4f5e-b911-e5328f044ee1,2026-08-30T15:50:00,2026-08-31T04:33:23.433661,identity,billing,low
aec72268-41e0-4d95-ae28-677ee471eacd,9c8c90b9-e467-4515-b6a5-2e88b07613a6,2026-08-16T07:16:00,2026-08-18T06:33:57.685845,payments,bug,low
5d10ea0a-f367-4fa1-9570-e61da4aa5fe6,76adabe1-9827-4b2d-8df5-15552ef7d24d,2026-08-19T03:16:00,2026-08-19T10:27:43.887376,payments,bug,critical
134a4f1a-7e36-4660-aa64-3fe83319fc2d,d70a2eb3-1149-4274-bdb0-cd87e6c855d5,2026-07-03T08:18:00,2026-07-03T19:50:04.011601,identity,billing,high
8eadf311-7a68-4837-a158-68e4208f1784,cd019542-b434-4139-a849-2b3f69b80e96,2026-08-21T23:43:00,2026-08-22T15:41:20.833622,messaging,performance,medium
e4c65739-f4dd-4420-8e7d-901e79e51eae,535aa0d8-5c62-4ffc-bc92-a4dda8fb6aff,2026-07-27T20:18:00,2026-07-28T00:27:59.901374,analytics,bug,critical
4fbcc9d7-7bae-442f-ac6a-4a85991f31dd,66ffed45-978d-4943-904e-0ada4358c1e6,2026-08-14T21:31:00,2026-08-15T15:26:00.937218,identity,bug,medium
3f9843af-3451-4387-9b94-676c0c797b60,1d81ac4d-9762-4667-92dd-f8b191a21f8f,2026-08-30T20:49:00,2026-08-31T19:12:49.184289,analytics,configuration,low
c848662e-7419-44cb-b3e1-078939e4a857,4c72fc85-c61b-4763-963b-6a6a341d2480,2026-07-21T05:55:00,2026-07-21T18:00:04.999459,analytics,configuration,medium
28fe697c-30f3-489d-a1df-83ec692119fc,79849ee1-8513-4028-bb6a-20d4abfcf0b1,2026-07-26T03:10:00,2026-07-27T00:53:21.275138,messaging,account,low
abf7fd20-e4b3-48d4-af06-0f79563d42f5,31c1293c-bfc8-425c-a864-0f8523bcbec3,2026-07-29T15:42:00,2026-07-30T17:28:57.446441,analytics,performance,low
2f6d17ce-0495-4397-aadb-a79e1a5c2b7c,158dd530-98aa-4175-af08-f24c3fcfbc52,2026-08-17T10:47:00,2026-08-18T12:52:07.028910,identity,billing,low
2bfd6c30-24a3-44b4-9063-39fcf445b8dd,0682c8a9-1612-4c7c-b8f9-d8177d59f96b,2026-08-27T02:19:00,2026-08-27T15:21:10.033721,analytics,billing,medium
b8b3719b-2905-4d36-b71b-00cec8576be0,6264d727-70d1-4609-b558-7a65a2e7febe,2026-07-21T01:03:00,2026-07-21T03:00:15.477549,payments,configuration,critical
03d2142c-5168-4092-931f-d5dde15d3e51,f9e8e041-1ccf-45dc-b9fd-c67453089d98,2026-07-18T00:44:00,2026-07-18T09:06:58.352226,messaging,configuration,medium
6571b2a5-6856-44e3-ac14-3b6bf7990f49,fe4586a2-3321-45f9-a24c-8844039e3a68,2026-07-09T01:47:00,2026-07-09T03:29:06.421688,payments,bug,critical
b29eba5f-ac3e-4a0b-92a8-1d5b5124e1c4,224f13f9-494c-4850-8949-e2ca3ba2e175,2026-08-20T18:23:00,2026-08-22T00:07:54.106401,payments,billing,low
f60b626c-4374-4a38-b6b0-5cdcc2bce02d,145ac87d-8f7e-41cc-8b1c-2fedb2f934ee,2026-07-24T22:41:00,2026-07-25T12:20:09.271887,messaging,account,medium
1b88b482-a265-4c69-a1ed-bcf1a4face6f,a62ca1f1-ecd6-4ab0-9276-6a5c3ffe9044,2026-08-14T01:49:00,2026-08-15T07:31:03.038318,payments,configuration,medium
8ded5de7-7edd-44de-b998-9dba74ce679a,a8368d42-347a-484a-af23-c18e0e3f32b6,2026-08-30T19:12:00,2026-08-30T22:29:36.694760,messaging,performance,critical
0613f4e7-72de-43a0-bdb9-55e600e7ec24,311b47ff-b3f4-4044-a5d1-6a886e63c791,2026-08-19T11:06:00,2026-08-20T00:02:26.698241,messaging,configuration,low
73dd69ee-29eb-4a58-b00d-5db81e1ac3af,0aff3344-e7be-4fed-b055-73e08c7d570c,2026-07-27T03:33:00,2026-07-27T09:31:45.012230,messaging,performance,high
ad58abcc-1fb3-4f86-a83e-1c12dce19250,0b64d85b-f109-444c-a1a3-0767ac376858,2026-08-08T16:07:00,2026-08-08T20:29:08.207694,analytics,billing,critical
8afe1ded-1ed6-4edf-8917-dbe412412d9a,fe9752d3-cd9a-4d4c-b745-ab59fe64b9e8,2026-08-30T03:07:00,2026-08-30T06:43:52.043051,analytics,configuration,critical
df1b7dd1-cc5f-4c9f-bdba-0889b3f90c98,694c61f1-f0f8-4f7e-8c02-7fd00fcd3836,2026-08-14T00:44:00,2026-08-14T04:17:41.996857,messaging,account,critical
eb04314d-14b2-47f0-a19b-7e3c2d34b813,665c1273-0194-49ec-a831-ee3e44c6af9a,2026-07-03T15:16:00,2026-07-04T07:56:39.818489,identity,configuration,medium
d4ac9b69-288c-4d13-9b25-26d94f438462,956d07c7-985f-4169-a5b4-c018c1db589b,2026-08-07T05:29:00,2026-08-07T11:34:34.231283,analytics,account,high
6323cb5f-3787-47e4-8293-de49d45d5e1b,80794ba4-ba06-46bc-becb-9fce7b58988c,2026-07-29T21:50:00,2026-07-30T00:36:32.152231,messaging,performance,critical
c53b4b33-b73f-4641-bd3c-b2d2529519f5,bac892f9-c548-4480-86ba-206b36f51290,2026-07-24T17:30:00,2026-07-24T21:11:04.417952,analytics,configuration,critical
0a8d1efe-7a29-49c3-874f-5245310430c5,9e2f819f-f7d8-4e0d-a55b-2b234d7556b7,2026-07-31T22:23:00,2026-08-01T01:06:45.964665,analytics,configuration,critical
05c826f0-bca0-4ad0-a0d4-b07dbf172517,e7c97357-9065-4584-a531-4b4feefb05e7,2026-08-22T02:39:00,2026-08-23T06:17:17.963710,payments,account,medium
f0a8a4b3-d753-40be-ab87-2fe91ffe20ac,221f86c1-0641-43bd-9314-d6f88ad69bae,2026-07-11T00:59:00,2026-07-12T03:05:18.050897,identity,billing,low
06f84020-1cbc-4e86-80b0-3431e2065927,78627353-9049-452d-8dc8-71edf81ba373,2026-07-02T22:07:00,2026-07-03T09:24:52.182659,messaging,bug,high
4b9cebb7-55be-4136-951e-8318bb05fdfe,b7687475-232d-4756-bc47-295e40a5c09b,2026-08-20T07:48:00,2026-08-20T18:08:42.622870,analytics,bug,medium
06114523-50f9-48df-8896-f18c7e710990,55fc07d1-3e83-486a-943b-3c944cc7cdc6,2026-07-19T01:29:00,2026-07-19T05:33:45.006626,payments,account,critical
5f444284-9f2e-43ae-b0eb-0d49c755c67b,fc04c6cc-bdfd-4d5b-982c-befcf84969f6,2026-07-21T20:59:00,2026-07-22T03:38:07.260850,identity,billing,high
353b7a99-034c-4b66-8ba5-a9e4f7552059,6fb5b499-ddc1-4214-8685-b92c92f12c7f,2026-07-20T15:01:00,2026-07-21T15:14:07.231145,payments,bug,low
1b45b79a-4310-4fa6-aad0-f23d8981d7bb,0d3b16bd-7c25-4063-bf15-cdaee7d24fb0,2026-08-17T22:16:00,2026-08-18T02:08:26.509385,analytics,account,critical
8625102c-248b-49ef-9765-6356a3a436b2,afe10209-6723-4ed4-a33a-2af723f424bb,2026-07-04T20:22:00,2026-07-05T00:33:38.237635,payments,configuration,high
7239bd90-2fe5-4198-9331-4b32f59e04c0,e4de5a4d-a846-411f-89b9-89d75a66f823,2026-08-27T11:39:00,2026-08-28T05:38:55.613928,payments,bug,high
e8df9e42-cb2c-4e59-8cbf-dab94b38e9dd,ad8d736f-0dc4-46b0-98f8-254635e6b480,2026-08-04T09:26:00,2026-08-04T20:19:45.130409,messaging,billing,high
aef1f26d-fe9a-43e5-a4ed-d79110085758,f2b9785b-c891-45cf-ac25-9363526cfa94,2026-07-07T23:10:00,2026-07-08T00:43:37.665125,analytics,account,critical
d80c5a7c-ada5-4def-9d3d-0f72ce6cd099,d8c468f8-d5d9-48e8-93d0-1ceaf4c86775,2026-08-19T07:21:00,2026-08-19T11:05:56.882519,payments,bug,critical
48f4b6e3-ee16-497a-9f06-f3ce19fd7be6,e0328d94-1177-421e-a4d8-d81d905a97fa,2026-08-25T03:09:00,2026-08-25T06:11:13.440817,identity,configuration,critical
1f884a61-7031-4795-a3f6-c6c60c764a05,89e0c3e0-208b-4ccb-9a45-b0557a6ed412,2026-07-03T03:11:00,2026-07-03T05:17:28.800286,identity,configuration,critical
8321d851-957b-43bc-9c7c-112b6ef7e9f7,be2d93da-25e8-4709-a460-87b9282f0c87,2026-07-25T01:18:00,2026-07-25T08:44:10.595618,messaging,performance,high
33689cca-fc6b-4a40-ad44-572f46e0b843,8e983205-aac1-468c-8258-ffb2e4b5c62d,2026-07-21T05:31:00,2026-07-21T13:23:00.466150,messaging,account,high
e1516c6a-a170-4c87-84aa-e5f47f46234e,ee198ffe-1f3f-48cd-9ea1-cf1750b9ff84,2026-08-18T12:48:00,2026-08-20T13:10:41.477400,payments,performance,low
a9a9ed81-7194-435e-96f0-6df8874a8f82,304b05ff-b118-4921-90b4-b9d3f2b16f11,2026-08-05T19:55:00,2026-08-06T13:03:27.118876,identity,account,low
8ce29e09-2c20-45bb-9ed7-29a1910eb4db,5da00ce4-42d3-494d-acf0-df1ef962ef58,2026-08-22T14:23:00,2026-08-23T01:44:54.084375,analytics,performance,medium
51e981b9-5515-4ec0-b2fd-8e88eac0b5ca,13fbb06e-1256-4914-a542-10c23c340031,2026-08-13T09:35:00,2026-08-13T14:44:00.612275,analytics,configuration,high
59647f51-aa76-427f-81a2-3e0e5ec6124b,b4fea712-ebb5-41b0-8495-7395d4e5608e,2026-08-27T08:04:00,2026-08-27T16:33:31.854572,analytics,bug,medium
f90ede08-8e2f-4347-a6da-c9c624e3d8f2,55078e5a-38c9-4d1d-8e5e-4a746de05790,2026-08-14T14:00:00,2026-08-15T09:30:32.448864,payments,bug,medium
d9288c76-8f19-49a0-84a7-0b3d2c259e70,c7324fb2-2f0e-471d-9066-ebaf49e852d9,2026-08-13T02:24:00,2026-08-13T06:27:39.343624,payments,bug,critical
eb51b187-c899-4dd7-a792-f610c512db11,6ff3a7dc-bcac-4125-9096-e7104b5b5ad0,2026-07-29T08:23:00,2026-07-29T23:10:09.505216,identity,billing,low
325c2c1b-a830-4b32-9792-95fdef77e2fa,684bd54e-3ab0-4181-8772-3fd4a7ad31b0,2026-08-21T10:56:00,2026-08-21T20:27:23.443353,messaging,bug,high
b7bdb07b-ae48-46f4-b64b-772a92534589,7e061e50-56f0-4222-a2ae-7018d7ddb6be,2026-08-21T04:36:00,2026-08-21T07:02:20.574700,messaging,account,critical
9a1f3a40-12f3-4b2e-b535-fc02930b5751,8f7ea321-6043-4533-ae7c-2e4e3d46bacc,2026-08-29T08:20:00,2026-08-29T14:51:40.397262,payments,configuration,critical
31be7533-fcda-48b8-8d48-16832e8d9470,61d0f50c-be92-4689-b886-74734c4629ea,2026-08-16T19:47:00,2026-08-16T23:22:51.960090,analytics,bug,critical
2f8e1f80-615f-4700-b7f9-e0c80a2007e6,b7853339-859c-43f3-bda3-cbd3c1e3ecd2,2026-08-04T04:41:00,2026-08-05T02:42:50.458071,payments,bug,medium
8d164972-4c93-4bab-9c4d-3b32ba742d16,aa548ca6-eb3c-45f1-9aa5-bbba35168239,2026-07-12T01:22:00,2026-07-12T05:28:33.291072,payments,billing,critical
a01d349d-bd67-4646-92e1-37d0ef5e64df,c836a549-3c91-4994-9ce9-2a71f697cf6a,2026-07-11T08:18:00,2026-07-11T10:18:43.798539,analytics,performance,critical
d3ccf97e-8759-416d-b87b-ea4cc0fae6a2,6c41fa79-dfd1-41e0-92e3-7a1df7d3b0a9,2026-08-17T17:58:00,2026-08-17T20:39:53.581110,messaging,billing,critical
6fd5844b-0bec-4640-9ef1-5f52abc7c319,29bd39aa-a982-4288-ba93-3e72ade6836e,2026-07-28T00:15:00,2026-07-28T10:00:34.358222,analytics,performance,high
55e53ae7-0faf-439a-92fe-49de2b76cb22,4ac6ee34-87b0-44e5-a662-2ceb65960b1b,2026-07-25T16:14:00,2026-07-26T00:44:37.739035,identity,account,high
ce65873d-117e-4411-aede-7c556c71256c,abbdad61-d8b9-47e3-997d-27d3d43393d1,2026-07-16T02:30:00,2026-07-16T18:08:01.553061,payments,configuration,medium
80030430-97a6-400c-8773-5a50033686bd,dcad4eb6-08c5-4881-8708-3af4baf8f0c5,2026-08-03T19:00:00,2026-08-03T21:07:54.665026,identity,performance,critical
6a097a8d-36c0-4c06-97ee-9c50c8a22c0f,a4ec61bf-6516-4161-9974-84578a265761,2026-07-31T01:16:00,2026-07-31T02:47:46.068813,payments,billing,critical
c80f768e-d723-46e6-b1b2-fa65ea03c669,8f137678-06e4-4924-a07d-da35eeb795e4,2026-08-07T21:25:00,2026-08-08T00:28:43.413376,payments,billing,critical
2341c45d-e1d4-4a2d-b1e8-88edb497c5d4,e602e114-7c39-4641-9b10-9038a2014cf6,2026-07-01T12:14:00,2026-07-02T02:33:42.751424,identity,billing,medium
4f286c68-d888-4e4c-b58d-bd2fef08ec8f,82ec362c-07b0-4fed-b1ae-5124faf56530,2026-08-18T22:41:00,2026-08-19T08:46:59.784738,messaging,configuration,low
9983d5a1-7478-4c9a-ae14-8ca487d958fa,85e250d7-5cbd-4925-9278-2148e5254444,2026-08-12T15:52:00,2026-08-13T08:13:48.048493,payments,bug,high
a493588d-0daa-4512-8cbc-8c144a23dc59,3f8f8df6-aa56-44db-a69b-c961be10757c,2026-07-21T13:46:00,2026-07-21T23:03:41.882564,identity,bug,medium
8e15b659-53a8-4902-857d-be70dd641504,f41aba5c-611c-485c-850a-509cd1602401,2026-08-08T18:58:00,2026-08-08T23:16:10.525534,identity,configuration,critical
fa182386-8d96-475a-987f-4d40d8c560c1,1b40ecce-2f84-44dc-8730-a3c7a304ea08,2026-08-21T01:46:00,2026-08-21T14:47:27.435759,payments,bug,medium
1b83bf29-74e4-4429-aeef-883cfcb14e7f,20980f6a-3c5a-476c-87c8-cb718754177e,2026-07-20T16:49:00,2026-07-21T01:19:33.401249,identity,billing,high
b5d34880-ec3a-4804-9088-f06ca1379475,ffc43689-db29-4abc-a815-96ab1ef474d7,2026-07-12T12:47:00,2026-07-13T00:30:59.775998,messaging,configuration,high
56686748-c3ab-4cbf-83aa-4d6bac09b285,36bc26d2-90e7-4089-9fb8-bddd82c6f62b,2026-08-26T01:25:00,2026-08-26T07:26:55.377941,messaging,billing,medium
94594bfc-8163-4622-87da-04036e3923e2,628aaa60-47a2-42ab-a949-ff2024e66f29,2026-07-22T02:26:00,2026-07-22T10:09:11.999941,payments,bug,medium
8388e2b8-ac82-4278-ac2c-699c9a4d0e11,88fc499a-16b4-4bdc-9957-6d842b463a43,2026-08-13T06:40:00,2026-08-14T07:47:37.776568,analytics,configuration,low
b17f41e1-7825-4a55-be30-032d5dff65ff,8694a6e2-7d36-49de-a8db-a36e49d58562,2026-07-05T18:00:00,2026-07-05T20:46:34.381973,payments,account,critical
a2c6f572-bd21-4803-93ec-d6ab8586818e,e2e21368-e593-4fdb-878d-ba1065e78016,2026-08-12T22:25:00,2026-08-13T11:45:02.083417,identity,configuration,low
65899650-530e-4f3f-b5fc-cf79942355c4,0c45bce7-e1fb-4edb-aca0-79cb26161dba,2026-08-05T19:03:00,2026-08-05T21:36:53.909626,messaging,performance,critical
3e60b22a-5e44-479f-8ceb-5324d39c97ca,c9193fee-c40f-437c-949a-2b605bb1c4f6,2026-08-17T12:17:00,2026-08-18T13:10:56.907459,identity,account,low
cc7dfaa6-5b7c-48a8-8109-a6b89e0ff92a,7327a5e7-2426-4288-a748-1dc05794499c,2026-07-20T11:16:00,2026-07-21T03:20:42.647679,payments,configuration,medium
da557041-f410-4f4d-ba97-024c35cb7a7f,ee410857-f127-43db-9a51-6a791f2571ad,2026-08-21T00:24:00,2026-08-21T09:52:58.586452,messaging,performance,high
7b11ab3b-e714-41e5-b5f8-14aaf88e7e22,98234a91-6034-43da-98b7-2868fbd68934,2026-08-20T18:45:00,2026-08-21T01:03:12.767958,messaging,configuration,medium
fbc751e9-764e-4e3e-977d-9fd8107797eb,e643c4db-1192-4de8-8023-f6f16fb5d9d2,2026-08-03T06:51:00,2026-08-03T08:59:28.823576,messaging,configuration,critical
2a6de745-d2fe-4412-a748-e31995f2fbae,a8f06571-2190-45f6-8932-2393caa09db8,2026-08-20T22:53:00,2026-08-21T08:39:39.650305,payments,performance,high
23d45769-1f55-4055-a0e6-5f8f3e207ee7,d872de40-ef6c-42e3-bb56-8d1bdb1e1dd1,2026-07-01T23:18:00,2026-07-02T07:30:28.874730,payments,performance,high
b43ca20c-af6f-407b-a0cc-c8b0bed9ca1c,333c6f6e-3bbb-4ee3-87f9-0c1fdb6ca4a3,2026-07-01T12:15:00,2026-07-02T13:38:55.440981,identity,configuration,low
71639ea8-c8ab-4a18-8933-bd659a8e4ee2,08964607-80ff-44c7-ac59-c558aa6ace14,2026-07-24T02:20:00,2026-07-24T06:36:05.611907,analytics,account,high
a0c4d74b-3572-4f06-bb54-d4a8f6c0f7cd,a958a926-e8b9-4222-9219-2866b0132787,2026-07-26T00:38:00,2026-07-27T03:33:23.812576,messaging,performance,low
c49d8e2d-2a09-48e0-bed5-5bf1b37349bd,5c728836-d7e8-4573-ac35-0d9f8dcd96c8,2026-07-24T00:46:00,2026-07-25T01:18:14.408844,identity,bug,low
2a2837fb-de3c-4eea-b273-b184dcca38d6,b6b0c03c-62cb-4ff0-911a-37ee740db3d9,2026-08-12T20:29:00,2026-08-13T08:09:52.971581,messaging,performance,medium
d17a8487-e2f8-46ba-a1e0-58ba501c7d3c,35e1c267-d685-4597-a558-7e191d3fac0f,2026-08-28T22:35:00,2026-08-29T02:48:50.504740,analytics,bug,high
377e81ad-98a9-48b0-bb60-56a40b4fe094,7405d181-103b-4df3-aa38-1f6b6f6e9b21,2026-07-14T22:39:00,2026-07-15T15:12:08.303385,payments,billing,low
eee55cfb-b0e4-4f44-a7ba-ad42acac2d5e,ead61369-e478-49fe-b3e7-19eb96f63250,2026-07-11T20:53:00,2026-07-12T11:32:22.528586,analytics,performance,low
0073f7b6-bb2a-4907-bf83-edb1942a423e,db6abe17-9943-4a28-a249-6ec34288e864,2026-08-19T12:34:00,2026-08-20T03:33:16.691204,identity,billing,low
5bc689f4-9968-4ac9-8011-334fef1a62e5,7b7e5356-e070-41d1-ac6c-a948694a2f6f,2026-07-29T19:21:00,2026-07-30T03:28:50.604947,payments,account,high
1df88a43-f4ad-4db6-a2b1-95509314d033,b4e6b074-a72d-417f-a48d-f9d275a5b6fb,2026-08-30T11:36:00,2026-08-30T21:46:09.077565,messaging,performance,low
0336e7f9-1b81-4372-b946-30350645d586,845abbc4-2142-48e7-be95-359560d99755,2026-08-15T15:35:00,2026-08-16T13:22:30.341215,payments,configuration,low
ab94c272-432d-445f-a102-82592bafef79,8af1d59d-27eb-4b0e-97e1-cb4173d6b6a7,2026-07-05T01:13:00,2026-07-05T15:28:52.561696,identity,account,medium
aa7e872f-1231-49d6-9bbf-4c8299a877aa,e391cf80-36b2-4542-b48f-79cd51a3d4d8,2026-08-07T06:01:00,2026-08-07T17:09:31.881139,payments,bug,high
1a314075-6e72-4546-8ebf-ca70538c0642,8cea469d-bc6d-46a2-a25b-82f731bb59c7,2026-08-01T22:04:00,2026-08-02T01:16:16.271270,analytics,configuration,critical
88137ad8-8791-4e54-acce-0735585b9880,db92a37a-8c2e-4f7e-8f43-e08cad01a975,2026-07-08T20:04:00,2026-07-09T21:35:27.118783,messaging,bug,low
a7c13eda-3d28-4a5d-92ab-d4681c732db4,dd4afac6-36ba-4ac7-91ca-99a697084332,2026-07-17T14:40:00,2026-07-17T23:23:45.077668,analytics,billing,high
3bb6b43b-be70-4478-9717-80425c8c9b36,c8808ede-1daf-4563-977b-cbcb2844abc8,2026-07-02T19:55:00,2026-07-03T09:34:19.250678,payments,bug,medium
80814fbd-4f30-4a10-be1f-7fc3ce942de1,c67a0b96-494d-4bec-be59-496d04bd49f5,2026-08-11T21:38:00,2026-08-12T08:19:54.479688,analytics,billing,high
108d835f-e7aa-415e-89c8-2c9bb764f084,aa31a114-7a9e-443e-9c94-fc0d580cf60e,2026-08-28T11:09:00,2026-08-28T19:07:04.902180,payments,billing,high
5a9d53be-b267-4e7d-8b2c-99aa2c14a492,eb64ca45-b693-4ab0-bb74-e65167b106f1,2026-07-27T03:07:00,2026-07-27T15:53:49.726161,payments,configuration,medium
1a42bff7-ded7-4d46-aea3-c33e1c73ed00,02740cfc-6a19-4417-867f-017f2de84ce6,2026-08-07T16:21:00,2026-08-08T12:16:24.195133,payments,billing,high
99a9ee76-102c-42c4-8f4d-1675f431ef33,7a3bbbd2-6876-4fb6-96f0-a1b4bb61edc7,2026-07-17T02:54:00,2026-07-17T05:11:37.087548,identity,configuration,critical
0c99ef7b-dc43-40cc-b86e-112416e61842,c99ef9be-6470-4335-9943-f07497746777,2026-08-14T14:10:00,2026-08-14T20:57:27.144865,identity,account,high
8b3f7181-fce3-4756-b09d-6e1b189cf0d5,ac4660aa-d653-406c-9314-b894071a1e9b,2026-08-28T10:05:00,2026-08-29T12:10:38.300291,messaging,billing,low
ec8b183a-2458-444d-8fcd-e1e97ac86d17,6471fcff-614b-460f-952f-179891388ddc,2026-08-23T06:26:00,2026-08-24T00:21:30.243492,messaging,billing,medium
5d372d37-fe2d-440a-a22d-6b2d6d672ba3,22ed71db-a503-4e58-ad5e-2c49fac647f6,2026-08-09T11:46:00,2026-08-09T21:52:22.226382,identity,configuration,medium
0afa875b-9866-4263-b901-98356bf40f4e,8189cce3-7af6-45e8-aac2-8b587e0f230f,2026-08-15T20:29:00,2026-08-16T05:34:54.838298,identity,bug,medium
cfdf2fd0-8287-4f59-819e-36d6dfe197fb,2d2368e2-feef-4b65-b68f-8a9003c3c7df,2026-08-12T13:40:00,2026-08-13T07:58:23.532292,identity,bug,low
b83c6836-0bec-4d3f-8211-051646c4f62b,9b17c74b-eb0d-4333-a367-46ca6ce844aa,2026-08-27T10:41:00,2026-08-28T07:34:33.116774,payments,performance,medium
5a8034db-9cd0-4a94-a4e5-8b662f836691,4f731c82-0afe-4541-a4d2-29c58e8268d4,2026-07-30T09:35:00,2026-07-30T13:03:29.691921,identity,account,critical
1648153c-f1e9-4ba4-b5f7-09943661a344,a8725c37-188a-4ea6-9a71-e9d1c20de9a6,2026-07-04T01:56:00,2026-07-04T12:53:16.678126,identity,bug,high
1db806c6-a28c-475c-a16f-c7106554f86b,481b9c5f-e096-4508-af9f-c86d926b5a71,2026-07-01T17:15:00,2026-07-01T19:45:14.894763,payments,performance,critical
5a019a65-55b9-48c2-a382-df92fe3c21db,2cbd9104-74de-4e1b-9bde-f7a5baaaf5a4,2026-08-28T23:19:00,2026-08-29T05:46:00.738136,analytics,billing,high
2294c21f-1b2a-4a8d-909b-9eb095e964c5,86aec018-0dbb-4460-a396-bd6ef050f443,2026-08-12T11:49:00,2026-08-12T18:53:11.262692,payments,bug,critical
ea2b8604-7f75-40c0-9a22-aa305eb02169,8425fb8e-2fd4-4924-9f29-e35822572460,2026-08-11T13:07:00,2026-08-11T17:07:08.241241,messaging,performance,critical
ea278579-36c4-41ef-841c-e7494ca76366,04821150-f628-425f-b1a2-8939afd7d9ce,2026-07-23T23:45:00,2026-07-24T07:36:37.658661,identity,account,high
b9d3a9a8-f4e8-4c71-b50e-1aa6327fa32e,c042d327-c170-4dc4-a312-6cca841b9c11,2026-08-06T12:19:00,2026-08-07T03:28:29.073215,identity,bug,medium
080ef1ec-b539-4246-bd18-315a6923e997,bcda8f2e-f0ad-4bae-ac36-ae32c839593a,2026-08-16T03:28:00,2026-08-16T07:17:19.982438,analytics,performance,critical
53ee43aa-107f-4867-8e9a-4652c7959acc,e8931864-f7b5-427b-8e47-e9d5a32a8722,2026-08-22T13:32:00,2026-08-23T01:29:08.882608,messaging,account,low
9a864987-27b2-4d1d-8a98-4572956bafc9,739f4894-a727-44fb-859e-e620574fbfc7,2026-07-16T03:28:00,2026-07-16T20:53:04.535678,identity,account,medium
016c1415-090b-4cdf-ac9e-4535932f86bb,12362e3d-0c73-4c58-bda8-95b617396d97,2026-08-21T16:47:00,2026-08-22T11:20:19.438747,payments,billing,high
2f3e64fd-d753-4946-a31e-dd22a3922c07,992f7c4e-27aa-41be-88a3-d64e8f2eb3df,2026-07-05T21:31:00,2026-07-06T13:08:04.351756,analytics,configuration,medium
e720eb76-9845-4323-be91-9f7fdfde8649,5a797263-182b-41e4-9e8b-23002028090f,2026-08-11T18:04:00,2026-08-11T19:34:09.106662,messaging,billing,critical
9ed56209-d5b4-4053-8d58-1a67517f0967,f96ce1ce-dc2e-4a8f-9560-f732209720c0,2026-07-14T10:11:00,2026-07-14T16:38:36.770485,payments,billing,high
8759219f-98b2-4bca-9f94-004db5433e3e,e6467ed8-e98d-422e-ab3b-491f9983d61e,2026-07-17T19:15:00,2026-07-17T21:01:13.802461,payments,billing,critical
cff8fc3f-97cc-40ca-8c08-c3e35795ead7,0fe9e026-3f42-4518-9aff-55cfbe6125a7,2026-07-23T06:37:00,2026-07-23T10:39:22.409737,payments,account,high
1afbed13-0970-4e70-be99-4aeade41cc5e,0150ae4a-4ce8-494a-a292-73fdbcaa778f,2026-07-15T12:03:00,2026-07-15T15:11:58.153966,identity,bug,critical
c2535746-91e4-4d26-8bfb-0a22e2bcba48,b9741124-c8dc-468c-84aa-c2e2b5d3fa20,2026-08-05T20:48:00,2026-08-06T03:59:21.385527,payments,performance,critical
b4cfc43c-76c3-4200-bbc4-ef0e0c049ca5,313f4333-9193-41cb-bf1e-edb061cf1e8d,2026-07-23T02:16:00,2026-07-23T12:05:13.009374,analytics,performance,medium
5e2fb43b-3c35-48b0-95cd-4e5c7286d972,34c050cb-38f5-4775-8c02-496b7c9a3776,2026-07-13T03:41:00,2026-07-13T14:14:29.982993,messaging,configuration,high
1a9fc2e1-b0db-4610-9728-4cdbf451a0de,4d53b747-6ea7-42b7-9c9a-b2a468050ea5,2026-08-08T15:32:00,2026-08-09T06:46:36.993588,messaging,account,low
b2d89642-0099-44cb-b087-a406dab8fde2,160a7b3e-0f90-465b-904a-acbd589f5c1b,2026-08-30T23:22:00,2026-08-31T14:34:50.857612,analytics,billing,medium
c048dcbf-8757-4d2b-bbb9-f2df42112721,e3d63eaf-2b1d-4160-860c-32d43cd4f86c,2026-08-03T14:22:00,2026-08-04T10:21:24.710733,identity,configuration,low
f3f20a51-afbb-44e1-8118-432dd5e8bb32,20fd8371-0087-4f30-818f-f9e37292f23b,2026-08-06T05:50:00,2026-08-06T17:49:57.826506,analytics,billing,medium
2f249e7b-b49a-4188-9847-5d8d063fbc71,ca53f584-3338-4288-89e1-e25963c079a9,2026-07-05T00:39:00,2026-07-05T02:25:42.783806,payments,configuration,critical
753e9d50-d0a5-4236-aee8-52121a9fd4e1,068508b3-51f2-4cec-ae5a-c16898056dd9,2026-08-04T23:00:00,2026-08-05T15:57:18.810297,payments,performance,medium
52b0fe91-e894-4b4d-a0a1-fc830f6a1887,9b5f882f-9163-4d34-bf43-0404ff496793,2026-08-05T05:00:00,2026-08-05T16:40:05.167069,messaging,bug,high
c3ab3d0f-53f3-4c38-b932-8f150afc3c4e,98433822-738c-4b90-a1dc-ca7a012986b0,2026-08-08T09:17:00,2026-08-08T15:40:04.685254,payments,billing,critical
1468bf60-8444-4b8e-b984-a1d4db98f8ed,f1760df5-704e-42f9-9e44-c3be37054922,2026-07-10T16:30:00,2026-07-11T01:59:18.689847,messaging,bug,high
ec5cded6-1055-47dc-9574-f35169861e8f,c7234ab4-5161-44e0-a1b6-df285625ab66,2026-07-10T05:31:00,2026-07-10T15:20:41.913620,messaging,bug,medium
b3a7056b-f1df-44ed-81d9-448b881f516e,15758ef4-dccf-4ca8-bde6-3ec8a311328c,2026-08-22T07:24:00,2026-08-23T01:09:01.832103,messaging,performance,low
b179ca27-0ec5-4f83-8f0f-8c36c3aa95b1,ef2e77b3-5dc1-4841-9456-8624bda447d1,2026-08-06T13:32:00,2026-08-06T20:55:59.458593,messaging,bug,high
91fa5a8f-ef40-4614-8b86-7ac22467d53b,46ebfcca-2354-4d30-bf13-71d080a737b9,2026-08-27T17:15:00,2026-08-27T20:15:22.265127,analytics,account,critical
066685fc-f349-4c81-bcc4-12d4652adfb2,4fb961f7-c945-47c6-ac65-b2d04c0f9546,2026-08-13T02:28:00,2026-08-13T07:21:36.157605,identity,account,high
a39233f7-a25b-404d-ba1e-a7bf4904d534,deffc2ad-2ebc-40d7-a89c-43e3f75e41bf,2026-07-17T06:40:00,2026-07-17T10:46:39.394414,messaging,account,critical
f46c140d-5af1-45e9-b1e4-c00ad4e1c5c2,aa022032-04f1-4547-8d16-59557f20853e,2026-07-08T06:46:00,2026-07-08T18:21:08.195028,payments,bug,high
f9c85c64-fada-47c3-bfe6-ed01a5856198,7b1753f9-4ca7-4ea8-a68c-ca392b5d7320,2026-08-23T17:12:00,2026-08-23T20:00:16.790863,identity,billing,critical
d480a4db-5722-47fb-ac4b-963c57b89ace,4b410567-690d-4856-9676-c679d76b1930,2026-08-12T07:17:00,2026-08-13T07:54:19.707259,identity,bug,low
1b99ea55-adf2-48b9-974a-4c6e4b133c5e,7bfb0114-8a99-4322-998f-f52622c8975c,2026-08-11T21:25:00,2026-08-12T03:26:07.011972,identity,bug,high
ce191b63-01d0-4fb6-afd8-4d7a754e9c0d,838cce3e-94e3-48b8-b179-f4459eee941e,2026-07-31T17:11:00,2026-07-31T22:36:47.371593,identity,bug,high
327f8b14-6dfc-4a36-9191-8fd2e75ec98c,0ba4833d-e309-44f8-8160-6d1baa372b24,2026-08-02T11:37:00,2026-08-02T14:05:26.031540,messaging,bug,critical
44bb953f-2c1d-4cc8-8e3c-baccb444cd04,a7a7da38-63dc-4d11-85a2-fd0917ca5f5c,2026-08-27T21:19:00,2026-08-28T12:44:49.442442,analytics,account,low
57d26dca-da8f-4c5f-a821-ec6c6d9369f4,ddafddd4-a8f5-4e47-acdc-10fd738c915d,2026-07-04T07:58:00,2026-07-04T14:58:30.824333,messaging,billing,medium
d0712963-3c7a-4b25-a082-098f1978a170,2da86ca4-d661-4db5-ab00-cd0007211067,2026-07-09T14:35:00,2026-07-09T17:22:35.885902,payments,billing,critical
f76e61bb-166a-4361-913a-10c7b24eedc0,a0f7e5a9-af0d-4d00-bd29-17a34d56237e,2026-07-26T00:04:00,2026-07-26T17:05:31.085724,identity,performance,medium
10f9cc16-1aba-403a-8903-733f13a4e4f6,0f2d973d-a5ab-48f0-8f3d-66cd128e5417,2026-08-17T15:43:00,2026-08-18T06:35:42.933309,messaging,bug,low
0de742ff-14d4-40fe-b41f-0f22832bee58,fd2a9448-3e7c-4757-9962-bc236fd8a7a6,2026-07-04T11:38:00,2026-07-05T03:30:27.962091,payments,account,low
8a7934c6-d80d-497b-be60-67ce19f42922,68f442e6-4f23-4680-8367-7cfb01e64f31,2026-07-08T04:03:00,2026-07-08T06:45:07.987551,identity,configuration,critical
7003d036-42ee-4c8d-a187-34628379643f,70e846d3-a87f-4efc-bc2c-b1933a29fdbe,2026-07-17T17:48:00,2026-07-17T22:11:43.728544,identity,bug,critical
de0158ad-416c-4400-8fc1-f19c8560c415,bc953869-603e-42cf-b05a-88066af69c90,2026-07-18T10:39:00,2026-07-19T00:58:51.908390,identity,configuration,medium
e979a3ef-d261-436d-bb49-0dc6bbdc2d54,dab99448-2aab-4c5d-9236-1f785b76ef5e,2026-07-05T10:40:00,2026-07-05T12:48:44.260076,identity,account,critical
1cbac689-e35c-4781-a58e-1e773158536e,50a74b85-56f0-4de9-af99-d614e945a8cb,2026-08-09T18:31:00,2026-08-10T02:31:45.016838,identity,billing,high
fdb7e951-998c-4451-8693-b048eae60a39,aee99ff1-1488-4132-a720-7e6cf1013c9a,2026-07-05T03:55:00,2026-07-05T10:05:53.166820,messaging,billing,high
eb705938-f19b-41ae-8025-20d8f224c936,0d0c3e67-7d8f-4dd6-a350-1c9442b82615,2026-08-07T01:30:00,2026-08-07T07:44:56.216586,payments,bug,critical
7653c61e-a50e-4fa0-8e5a-c7df4f882321,9b946dda-69e6-4f5a-a17e-39513d5e4709,2026-07-26T00:14:00,2026-07-26T05:00:37.853684,identity,performance,high
114efc83-3a7a-48f5-8da9-2b23db68ff64,fa6a2b7e-fe70-45ed-b4ab-3ef79d792aff,2026-07-21T11:08:00,2026-07-21T17:53:52.810210,analytics,configuration,medium
be445600-b63a-491e-b1e6-4b6c71ab603f,61596bbc-fd86-411b-8ba4-a7a6df3ab752,2026-07-27T04:46:00,2026-07-27T08:10:15.544758,messaging,account,critical
c3bb99ff-d6aa-4e91-9b19-523f004937c4,01c15870-f367-48c0-8d05-c646e8bd79b5,2026-07-30T22:10:00,2026-07-31T13:20:23.206601,messaging,performance,low
0c0f52da-351e-404b-88ae-c6517c60f4b0,f03ac32f-b5a4-43c4-8321-9a4736657011,2026-07-30T02:16:00,2026-07-30T13:48:36.134237,identity,performance,medium
964867ef-c704-4348-859e-278114ee03d8,75eddde3-97c5-4118-88a2-7c34f78446f0,2026-08-15T10:01:00,2026-08-16T11:21:11.387591,payments,account,medium
d742ef86-8759-4207-ae02-a3d36906cdf7,91f6b892-f0db-4603-896e-897cc54300d9,2026-07-24T06:34:00,2026-07-25T02:55:53.687309,messaging,bug,low
b053069e-2fd5-4697-ac93-5784cd44837c,998fe6ff-05f9-4fc5-ac44-75152f8a1a15,2026-08-21T02:14:00,2026-08-21T17:12:34.070709,identity,bug,medium
693cb0e7-f977-4c6b-992c-7db4d833ec7f,7d386dc1-7f69-4afe-a902-d8fd11dc3654,2026-08-18T04:54:00,2026-08-18T14:54:24.696561,identity,configuration,high
76cd09ca-aad4-46a1-b065-e04130a32bc6,dbe56b17-90b3-4f2c-b9b9-8eb98a7caaa1,2026-08-11T02:18:00,2026-08-11T15:47:54.068537,messaging,bug,medium
f74be171-8b90-4178-9432-b46892588159,3d3a8c79-ff64-4f5c-a29f-df9770a26532,2026-07-16T04:14:00,2026-07-16T06:58:46.244344,identity,account,critical
e588f00c-4445-4002-bdaf-a79d1c520b69,7ea6a7ac-1d5e-43e4-b45d-a354c0f68857,2026-07-03T03:08:00,2026-07-03T07:36:08.546590,identity,account,critical
729d19df-4fcb-477b-baac-0ca8f513ca51,2bc7d260-943a-46c5-bbb8-1e7e75bae627,2026-08-04T03:49:00,2026-08-04T23:09:31.726460,payments,performance,low
2bd90833-dec2-4c65-879e-f64a8db5de38,b217e8e8-346d-4710-aadf-498ab6f3fb87,2026-07-20T20:53:00,2026-07-21T02:18:44.326229,payments,bug,high
9cc9a8b1-a824-4f4e-aac3-5c069ee031fb,d86833eb-0cca-48d7-bc8c-476274994922,2026-07-15T11:35:00,2026-07-15T14:08:21.865900,messaging,account,critical
388ddc08-6669-4a9b-aaaf-ef3d9b4b0dd1,0f1fb2b8-9a27-4fb0-9044-fcb6e3a0592b,2026-07-20T19:41:00,2026-07-21T02:14:18.820732,messaging,account,high
d7b98e2f-622c-4902-aa7f-03a7693dc120,f8804c20-4159-43c1-89ce-31c30fafac03,2026-08-03T01:22:00,2026-08-03T03:32:31.071494,analytics,configuration,critical
07486716-e81c-436c-913e-2122c786afce,42955417-63de-4c8b-a29e-01193ab07a2d,2026-08-06T18:28:00,2026-08-07T05:04:32.786963,messaging,performance,high
5d77120c-bc7f-4665-a8a9-93a145ab1c92,521d806c-40da-4b55-9b64-a885690024d1,2026-08-10T21:51:00,2026-08-11T02:06:26.647828,payments,billing,critical
3073baf8-bcb4-4a3a-a9d5-647b6f9c93b8,5db9b2cd-521a-462b-accb-d6e8d8dd1aae,2026-08-18T11:37:00,2026-08-19T01:49:00.796758,identity,performance,medium
c168b394-7b05-4243-816e-bd59a2cad0b2,31148ab4-20ac-4eae-9ca8-415575f0e06c,2026-07-09T22:47:00,2026-07-10T03:12:21.871830,messaging,account,critical
5157a28c-057c-497c-9c92-549b8bdfb26d,ed884006-faa9-4ea7-9551-faef086b751b,2026-08-07T08:18:00,2026-08-07T22:05:35.361967,payments,bug,medium
ee243943-183f-4dae-958a-7aebb80f439f,e9ee869a-36e4-4598-b884-3822bcab5e29,2026-08-26T10:14:00,2026-08-26T14:34:11.281409,analytics,account,critical
13284579-e98d-4ad8-8545-76cf3e218ce4,1661db37-2d6c-4ebf-8d05-309cf07488bb,2026-07-30T14:01:00,2026-07-30T17:34:11.121052,payments,billing,critical
c38e423f-a0c3-422b-8a8f-d106be41ea79,fed67a25-ed6a-4275-b8ba-91516947324c,2026-08-03T16:55:00,2026-08-03T20:04:22.219482,analytics,account,critical
eee7749e-e805-48a0-a6ff-06354d44e46f,b4782cf3-255a-48ba-9e4f-ea5e2a1a0099,2026-07-18T13:41:00,2026-07-18T23:28:04.131104,payments,performance,high
d6a77ce0-ba3e-4ad5-906e-702d9ea9cda1,d9ff5fec-d83d-4611-a503-57e3f8082e3a,2026-07-22T18:47:00,2026-07-23T04:39:21.685517,payments,performance,medium
9d99b385-a843-444c-b669-37c391b0f221,d25832b7-b6f7-45ea-924b-db1bae8d7189,2026-07-27T16:01:00,2026-07-28T04:56:52.417129,analytics,bug,medium
d5d54e37-b4ea-451b-be14-df538d3b7840,0cf874a1-e431-4b2b-a1de-fd701d92e3da,2026-08-11T19:07:00,2026-08-12T03:09:40.027094,payments,account,critical
6af27713-93cf-468c-9c53-90ceb72658ec,57f6a7d5-7be3-4bae-bce2-b8550489cd99,2026-07-17T02:23:00,2026-07-18T01:50:58.915882,messaging,account,low
5ca07988-47d0-4670-b9ac-dc0b0e7d914e,c69f72cb-2b80-47a6-a8ef-bccb5a9a353d,2026-07-31T03:38:00,2026-07-31T07:17:58.099643,payments,billing,critical
e0ccb89c-961e-4be3-aa21-038b100b684e,ccd31146-41cb-4178-a147-f4f3bb590cd7,2026-07-07T08:34:00,2026-07-07T12:40:04.277312,analytics,bug,critical
ce0628ac-fdc6-43b6-a1b9-5ced8135fc4b,63ed04d9-b52a-4f54-a257-e9d433a769be,2026-08-12T19:11:00,2026-08-12T23:33:21.808018,messaging,bug,critical
0bd2d63f-c45c-4b52-952f-7957a11ac375,03052149-1f14-431a-8278-3cb98a14d908,2026-08-18T21:50:00,2026-08-19T14:43:36.168612,analytics,account,low
339f59ac-7e93-4721-91f7-77b751073ba9,d6a4a8be-78e6-4a42-a2d9-fbf8ed1115fb,2026-07-06T10:36:00,2026-07-07T02:08:26.587743,identity,performance,low
02be11ec-c77b-4790-a6dc-69feafbcdf7c,43f560ec-2992-4357-9693-e889ddd02507,2026-08-16T13:31:00,2026-08-17T00:22:54.771133,messaging,performance,low
b1f09767-cd3f-48cd-baae-dd1609c500ca,32cf09ec-08b4-43e5-bc5f-d686a1c92272,2026-07-24T21:26:00,2026-07-25T04:44:11.319964,analytics,billing,high
b50e6d43-07f8-4ef4-b5de-3383e4cf2238,4304331d-29fd-4803-9dfe-bcce90a91ed3,2026-07-31T22:22:00,2026-08-01T00:29:48.917829,payments,billing,critical
1a47ee1f-83a3-4745-b5fc-85c038c4fc07,fd7f996e-4941-4ee0-8f6d-038918a5272a,2026-07-09T20:10:00,2026-07-10T00:21:51.309362,identity,bug,critical
7c1fc2a9-d1e8-477a-931e-ea5f3b093063,54618c93-d866-43f5-aa4f-4a98756eff3b,2026-08-14T17:51:00,2026-08-15T05:18:07.940892,payments,configuration,high
ee14a1ce-88c1-4d24-b4fc-9436afc6bb1f,a4978811-197b-400f-8256-1235097069b7,2026-08-10T11:24:00,2026-08-10T19:56:45.058267,identity,performance,high
28c9b7e3-fb54-4a6f-8fb3-e2efa8821682,4fa11c66-614f-46cc-96ce-094e7c0d3f84,2026-08-24T02:32:00,2026-08-24T14:47:40.865478,analytics,billing,medium
9690c29b-9777-4bdc-b730-52f48ae58e92,1198c212-f9f6-491e-bda8-7d7015eb5e5c,2026-07-03T08:40:00,2026-07-03T18:22:37.530132,payments,configuration,high
639baa3e-a7b0-465c-9c10-2e71bfd1998d,99c6f544-c0fc-4658-9651-6fb9283569b7,2026-07-28T21:54:00,2026-07-29T05:42:08.203464,payments,account,high
aa9b3b4c-011b-4ed7-91b3-dc3d66281551,7935ec87-027c-403c-9804-9de717753202,2026-08-10T00:53:00,2026-08-10T08:38:29.929249,identity,billing,medium
a59a4475-7989-467c-b866-b91b1f7799bb,4eaa0c63-df9b-4b1d-9785-e1c25abe85a3,2026-07-27T14:36:00,2026-07-27T20:56:09.803247,messaging,configuration,medium
554c9489-6b57-4f1d-acea-c90d8113d497,7ca33cd7-3765-4732-93c1-625a1b78e071,2026-07-20T06:22:00,2026-07-20T20:02:10.491976,identity,billing,low
6c577b30-1480-4b93-b33b-8544025fd486,c6cb082e-3f87-4e12-933a-86c292736d6a,2026-08-16T07:02:00,2026-08-17T00:42:07.823113,messaging,performance,medium
12f2ba6a-6e74-4a0e-8da5-aa7bfb089204,385b59cd-bc03-41e9-aa08-7dd4cfcab670,2026-08-28T14:30:00,2026-08-29T05:14:09.811808,payments,account,high
54f0c6fc-7cf3-4f8d-b94e-cf2259e2beed,c0302da2-7aaf-4072-8b26-32e0bdceb27b,2026-08-04T09:42:00,2026-08-04T11:43:34.183448,messaging,billing,critical
ca699435-2db8-461d-98a8-c45a3582d6c8,2197dfdf-3b5f-46e3-91d5-223fe3360589,2026-08-04T13:50:00,2026-08-04T19:37:54.965067,analytics,bug,high
794f8417-a1d5-4582-b54c-7f8936826eb2,06f6c150-dd23-4f57-9412-d48774911d3c,2026-07-19T18:57:00,2026-07-20T03:49:08.867579,payments,billing,high
233e1cc2-539a-4704-b7e2-14c0d6727ac4,a4127e86-1000-400a-888a-9bc7bec55c89,2026-07-11T21:15:00,2026-07-12T00:07:40.674487,payments,configuration,critical
a70645aa-7cb5-4518-914b-294abd247ca6,90a0ccb5-e3c0-47a5-afa3-b13ad16aedc2,2026-08-28T03:07:00,2026-08-28T18:00:47.523630,analytics,account,medium
b96bab6f-fc1f-4365-8a4b-c5cf7fb2c8b6,32baa8e3-2416-4c9c-b6b1-9aaf86b21129,2026-08-03T02:12:00,2026-08-04T04:20:11.431866,analytics,performance,low
bb28b4c7-e8cf-4b4e-93e2-a2c2dc970a1a,92d6e407-bf6d-43e4-bfbc-926c392003a1,2026-08-16T04:28:00,2026-08-17T06:56:04.331838,analytics,configuration,low
d28fd816-ae5c-40b7-b5ea-6cd49405184e,f576ca64-20e7-4399-ac93-c99f5e77dd9e,2026-07-06T02:16:00,2026-07-06T11:12:10.705007,messaging,account,medium
775fde7c-127a-453b-a1ed-2668752102de,fa20ac8f-a059-4bf5-97b8-775d8b4fb678,2026-07-17T15:04:00,2026-07-17T17:05:56.251287,payments,billing,critical
916a2f56-07f5-422a-96d5-11c4f1ba8f0d,4eea58c1-9bb9-43ba-8837-dbfd8a1728a0,2026-08-25T10:40:00,2026-08-25T15:23:51.144850,identity,account,high
5d835e9b-fc8d-40de-bfb2-ff5510d4e641,79eb8882-63da-4942-9588-c86d6017f967,2026-07-18T07:05:00,2026-07-18T11:34:12.915260,analytics,billing,high
b3005397-1bb2-4197-99ae-ccf244f8f93d,26a043f9-e5a7-4e26-855a-ee0aadb61012,2026-07-21T17:10:00,2026-07-21T20:03:34.129962,payments,account,critical
e71aecc3-afc4-4faa-b4ce-964d587b813d,7cf254ee-1568-4b61-a0f1-3af3267dead1,2026-08-18T20:56:00,2026-08-19T09:28:08.393714,analytics,configuration,low
030025af-30c7-4518-a49f-7a40e793aca0,14bc76f7-6d99-44a2-9171-be293d03508e,2026-07-11T14:17:00,2026-07-11T16:22:31.879412,messaging,bug,critical
e6028cd7-e237-4a9e-9fdc-57a05b305258,a0044d69-601d-482a-8287-4171ed9eaab1,2026-08-19T08:49:00,2026-08-19T13:08:11.241067,payments,account,critical
22bde632-1d08-42ab-af4c-ab3bc8f464d0,84671971-360a-468e-8c95-61a6f5f443b6,2026-07-01T20:58:00,2026-07-02T00:47:55.875333,messaging,bug,critical
cd36ede3-4037-4466-b7b4-80c1b01163e6,2f822df9-fea3-47b7-afad-4d1fa3b810d4,2026-07-18T17:32:00,2026-07-19T03:34:11.335203,messaging,bug,high
76df53e7-dd0c-4b30-b919-31cc7c4117e3,f1bf7931-1406-45f3-81c9-71786d51e82f,2026-08-24T17:40:00,2026-08-25T03:36:37.222050,identity,performance,medium
9c533b3a-614d-41c5-ac28-64dc834a4a4e,edc9c821-8f44-433c-b9eb-c8067df425d9,2026-08-13T23:44:00,2026-08-14T10:40:17.115841,identity,configuration,high
fefaf4a2-ed54-46c3-b779-b1192fba73a0,31b832d9-dc90-4d3c-bb05-1f178f48d835,2026-07-23T15:59:00,2026-07-24T00:59:26.545595,identity,configuration,high
e623a679-07d4-4550-839e-1d5bfe804a9f,aca1afa6-5c77-490f-925f-829b8deb0e66,2026-07-11T03:30:00,2026-07-11T18:14:44.649130,payments,performance,low
2ddc0851-95f5-47d3-a549-d1dbdf1362b2,d80fe8d0-e2e9-4e62-96b8-b60d63991f7c,2026-08-16T09:07:00,2026-08-16T17:15:43.951206,messaging,performance,medium
25502268-d795-4cd4-a536-5ff55e77a9f1,382a0065-3d24-4aae-88a3-6296e08fb636,2026-08-09T07:45:00,2026-08-09T10:16:38.262591,identity,bug,critical
7aa3f21e-ee8a-4cd3-9f7c-de25466bb238,27ad6553-0df3-415c-aebd-e90a9199f895,2026-08-19T00:34:00,2026-08-20T17:28:59.132879,payments,billing,low
4fb9462e-350b-45d1-b2da-4d3da35be733,07d61d54-f7ca-409b-bf9a-cc85596c8625,2026-07-20T09:46:00,2026-07-20T16:19:36.456792,identity,account,high
51ed88b2-de04-43d8-becb-582c0c930570,8ef9ab6a-1a44-4263-96e0-8c2f944057ee,2026-08-18T06:40:00,2026-08-18T18:05:13.483131,messaging,bug,high
c827bd32-209b-40b6-9ae7-95dde7d25095,b409d8f5-18d3-4779-8da1-09f10d286931,2026-07-20T03:23:00,2026-07-20T11:41:10.255662,payments,configuration,medium
65091315-4c7b-4ae7-8ff7-d4802d38bb56,aafb6df2-0bc1-4eb5-bc18-2212cb40897a,2026-08-06T01:35:00,2026-08-06T19:25:04.974886,payments,billing,medium
46b6ca9b-63db-45cd-af7e-04cbebeba03a,efe5c2c5-243b-49ab-ae26-61e20fa7867d,2026-08-17T00:14:00,2026-08-17T04:04:21.353053,messaging,account,critical
36f29084-30f5-40d4-b4f4-2e980c546eb3,ad54b5c3-93b0-4939-91a1-d91d15a5b08e,2026-07-25T12:28:00,2026-07-25T16:46:10.763763,payments,configuration,critical
5fb69f34-6bb7-42df-9c02-842a51f355f8,43e0bcf1-1ff4-456c-a11c-926d7012d179,2026-07-28T15:15:00,2026-07-28T21:55:11.198343,identity,billing,high
b3693566-d467-4b57-8801-5b1259aa2929,d90a6abe-ca31-423a-977d-138ef81e6980,2026-08-02T05:10:00,2026-08-02T12:34:08.579885,identity,performance,high
2929ad04-0b73-4ce4-b18b-062d432c2da4,2089be54-f121-4232-832d-062186367697,2026-08-05T19:42:00,2026-08-05T21:21:57.320194,messaging,bug,critical
e9d158de-ef71-4c24-8220-f671af9701ee,2e96993e-cbf6-470d-9283-cf58327c6ca9,2026-08-07T05:00:00,2026-08-07T08:48:04.124873,identity,billing,critical
b8d03e26-66e9-4ed2-84b4-27e90c7bc08b,462bcfad-f6c6-4f39-933c-8a48cff5aba6,2026-07-02T18:33:00,2026-07-03T00:54:30.150440,payments,billing,high
75a4ecc4-0dbe-4c9d-943d-fa178178e8a3,b0f77809-7950-44c1-8e3a-df9765ea58f0,2026-08-03T23:52:00,2026-08-04T03:44:21.935674,analytics,configuration,critical
50c9aced-8388-4577-80cc-17880cdc9a21,5e294181-8b2d-48cb-a28d-813ee08b80b5,2026-07-30T15:28:00,2026-07-30T19:32:09.157177,payments,billing,critical
8bb93b33-1fbd-4c5d-88bd-abc06acea59c,ee75cd58-3b64-4049-9122-4b0d7fcf9c57,2026-07-10T17:23:00,2026-07-11T03:17:20.867197,analytics,billing,medium
a2155c8e-6b2f-444e-8934-5449daefcb29,1f159288-fa30-468d-b993-d94bf0c8c46f,2026-08-13T15:52:00,2026-08-13T19:25:48.250432,messaging,bug,critical
f4927b7b-8021-49fc-9bab-6ef5568645b0,b9968840-3761-4e08-90ca-4a1bbfd4d6dd,2026-08-14T07:57:00,2026-08-14T10:58:13.119023,payments,configuration,critical
8913efdf-9587-4acc-ba16-bd81bf0a2b8a,d2f7eb8b-b758-4d94-8f4e-51f1fad71657,2026-07-06T02:35:00,2026-07-06T10:05:17.981942,identity,configuration,high
752af9ce-0ca5-4b90-be36-2b8fb14c19cf,67d0b911-9ae3-46fa-8758-6e7c8e8b3c85,2026-07-26T20:55:00,2026-07-27T13:29:12.708748,analytics,performance,medium
a4cef00d-bffb-4636-9657-1a403a71ea42,d4c37580-f339-43ec-917f-30b9a340dbeb,2026-07-07T17:37:00,2026-07-08T10:06:14.666639,identity,performance,medium
3ee79aa3-b7a1-42fb-a7e8-b4abfcc781d9,b539b525-1078-466f-b4bd-020cbdf34e6c,2026-08-23T16:27:00,2026-08-24T05:11:31.331827,identity,account,medium
d8d35ef8-f94b-4e91-9e25-f457e3144626,bf749a89-1256-4e16-a614-92c967f8b5b9,2026-08-09T21:23:00,2026-08-10T12:35:58.002567,payments,configuration,high
f35aac21-a7db-4a7e-abee-ea9f525c50e3,0d3457fa-c99a-460c-a983-b88fbf2f5425,2026-07-27T12:36:00,2026-07-28T13:16:23.001037,analytics,billing,low
54206951-261e-4cc8-9393-eb088104c7b1,0f91c26b-032c-481f-acea-26f719626a85,2026-07-29T13:51:00,2026-07-29T22:03:34.849251,identity,performance,medium
f74aa7c1-398e-460e-a675-90e20dd8c227,8e9805fd-b2cb-4274-80ed-17aa9b9a1efd,2026-08-12T15:04:00,2026-08-13T03:03:43.347164,payments,performance,high
4dccc578-8fd2-4218-943c-f45f79ba1f9c,20b871f0-bff0-48ec-85dd-53649c78d4b5,2026-07-24T13:51:00,2026-07-25T01:22:29.491854,identity,account,low
a83015dd-da7e-4556-adaa-bce286bd6e95,11983609-2176-408e-863a-3c591b2ebafc,2026-08-28T10:59:00,2026-08-28T14:54:05.499953,messaging,performance,critical
1c6c22f4-67b5-4527-985a-55d08c52cec1,0ee229bd-b894-407c-95ab-b7a841b0c4a4,2026-07-05T08:55:00,2026-07-05T13:02:46.596558,analytics,account,high
2cc9dd7f-7a6e-4495-9e50-9a5d2fc4287a,0500ed1d-a249-4055-aff3-00fb6a834704,2026-08-09T19:05:00,2026-08-10T05:24:15.960103,analytics,account,high
fd447209-4d70-49d4-8ef5-f8bbd8d17989,e05958e8-0f34-4fe2-be0a-d58355075848,2026-08-14T18:48:00,2026-08-15T03:52:29.966712,identity,account,high
7988c643-fd8c-4683-95f9-e6cc0fdd2f1f,ac64b064-0250-4091-a617-738075e1f306,2026-07-07T21:02:00,2026-07-08T15:36:18.205931,analytics,account,low
489a3c4f-4b30-44ec-8185-398ce1880e05,b39aa335-9b0a-4f48-ab55-5ee1a9f5e026,2026-08-16T17:45:00,2026-08-16T21:04:48.340016,analytics,account,critical
a1cb3470-2279-41cd-aaa4-930cc3a10667,7e7759c0-df2e-4a2c-b8a6-edba61926273,2026-07-18T09:00:00,2026-07-18T16:43:32.596776,analytics,performance,high
ba4a5d6a-48db-46bf-999c-fa606ee18caa,a699f854-e0f2-4c5c-9456-f5f2ce98d965,2026-07-14T20:29:00,2026-07-15T10:15:26.682099,identity,bug,medium
c7826fd5-500e-4367-bfc8-936845c3c6b2,f299db44-820c-4577-a738-f162798b5358,2026-07-31T22:19:00,2026-08-01T02:29:05.487390,messaging,account,critical
d7ae882b-59be-498c-8494-17af0356dd2e,409e2da8-b8ef-4e66-a613-628d7d944fdd,2026-08-06T13:00:00,2026-08-06T14:33:23.813822,identity,bug,critical
07520512-d589-4238-8701-2e3f96a2469b,efa0ea5b-6ba7-48fe-89d3-dc2081182ba6,2026-07-21T12:01:00,2026-07-21T21:07:22.447447,identity,performance,medium
5655ed84-b6d6-4699-89ec-25138356f334,2e66eeda-7e55-4d94-8223-83dbcadfb620,2026-07-21T06:54:00,2026-07-21T10:21:39.017166,identity,account,critical
04cf2e98-bb30-4a64-a93a-1df051045636,15df7330-d830-4963-8454-ca989b6fa8f9,2026-07-19T05:37:00,2026-07-19T13:52:58.206652,identity,account,medium
d7787c05-dda6-49ec-baac-e3a5cf460cdf,950446f5-bf2f-4347-a9d7-6c7f4db92cd8,2026-07-14T11:55:00,2026-07-14T19:07:38.728489,payments,configuration,medium
68c4faea-ab8a-4863-a79e-4f0f28c65fc7,6c8960c0-7781-4d33-9aa8-2d28b75c816b,2026-08-18T13:16:00,2026-08-19T00:54:14.225135,analytics,billing,high
6a6e3a74-1a1c-46cb-bcf0-641513721ce3,598f2410-c3fd-4aa7-984c-6182a7b2e6df,2026-07-30T19:20:00,2026-07-31T03:45:13.501658,identity,billing,medium
c41cea93-8768-4d8c-a284-d78841528dbb,7b669408-5a96-4dc2-9569-ff91d1df0514,2026-07-15T20:42:00,2026-07-16T13:56:08.257909,messaging,configuration,medium
168cb098-8104-4818-99e8-5cef5ba4675b,c5d0e660-d7f6-499e-ac1e-54b357602cdd,2026-07-20T18:33:00,2026-07-21T11:04:53.944069,identity,bug,medium
3d9fd043-1e01-4768-a630-1ae3a17b8022,8d5e7506-ef0f-47ca-8448-03e4e38c2ef0,2026-08-10T00:24:00,2026-08-10T17:23:28.119575,analytics,performance,low
45e14a46-b4ef-4541-bedf-952831dd6abd,8a2ca42d-47a6-48f5-be0d-214f4de6f759,2026-07-19T23:39:00,2026-07-20T02:27:56.306026,messaging,bug,critical
bf5d84d2-cda1-485c-9c37-2d82cb7deace,82ffbc1d-4579-4368-82be-6638c486a53f,2026-07-19T01:55:00,2026-07-19T12:35:16.797766,payments,performance,low
7db14c4c-e97e-4b9d-8857-a12978843c72,21ebc20d-e759-4718-abba-11ba0e92e22e,2026-07-16T22:30:00,2026-07-17T05:56:39.479644,analytics,billing,medium
bd2c03c9-c70e-48e2-8fdd-44e1ae3763dc,c0a25cdd-c506-48f1-902e-7cfb5b3b40c4,2026-08-14T12:28:00,2026-08-14T14:32:22.596353,identity,configuration,critical
5332d996-42ae-47b1-ba5a-2577c719d579,d43e79b2-36c3-4331-b5a9-fa82f19ac1ef,2026-07-09T06:20:00,2026-07-09T14:24:11.575351,identity,performance,high
4eef9fbe-79b4-45ee-96f5-2db279e7d28a,56d56f87-9a81-4125-8ec4-fff2444cd7ec,2026-08-11T14:13:00,2026-08-11T18:07:36.846070,analytics,bug,critical
09913c78-4050-4f3f-944f-62e192bd9d8a,21eeabb0-043f-4c38-8110-3d52893b71c4,2026-08-06T10:29:00,2026-08-06T22:02:57.075371,analytics,configuration,high
b5563082-ce8a-4fbf-9119-c0e921eb8c5f,ada08f47-d77e-4023-8150-6f2b96a26fdf,2026-07-06T22:39:00,2026-07-07T16:38:47.323569,messaging,configuration,medium
8dc2ee3a-122c-4c7b-96e9-d6eb205158b7,ff1b0a44-aa8a-4841-a9a2-414c611d22ad,2026-07-08T16:29:00,2026-07-09T18:36:24.832546,messaging,performance,low
7224d265-7fd3-4abf-b08b-061cce4a65e9,ed43cdd0-87b8-4f70-9a4f-e327e6d319b7,2026-07-26T00:07:00,2026-07-26T16:17:08.319720,identity,bug,medium
f70d84c7-2442-4a40-9c3a-c45706553260,fe9d36fd-d0ce-44f9-ad26-bf443a97036f,2026-07-17T03:26:00,2026-07-17T11:06:57.519731,analytics,billing,medium
0eb85871-01a2-4fbd-ad11-b9ab9003eac8,2482fcdd-ce24-4d0d-ae6f-b7bf582fefc5,2026-08-12T18:19:00,2026-08-13T10:42:46.106631,analytics,bug,medium
2a41e7ce-99f4-4007-afc2-1c8d90543cee,9738b77f-7c51-431e-b6dc-151e889e9af9,2026-08-30T03:52:00,2026-08-30T07:50:11.107611,identity,configuration,critical
5b7cf584-bb3f-4eb1-9329-ad618a9a3d4a,dd2819f4-dba7-4ea1-bc23-b6c8af541f53,2026-08-08T03:50:00,2026-08-09T06:39:35.328323,payments,billing,medium
e6f444ab-10f0-4e18-bfef-5c811be24ebf,3ccee307-aa29-49d2-8ffa-0329daf36ef4,2026-08-30T20:43:00,2026-09-01T14:24:03.983000,payments,configuration,low
3206b4ec-021e-4ca1-b2f5-de2b833014e3,72f0179c-3b25-46a0-8c82-82b7bcdfd115,2026-07-03T17:29:00,2026-07-04T00:42:45.243750,messaging,billing,high
7e4b5c2a-54a4-49d3-b363-5af71aaaa4ca,6aed0fe5-a107-485e-9570-272151365a41,2026-08-03T23:13:00,2026-08-04T03:26:40.171620,identity,account,high
33dc6e68-0c84-461c-91e8-0a64292e6700,08e1af0c-201e-4e35-8cfe-bcd5fc3baf01,2026-07-03T08:25:00,2026-07-03T10:01:09.605940,identity,bug,critical
9d8cc4d6-5640-407b-8f09-ab49b85406ab,66e7bf73-ab1a-4c38-95dd-5689b56b48a3,2026-07-14T03:19:00,2026-07-14T07:06:15.024783,messaging,bug,critical
4ae9a434-5097-41a1-a20d-e0b5c6ce4f75,56eee143-5ac5-4e56-a612-6829bbf83d30,2026-08-17T19:19:00,2026-08-18T12:00:02.422137,payments,billing,low
3e353253-72de-4845-95e9-29f010bb15dd,38d5d7fc-ffc5-4f1e-b52c-6ec5b2109934,2026-07-21T06:29:00,2026-07-21T17:30:24.206220,analytics,performance,low
8561b0cd-5e56-49b9-90ae-2c5fe2993b25,a08a578d-705f-407e-9f9f-269e55463704,2026-08-13T07:09:00,2026-08-13T09:03:11.578275,messaging,performance,critical
fb461951-15f4-444b-b916-1e211ff73fa8,1ce97e19-f77f-4162-8580-2f024b971ef2,2026-08-24T21:51:00,2026-08-25T00:45:30.459394,analytics,configuration,critical
809efd26-d579-4210-a0b7-d7419a75e429,fc2aa266-3fde-4b58-a076-146ea019eced,2026-07-24T09:07:00,2026-07-24T20:46:18.874214,payments,configuration,high
96e087cf-1e07-489a-9270-54e1aea8c123,c891ae39-a5bc-4f50-90a4-bc1a4b540e34,2026-08-30T20:12:00,2026-08-30T23:56:46.164294,analytics,performance,critical
1cd07845-c80b-4107-8d60-7b65e8cba2c0,0fb67a16-4f18-4c44-82f6-295ca01655ed,2026-08-21T23:53:00,2026-08-22T21:48:05.718230,payments,billing,medium
d8e62b42-3509-4b91-a84f-ade34dcc8e50,93e15213-668f-4be9-9f5f-db7288293df3,2026-07-13T23:30:00,2026-07-14T21:24:38.970782,payments,bug,low
1da9357a-ccea-4ad1-a5b1-aad4951a0a07,f8612a1c-506c-4d63-93c1-0d721d9eafe8,2026-07-26T16:41:00,2026-07-27T01:41:28.974354,analytics,billing,medium
cda02b3f-bbb3-4b75-bb0e-175883fe940f,4abe8a18-dedc-4f15-b9ae-cca97a5d3e5c,2026-08-30T00:24:00,2026-08-30T03:54:18.248725,identity,configuration,critical
9bc01a10-1883-43ea-98d2-0bee3f62ce72,fbd8019b-83d2-4269-82ce-029f984ed718,2026-08-17T07:46:00,2026-08-17T15:08:34.203424,identity,billing,high
0b0e0389-d55a-47f1-8676-14f79a77c7d8,ba8f6cc1-56ae-4fb7-a676-d63f18afccf6,2026-08-30T04:25:00,2026-08-31T20:50:59.248345,payments,account,low
9408c3b5-e937-45ad-8114-443ffcd62317,28179704-df67-4f1b-ba89-04cc65aadec4,2026-08-05T01:06:00,2026-08-05T07:16:18.698762,analytics,billing,medium
0c583c32-d85d-476f-b80a-a612634bbfb0,2da2ea6b-7ee6-4c70-9e51-1f9a5e7f2190,2026-08-27T18:22:00,2026-08-28T05:07:40.187320,analytics,billing,medium
1ad659b2-17e6-468b-812c-63ca556f320c,d55cf891-2bc8-4906-9425-1704f816514e,2026-07-02T01:35:00,2026-07-02T07:05:07.150046,messaging,performance,high
655d2771-4112-4a8f-8f87-931cf757e6aa,76c29492-d443-4853-808d-08ba7ca90a51,2026-08-22T12:54:00,2026-08-23T00:20:17.963290,messaging,performance,medium
af19c06a-4b6d-49ff-9396-28d6ce7c2a7a,39791557-6c80-4b46-a441-59077bee048c,2026-07-24T22:06:00,2026-07-25T07:20:37.262543,messaging,bug,high
c28f7223-482b-4ef4-a748-f80abe31aba3,7abb8f83-976b-4d6a-9994-3b2dc10a5e8c,2026-08-16T19:55:00,2026-08-17T04:58:48.287103,identity,configuration,medium
b75b722b-f80b-4111-a4d5-71a59504c1e4,4b290b40-c630-4ca9-b27a-3f4db5c70c6c,2026-08-14T08:38:00,2026-08-14T18:44:22.156531,messaging,bug,high
1daf3f28-a7de-4cba-b411-4371dc7f0d9f,1e1de3d6-af0e-4cc3-9704-a91db4ac27c9,2026-07-24T22:14:00,2026-07-25T01:39:36.761089,analytics,configuration,critical
31190842-2ee2-4292-a99e-8744be7c5811,dc284696-d423-4b34-9e4b-17e867c09697,2026-08-19T10:53:00,2026-08-20T18:44:42.833898,payments,bug,medium
2208cfb3-ad7e-420c-b49c-277ad934d334,3ca1723d-cf82-4e35-845a-d321d69e4f2d,2026-07-11T02:46:00,2026-07-11T07:46:37.418505,analytics,account,high
a06d69c1-d328-4c18-bf66-369e4cf1585d,3cb940c0-d4a8-43c4-b63f-bb3ed3c10900,2026-08-01T15:23:00,2026-08-01T18:32:35.624235,identity,performance,critical
8a991a50-be1d-4cda-b7ca-ad2cdb024c0b,6bcb227a-62d0-4323-ae4c-1e3b715466c9,2026-07-08T13:14:00,2026-07-08T20:56:01.803959,payments,performance,medium
737ab9fd-64e4-491b-8193-0775f87aed16,6a79f8b7-6998-47b4-9222-177e792c26e2,2026-07-21T04:39:00,2026-07-21T12:51:16.551032,analytics,billing,high
b0e7a0d8-1067-4661-8f15-fc19f5a131d1,f0264757-ba03-4693-a96f-7c9e85b0a110,2026-07-14T19:32:00,2026-07-15T03:50:56.367466,analytics,account,high
009a9e1f-4004-49bf-a47c-98eb97396176,c83f9d95-f021-49dd-b89e-d6eb1cac0cc7,2026-08-18T07:42:00,2026-08-18T20:39:46.736577,payments,configuration,medium
0ae16358-1a94-47c6-b085-6c3b1218a67b,d96a2760-a487-4548-a9f8-15eaf0d0211b,2026-07-16T01:50:00,2026-07-16T05:54:29.588120,payments,billing,critical
f2ccb88a-f1be-497e-814b-fb853057f8cc,60210f4c-59b7-4de6-98f6-cd370eaa7d92,2026-07-26T08:13:00,2026-07-26T15:20:05.445106,analytics,performance,high
021d3a58-390e-43e7-83f1-6f0e90b762a0,06c56189-52fd-4968-8935-e9adb97466b9,2026-08-17T11:46:00,2026-08-17T14:13:56.749851,messaging,performance,critical
677902ac-d7d0-49ae-a02e-6c7b9788ec58,51f7b29d-d930-4f73-9db2-b546b6a88a18,2026-07-28T07:20:00,2026-07-28T17:00:00.222492,analytics,bug,high
a82dc4d4-3d90-40e5-8363-aa101b48f015,1a000c11-3eb9-45c5-a5bf-63737acd08fc,2026-08-30T19:31:00,2026-08-31T05:34:57.600310,identity,billing,low
4377a731-7924-4dc7-af1d-b9362da8c6de,dca96cbd-b89b-43f1-9a4a-729b2ef45e78,2026-08-07T08:28:00,2026-08-07T15:36:28.257925,payments,billing,critical
87bf23f9-fa15-458b-bdf2-00f89c5c9fc8,58143146-030c-4bb7-8896-8d9d57b1d8df,2026-07-23T01:40:00,2026-07-23T04:20:22.796374,messaging,billing,critical
51a64663-40a2-4f1a-85e9-ab3ae4b2711c,440ba1eb-a55f-4b93-bf59-976402229fc2,2026-07-18T14:25:00,2026-07-19T03:29:24.568359,payments,configuration,low
eaba0dfc-da02-4fd7-83a5-fd57dc4f2d25,3d00240d-79fc-4e72-87f1-31517610a067,2026-07-26T03:24:00,2026-07-27T01:28:03.436682,payments,performance,low
6e93e925-c681-45c4-9b91-6d44416a8cd2,e75fb7ec-c4c3-4c76-a605-b9a8bf2289a6,2026-08-23T07:58:00,2026-08-23T11:26:08.419988,payments,billing,critical
11ed45c5-80af-4f57-8cb6-bccddc470edd,b39f3025-afab-4fd6-9d2a-275d9715284c,2026-07-26T01:46:00,2026-07-26T20:08:16.194230,identity,bug,low
42895f44-f7b0-40c6-848f-ddac74fc85a7,98a7e256-5279-47af-be6a-a53f6ddbf585,2026-08-17T17:13:00,2026-08-17T19:24:47.556679,analytics,account,critical
ce49e593-46b8-474e-b0e0-b8a33dfdbe90,f6da8170-2a86-4d38-9254-3b3ba253da4e,2026-08-09T21:25:00,2026-08-09T23:22:39.707358,identity,bug,critical
facca064-aee8-4237-8295-82839d305c93,5059e95e-706c-4f6d-8161-82eff5828e97,2026-08-01T01:44:00,2026-08-01T05:44:50.156415,identity,bug,critical
b993c9dc-dc1b-4ad0-9535-f743eb502e38,3c688907-a3b2-4b22-b62e-3be38897184b,2026-07-24T06:02:00,2026-07-24T09:17:17.768602,analytics,performance,critical
d0fd9fc2-ae6e-48a5-9d88-370372885b32,04737783-c296-47d1-9405-2641d1d5debe,2026-08-14T08:31:00,2026-08-14T19:06:39.527588,identity,billing,low
da97a678-2d24-4a0f-8333-1a0791024f66,93dd76e4-70ca-4dac-88bc-56b24955d0a1,2026-08-24T21:57:00,2026-08-25T01:57:36.458465,identity,billing,critical
c91ee8ab-8c51-498c-a947-a1b406415915,56e87bf1-b1ea-4013-883d-b2abdb53a5e8,2026-08-09T08:45:00,2026-08-10T09:19:22.837382,messaging,bug,low
1dee8691-bb0f-48f5-9697-801f232ccf0d,a82d01f3-9690-4ec0-b651-fe29c4a299e2,2026-07-26T12:06:00,2026-07-26T19:27:25.786343,identity,configuration,high
e9f140fe-3b13-48bc-8607-20421ec8318f,fc527178-3528-488b-a110-b3a423904ea5,2026-07-23T20:51:00,2026-07-24T07:40:13.287672,identity,bug,low
63c9bb94-a44a-4915-ae88-586e9574265a,3f25375a-0e3a-4814-b0eb-38004cda85b5,2026-08-14T04:41:00,2026-08-14T08:34:43.785360,payments,account,critical
afec11c3-9c96-4737-b295-e6ccb422a67b,6d0e8262-a2a2-43ff-a033-b10d5d2450c9,2026-08-09T11:34:00,2026-08-09T14:44:55.244211,identity,bug,critical
659dd22f-2677-481b-8bdf-c5cd3deedd22,528179a4-349f-4759-86a6-eeda616b6700,2026-08-21T11:36:00,2026-08-21T13:13:34.693297,messaging,account,critical
1e1a8544-0943-4764-866f-fcf6f0507095,fff748b5-4aa9-4109-a307-bc0b6249719a,2026-07-10T19:29:00,2026-07-11T06:35:52.273963,analytics,account,low
4fef84a2-381a-4b47-94c3-f5801cfbba7b,88b76cf4-3ade-4d97-a183-1f0753171358,2026-07-22T17:15:00,2026-07-22T21:11:45.062230,identity,account,critical
941b4743-2cc3-4c34-aa76-9fa0a9fde088,42b6c90e-f65b-4281-8140-3905526e9f1a,2026-07-04T15:05:00,2026-07-04T18:18:12.125163,identity,performance,critical
d43e29d7-058a-4cfa-8b45-d563b34dbbb4,1a6f7b5d-6909-4abe-b0b3-0b5fb8ebeefd,2026-08-17T13:59:00,2026-08-17T17:29:25.938349,analytics,performance,critical
fd3c2a03-9f3a-43cf-9645-2a1106d990cc,3566cf67-5294-4e26-9b3c-5af4a1deceab,2026-07-03T08:00:00,2026-07-03T14:17:23.039084,payments,account,medium
af8a9b2b-5ba6-491b-b939-218e314ddfaa,c559251f-6ca4-4dc1-b111-85ae871c3104,2026-07-30T22:37:00,2026-07-31T02:31:20.468658,analytics,configuration,critical
f8194d51-ca93-44ea-9e3d-81228da080ad,461c5b70-9c12-4721-902a-6a1880a4ff26,2026-08-11T13:30:00,2026-08-11T20:19:08.499364,identity,configuration,high
74a483f0-3687-454c-9864-710121b42b2c,f9720e63-9091-4cbe-90f0-554f02ecb4c6,2026-07-23T15:17:00,2026-07-24T06:07:28.403724,identity,performance,low
4f05e7cc-35a2-4e66-85ad-af0fa1a56ec9,499992ca-48ca-4102-8fb2-55cb95655658,2026-08-27T18:45:00,2026-08-28T07:27:06.239453,identity,billing,medium
e6678648-46dd-48ab-ad6c-59b52b0a704f,d22b6e0d-5f7b-4bd6-935e-3297b0bd0ea3,2026-08-19T19:32:00,2026-08-20T05:46:51.884883,identity,performance,high
136c8d3c-64c4-4be2-a113-2423f5906d67,d5c9b41b-2e2d-4b13-b6a4-d96274080003,2026-07-16T15:51:00,2026-07-16T22:39:51.975378,messaging,bug,high
5ff7fb82-85ae-4c90-9576-27649410cbaf,ca48dbe4-2b80-4927-9515-51077a46c2ce,2026-08-18T23:47:00,2026-08-19T08:26:31.297012,payments,configuration,high
d8fc01a3-873b-485d-be36-56333e0c506b,132dab5f-0cb7-40f0-9f39-41917f4403b4,2026-07-09T05:33:00,2026-07-09T08:58:06.330046,messaging,configuration,critical
b67390f2-f186-46f6-bcd1-927fc113e7f9,7dab74ad-bad7-4041-b3f2-8982aab8f152,2026-08-04T20:00:00,2026-08-05T00:35:35.545507,payments,configuration,critical
e7824980-1839-4636-a8ba-1bd0fa8139d0,4e684613-c81c-4516-b10a-e7a0f760dc6f,2026-08-09T20:19:00,2026-08-10T06:11:23.222385,identity,billing,medium
59e47276-8bec-4426-a96b-e09690c27673,ee07a156-ecbf-462b-8de1-e11b0d992566,2026-07-11T03:31:00,2026-07-11T14:47:14.313392,payments,account,high
b9125cae-5b3e-43b8-a06e-1d2cb00e94aa,015e2518-38fe-4741-a4f4-945d192d504b,2026-08-28T11:08:00,2026-08-28T21:54:32.357239,identity,account,medium
1d1ee155-23bc-471a-af3b-2250232e52a4,b287012c-1783-4b39-a7e0-d6f5e18acd9f,2026-07-07T21:52:00,2026-07-08T19:40:35.928790,payments,bug,low
f73fee98-7448-464b-85ef-943ec7303c72,62f67c49-8af0-48f6-8d5d-b181a5aafb0a,2026-08-30T08:45:00,2026-08-30T23:20:26.365938,messaging,configuration,medium
94d1a71a-276c-4a13-b3a9-e25c033c2008,fcf1d46c-995c-4569-b4d2-0d99d284fd99,2026-08-18T11:58:00,2026-08-19T05:01:18.359673,identity,performance,medium
077a0d93-697c-4edc-9984-426aae47a9fb,2efbf49d-b31a-40ae-9c60-0c5118921b5d,2026-07-10T10:22:00,2026-07-11T01:11:44.592032,identity,account,low
a8e52615-129f-4704-a385-f9c740151e69,5fc39dcf-508a-4d79-aac6-4a0f5de32742,2026-07-21T11:08:00,2026-07-21T23:42:33.047747,messaging,bug,medium
e30aac2b-199e-46f3-b905-270cd13952ca,74c5e147-71a6-4b32-b99d-347899f8d5ff,2026-08-30T18:13:00,2026-08-30T20:23:24.260907,identity,bug,critical
d8d1a4d6-d3f4-4a56-a915-92cd61f59911,f89d1958-7f32-4249-b63f-f4dd944ff4e5,2026-07-20T22:21:00,2026-07-21T01:47:37.266558,payments,billing,critical
ae9023b1-183d-4294-9b7f-89c1d6ca8916,82ab3229-c9f4-49f8-b98b-b863abc4c582,2026-07-20T15:47:00,2026-07-20T21:43:57.989795,payments,bug,high
69259795-b093-4212-bc3a-84865593c2e5,536acfe5-d184-428e-9312-5cf26af8580c,2026-07-02T21:22:00,2026-07-03T00:32:08.281356,messaging,performance,critical
58826ded-ef70-44ec-ba12-263fe74e78c1,3f4031c6-6aa9-4728-a692-fda40a911a36,2026-08-21T17:00:00,2026-08-22T22:06:53.075337,payments,performance,medium
63f68079-de70-427c-bfc8-30f10be48fb3,a64c5412-c95f-4aca-b63b-91b3d090c900,2026-08-22T20:59:00,2026-08-23T00:43:25.362027,messaging,account,critical
0681321c-1d2d-4dc1-92e0-48b491950737,b8d87930-c75d-48fa-b196-0c95388ffaad,2026-08-03T03:06:00,2026-08-03T10:00:58.018434,identity,performance,high
933ea330-34b3-4e82-9866-cfecf8992813,72ef32aa-bdd5-49f0-ba2a-f794b19f1b3a,2026-07-22T08:43:00,2026-07-22T13:19:58.764916,identity,account,high
cf70240f-4cd1-4b07-a351-4db472dff071,cd0fdb83-807a-43a7-82f9-9eae875dafc0,2026-07-13T05:48:00,2026-07-13T12:57:34.044865,identity,billing,medium
9eedd341-3f0e-4754-8df3-4671de39a2eb,c97ffd5d-5901-4ca1-8a9b-7cd93dadf10b,2026-08-16T04:32:00,2026-08-16T09:22:18.459493,messaging,account,high
d5f78661-f130-42d2-a204-925710e7f608,373479f4-8416-4dd3-8f06-4b76457537d5,2026-08-24T23:39:00,2026-08-25T20:30:00.673240,payments,configuration,medium
22d50d90-e77e-43f3-a848-612e7c306b5c,debe189e-bba5-4b91-aa78-26d1f97dd125,2026-08-22T06:29:00,2026-08-22T09:28:29.035822,analytics,performance,critical
11cc8c2c-5a83-4243-9214-698ac1211c05,8b1e7294-021a-4fe8-ac37-5669c5e81094,2026-08-09T16:51:00,2026-08-10T11:55:45.325672,analytics,billing,low
129d1167-276d-4ea8-8064-6a931c19bdad,ae82d90d-5f27-48a2-b80b-50a838dcc587,2026-08-20T21:08:00,2026-08-21T01:14:09.833201,analytics,configuration,critical
b73a0375-f9b4-4bad-bf80-134d8aa7f273,0c716fdc-0ec9-41b6-87c7-6a174ac06b4d,2026-07-14T11:02:00,2026-07-15T13:13:06.779323,analytics,configuration,low
b5925cfe-bd3c-4df9-871b-1f4f077a422e,db5e1a00-be03-4843-83f4-378ace2e5b13,2026-07-26T03:07:00,2026-07-26T05:54:32.964318,identity,bug,critical
633e5245-7eb6-4388-8bde-c0f26af7eb7e,dcd1d2ce-7f5b-494e-be35-122fdd1c2d0e,2026-07-13T03:19:00,2026-07-13T05:44:46.112974,messaging,billing,critical
c2e922dd-17b7-4ffa-ba27-4e410abf7646,2cfa1b84-d434-4b69-94c4-8eb66093a150,2026-07-28T17:32:00,2026-07-28T19:27:57.717141,identity,billing,critical
c14ccfd1-fea6-415a-99b0-9b336f6f2244,d4d32a8e-7ca7-48dd-93fe-0f09d9d0fd6a,2026-08-19T02:48:00,2026-08-20T00:37:04.968659,identity,bug,low
0d0079f8-d8bd-46aa-a06f-9186cd48b60a,94d3c333-2c75-43ca-aeec-d89e5218e994,2026-08-02T14:49:00,2026-08-03T09:21:09.224256,analytics,bug,low
89fadeaf-babe-4401-9569-3358f2270964,872e123a-fd48-4fb4-bea3-0dc54763aea7,2026-07-15T16:09:00,2026-07-16T08:10:43.942631,payments,billing,medium
14a1b34e-1b67-4c01-a45a-41e1a71e32c4,34efdc49-7347-4e3c-87d7-b733882a2caf,2026-07-03T16:24:00,2026-07-03T21:06:46.244909,messaging,bug,high
59642f8f-66dc-4cc7-9323-741d7132bdfd,04b211af-3453-4051-9548-df98279b598a,2026-08-06T17:34:00,2026-08-06T21:09:21.282598,messaging,performance,critical
df834ff6-e4ca-4bec-a5b0-da22b72f5e94,6335caa9-bbfe-4933-96ca-7166da3064e5,2026-07-13T14:34:00,2026-07-14T05:10:05.460859,identity,billing,low
0a1277e3-ea9a-428c-be2a-6055604c77d8,c907d7c8-330b-483b-a57f-a2edbf41e158,2026-07-17T03:33:00,2026-07-17T05:19:19.932499,messaging,configuration,critical
31644e65-9e8d-4535-bf05-496727c607cb,0adff19f-d599-4a91-95d4-840621240c6e,2026-07-24T17:04:00,2026-07-25T03:16:51.869583,messaging,billing,medium
7f7e1bfc-c13c-4ed8-8df8-a71a7159e8d9,c21903ae-5b26-40cc-84f8-bdd632d3bb59,2026-08-28T21:53:00,2026-08-29T01:38:19.606178,analytics,configuration,critical
876233f6-fead-4317-8882-25a59a9ee1f7,cb5d3b38-0e12-44b4-ad75-31301503e8e5,2026-08-17T16:24:00,2026-08-18T19:04:34.255958,identity,bug,low
f89e3843-dffb-4038-862b-06e47257362b,572f0d52-2483-409b-ab0d-98fd979e9a25,2026-07-06T09:12:00,2026-07-06T15:13:14.688459,identity,bug,medium
7d729398-c36d-41fa-be2d-bad13b156b71,d7d10436-31f7-4ecc-8b33-145c1f954d1d,2026-08-18T03:52:00,2026-08-18T10:56:40.901379,analytics,bug,high
25eeb842-2a3a-4c22-b099-56d2a54ea322,6d1c3c5b-180f-47ea-80b2-34bc4ee090f2,2026-07-03T12:24:00,2026-07-03T20:39:42.426529,identity,bug,medium
18b99325-2038-4bc3-955c-ed2e053595ff,f8097292-99d1-44f6-b22c-2eae87bedabb,2026-08-26T12:18:00,2026-08-27T06:00:33.452901,messaging,billing,medium
1652c3dc-a1a9-441d-8922-690da2934927,4a59befe-935f-4d4a-af76-708313546aea,2026-07-09T19:49:00,2026-07-10T04:24:30.768337,payments,account,high
1acb14cc-95e4-4b8a-99be-77d309ec08dc,847b71df-b818-40bb-83fd-ca0b913bbe73,2026-08-10T02:43:00,2026-08-11T07:06:24.748223,payments,account,medium
cf57d2e4-ca72-41fc-97e3-f39bed6bb115,70917a85-eae8-41ff-b660-89e77d8bba70,2026-08-10T12:20:00,2026-08-11T14:10:06.989327,analytics,account,low
ce79acba-843a-4be4-8eb0-8b8e51a4a4fa,ba9df514-0b38-4939-9b5c-30fc4d2aaa9d,2026-07-11T22:45:00,2026-07-12T14:01:58.700578,identity,configuration,low
3d8768b2-ecb6-492c-817c-b76646050a1c,3ecc8601-bf78-4772-9904-9f061af47f8f,2026-07-17T10:07:00,2026-07-17T12:11:46.124722,payments,bug,critical
fb3e22ba-5da1-438a-85f2-9f42894e9a65,2612c0a3-14bc-4940-87aa-6de78a22e4f5,2026-07-15T03:09:00,2026-07-15T07:00:07.876616,identity,performance,critical
5adc3c00-ac61-4dab-839d-4358d098587e,a9ce2f75-3c75-475f-bd4d-adf2a0f069b4,2026-07-11T14:14:00,2026-07-12T00:37:17.959659,analytics,configuration,medium
04df63e4-d064-405d-aeb9-6daa9ac293c5,63fc784c-38a9-4ab2-b9f1-385605c73811,2026-07-22T19:05:00,2026-07-22T20:42:29.176188,messaging,billing,critical
bc7b5a85-62eb-4353-bb77-a6eaac3eaa91,967259a2-57e6-4abe-aa6d-1ae71c2fb67a,2026-07-06T08:03:00,2026-07-07T08:18:35.765523,messaging,account,low
e00c7dc0-32cb-44b2-9a2b-d61675d9bb89,1c7aba2b-4f62-4b80-9bf9-ccac2f650029,2026-07-09T06:41:00,2026-07-09T10:27:14.773487,identity,account,critical
56d7fb9e-eaf6-448b-9698-cde3d110784e,8f737f61-10ac-4ecd-a6ae-82f08bf28fed,2026-08-28T13:05:00,2026-08-28T22:14:03.058664,payments,configuration,high
0ca0760e-35b3-4d65-acae-cbacc69ad4da,60632511-3ffc-4666-9083-7efe9550c774,2026-07-19T00:37:00,2026-07-19T03:25:19.499304,identity,performance,critical
bf44febc-5f54-4e9d-a172-cb35ab2ef826,132a2b98-5e17-45ce-a6c0-45c93b0417ef,2026-07-08T11:58:00,2026-07-08T13:46:46.639821,messaging,bug,critical
08b0db64-2036-4491-b06b-0d54cc1b07d4,8fa48b91-523c-4275-b0b8-490215d1dcd9,2026-08-21T02:04:00,2026-08-21T04:29:03.693889,messaging,account,critical
e836e60f-b8e9-42b9-bbd5-6202e1ceb047,bc6e2f2c-d39a-4047-b003-bfefe44cf84f,2026-07-27T03:23:00,2026-07-27T15:46:07.512867,analytics,account,low
37b78bc5-d7ad-4e5f-bd3c-2d9938ddb9d0,daae760d-1b5c-4280-8137-1ddf1be41888,2026-07-09T02:49:00,2026-07-09T16:30:28.280898,identity,account,medium
24c9514e-c2dd-44e0-b459-3aa031663322,434d9044-ae8c-4ee2-b586-3ac1bb44bdcc,2026-07-05T08:45:00,2026-07-05T15:49:45.160057,analytics,bug,high
2d37bd33-4a9f-4fde-aae7-38313a42f5b5,f86e085e-d7a5-4865-9422-9168d30830e5,2026-08-02T00:26:00,2026-08-02T12:32:17.809215,analytics,performance,medium
93d583ca-5c7c-4e6d-b871-3047e74647eb,a3894980-6403-4f7e-9708-baf127adfab6,2026-07-05T01:41:00,2026-07-05T06:01:59.614453,payments,bug,critical
cb70e18f-c529-4162-a445-8e4cfe16220c,63e36b2d-ca8a-404d-ab43-b28de88d8ea9,2026-07-21T04:01:00,2026-07-21T15:57:35.889003,identity,bug,medium
134b3c53-85cb-4b9f-9c48-39ad91eb6916,593feeb0-bb50-4824-8249-ca58df7dc5c9,2026-08-21T23:41:00,2026-08-22T01:48:05.122262,analytics,bug,critical
0a97c554-2def-47bd-9de0-12bd114c8e1f,9a33307b-9484-4eaf-9862-f948312dc3b7,2026-07-11T14:07:00,2026-07-12T04:01:54.469082,identity,bug,medium
3bea7627-8fb5-4679-9772-7ea9ba3763e2,191e4cf7-670d-45db-b6db-9f9019740e2e,2026-07-31T02:32:00,2026-07-31T12:59:41.059186,payments,performance,medium
f43ca939-18dd-4389-b6cb-62f674da4e42,30ff8174-3d75-41ab-b310-6dbecbbbb0c9,2026-08-06T14:05:00,2026-08-07T03:16:06.070684,analytics,billing,medium
f1877953-2b1a-49ad-88e2-47fef1e8a41d,e12fb5b1-2e8e-4f2d-8e53-c7159269730a,2026-08-26T14:15:00,2026-08-26T19:53:20.436889,identity,performance,high
81ca07f1-2e1b-45cc-8c21-28cd7c0fcaf6,0512253e-3502-4b39-a977-dc95cb6efd8b,2026-08-29T11:14:00,2026-08-30T03:43:09.501537,identity,performance,low
9cacda73-eab5-44d1-bb30-c27f80c06ac1,ad21ffb5-52b9-42e9-8f74-7799c6753a3c,2026-08-07T15:36:00,2026-08-08T07:24:02.504511,messaging,configuration,medium
b75d7ce0-e9e5-4a48-a9af-88645ccf251e,90255e27-eeca-4bba-8548-e8c5a60372d4,2026-08-14T10:31:00,2026-08-15T06:47:39.603898,identity,account,low
763686d8-1c4b-49a4-9e35-35396dc7dcfe,fb2c8752-65fc-46e7-93b1-08695aaee8f8,2026-08-05T23:54:00,2026-08-06T13:51:20.002914,analytics,performance,medium
d80514a0-5eec-4ce9-a604-0015b2110e7c,979a8299-df5a-4c21-b323-701f57770810,2026-07-21T07:05:00,2026-07-21T18:56:38.264432,analytics,bug,low
8050fd9e-b265-4b93-bc4d-1cc879c9a7be,c195440d-799a-4eb0-b3ff-5b8ceb878106,2026-08-14T11:13:00,2026-08-14T16:33:20.161974,analytics,billing,high
4c5b38a7-de8e-44dc-8eee-e1cebccf19cd,737b2c48-da6e-4b6a-833b-32cdc276623c,2026-07-24T08:19:00,2026-07-24T14:35:39.498980,messaging,configuration,high
ab2ad454-1b9a-4e1c-866e-e79a5fa304e3,11f9f3c8-39c9-4cf7-b7db-31f9f892654a,2026-08-21T21:25:00,2026-08-22T13:31:29.924602,identity,bug,low
e125aee2-baf9-4c03-9778-0812359acebf,5b9abb49-6096-481c-b149-865d1b4be03b,2026-07-19T09:33:00,2026-07-19T11:39:08.512247,analytics,account,critical
2383bd85-cd94-4adf-8af1-a18670208d00,eef48997-543e-4951-a6f6-0cba6d235160,2026-08-17T04:04:00,2026-08-17T05:53:40.914062,analytics,performance,critical
9289575d-9df4-4ee4-bf00-e05e39b5fede,c6086489-a0a2-47ee-bf19-3f84fe7f3858,2026-07-21T19:28:00,2026-07-22T02:28:11.866875,analytics,performance,medium
6d6daad1-ee99-424e-8138-ac5b6cd37bc2,fb79da79-805f-42f0-8690-ef66a569bbb5,2026-07-07T03:14:00,2026-07-07T10:44:17.526570,payments,performance,high
ddcf9557-496a-4198-a4f0-9b7a2b7554a9,66e30684-bda1-4116-96ae-103f7bb4cdcd,2026-07-13T23:51:00,2026-07-14T20:46:54.414175,messaging,account,low
3091e044-e73b-423b-97ca-6b39ecaf33ec,60a57219-75b2-4093-9a2a-be51b0d77355,2026-08-15T20:10:00,2026-08-16T03:59:48.409400,payments,billing,high
af3f5137-51ba-4b61-ba0f-449b1bbbf3f7,5470174d-f05d-49e0-b95d-bf3abf123727,2026-07-02T07:02:00,2026-07-02T18:24:28.985519,payments,configuration,high
33e68b21-4128-4aa3-bc0e-30990534a765,bc374ab0-0069-4ef2-8142-7c8f19a79fe5,2026-08-01T20:50:00,2026-08-02T12:52:37.008814,messaging,billing,low
ef506edb-25d9-4a5d-af60-78e591a20094,ea5cd635-4ea0-479f-99ea-76dcd1ec7a38,2026-07-14T22:26:00,2026-07-15T11:29:15.266729,identity,account,low
ef55306d-446d-485f-acae-340cdc938aca,7d2f83f4-a789-4541-9443-0d3eb45543ed,2026-08-27T02:10:00,2026-08-27T05:00:12.020053,payments,configuration,critical
15e9de4a-d063-476c-b8b2-801db397c461,4ff95e65-2cb5-405d-a96c-e2eebff26f33,2026-08-10T02:21:00,2026-08-10T10:48:17.370192,analytics,billing,high
22aecd2d-0962-4cec-b09c-a5af4c2f38b2,a3db522e-15fa-426d-9a60-c34f97bcb5b2,2026-07-14T01:10:00,2026-07-14T22:29:32.631289,identity,bug,low
c11408a4-46c1-467b-9237-196d1d384e75,f6a59238-f514-4d8d-ae0f-38989d93628b,2026-08-07T07:29:00,2026-08-07T22:10:20.228462,analytics,account,medium
5d7da582-cfc2-4dc7-ba0e-faf093e58157,bff4c610-ed01-4faf-b7aa-59332d5fff14,2026-07-30T06:40:00,2026-07-30T23:29:05.647249,identity,bug,medium
deff75fd-7bda-48e6-9885-7852bf425bc3,3b1bda93-d172-4653-974b-489600cc73b6,2026-07-22T06:26:00,2026-07-23T01:33:43.715343,analytics,performance,low
4fdf11d3-1782-45a3-8f93-ce180d708437,8df89776-52a9-49f9-aa29-cf29339b6d60,2026-08-05T06:33:00,2026-08-06T01:41:43.791535,analytics,billing,low
ba86e1dc-3fa7-4bbc-97cd-3765645df915,783b6e84-92b4-423d-bcd6-e02eaa8bade2,2026-07-07T17:29:00,2026-07-07T19:49:50.659268,analytics,performance,critical
2fe81dc1-7be1-465d-b652-0529e524b33c,80eb0933-56ab-425e-b809-596a1d04d945,2026-08-26T01:46:00,2026-08-26T15:57:40.466660,messaging,performance,medium
aa9e056a-18a8-43a1-9654-a3cd87650eb1,29d8e31f-dc9d-412c-8ffd-6a0c00b2c951,2026-08-25T18:15:00,2026-08-25T21:11:14.594095,identity,configuration,critical
ecf9a93b-71e5-4102-8099-3d40b63d2f47,7ca98bb2-017e-4dc3-b88b-16d8cf79fcdf,2026-07-14T22:32:00,2026-07-15T04:19:26.587260,messaging,account,high
c2ef6c52-8ce7-45f4-86e8-4e6a77d5cb2a,cdb497de-41d6-459d-8686-c04c1ec9a3e3,2026-07-27T02:39:00,2026-07-27T13:42:19.799715,payments,performance,high
7bfe4507-2d3b-4498-949d-a2853cf2515a,5c0c1849-b945-493b-bdb2-0c654d91477f,2026-08-03T12:04:00,2026-08-03T17:13:06.732697,analytics,performance,high
bfb63df8-66be-4f06-a2ea-a5d1f2837030,dce1e937-a667-4754-bd4d-8e3679c538e0,2026-08-11T20:44:00,2026-08-12T14:34:59.540699,messaging,account,medium
94cb1005-4298-419d-ac99-cf7c20c53539,30f9f841-a4e7-4958-a6e8-faeae40a1be1,2026-07-12T09:07:00,2026-07-12T11:52:48.319074,identity,billing,critical
9efdf563-ef21-4540-923c-ea70ebb34d42,b459a821-ebcc-4728-b765-555070a1c716,2026-08-08T00:32:00,2026-08-08T04:53:25.640721,messaging,performance,critical
64bc287f-a7d3-4850-895c-aee29a2aa082,ed704f25-a0df-4b2f-8318-b6bf2b7a8ec4,2026-08-12T04:34:00,2026-08-12T13:53:22.754645,identity,configuration,high
fda43829-5e71-400f-9767-5ae28452a20a,0fcb6722-cdc0-45ae-9282-cb28bbadb8ee,2026-07-13T02:47:00,2026-07-13T17:20:03.882012,payments,billing,medium
636ca258-f9ed-4904-bbc4-8d5815be4459,26e2987f-b650-41f3-96a3-3414bb7f81b7,2026-08-21T17:39:00,2026-08-22T13:48:54.368427,payments,account,high
5597ee2d-9798-43cc-ab7f-2271cb7737fc,cdf3d5a4-f675-43b3-bd7c-19d6815d9da8,2026-08-19T21:34:00,2026-08-20T03:16:29.194063,messaging,configuration,high
b40343fd-5661-4aaa-b4f1-214ffb78ca1a,07e1990b-0457-424a-a806-3667973010cf,2026-07-13T20:44:00,2026-07-13T23:08:03.458964,messaging,bug,critical
8f1995ea-cfdf-469d-9efa-a829bc1e56b3,a9f302f0-6846-4529-a78b-14a5903d1641,2026-08-26T18:15:00,2026-08-27T02:51:22.095589,messaging,bug,medium
30d0949b-c56b-44e3-a4bf-6c037419eca1,67f4fa8d-b460-4f2c-abc5-d776b457e2b6,2026-08-20T05:11:00,2026-08-20T08:51:25.328136,payments,performance,critical
7886a262-636b-48b2-af59-aadb728cd00c,4f9cc41f-98c4-49b3-adca-c43cf43eada4,2026-08-10T07:42:00,2026-08-10T10:54:07.843380,analytics,billing,critical
a4f7d2cb-922e-4e2b-914b-742f984d2c8b,1b5a0e04-fc71-401b-99ab-ad5c14cfe335,2026-07-16T16:29:00,2026-07-17T06:10:41.487694,identity,account,medium
6f97cf89-c3e9-4fee-b9c9-357c30d52f67,06a14b34-06dc-4ef4-9954-284732320562,2026-08-22T08:15:00,2026-08-22T12:39:32.579032,payments,billing,critical
7ad04768-30aa-4e6d-88be-c1db947af2a5,83f7506b-8b12-4f5f-8def-d1d4c554bce8,2026-07-23T08:44:00,2026-07-23T17:36:58.311667,payments,performance,high
584ade0d-4580-4f3c-8adc-81a7e8a24eeb,08a7a052-50b0-43b0-8628-c7215aee28dc,2026-08-25T17:38:00,2026-08-26T04:10:36.603788,analytics,bug,low
425c4cbd-9362-46b6-8a0d-7ab221ffd8dd,b150f83a-ece6-4208-9446-df41ca192bcb,2026-07-01T18:56:00,2026-07-02T09:34:21.443502,analytics,configuration,low
86690db5-8be8-4251-b8dd-e1a53baa7961,9b9d732e-bc4a-42f8-ba5f-2abf1865881e,2026-08-02T11:12:00,2026-08-03T04:38:36.008943,payments,billing,medium
480a09cc-a1cc-4ffa-92cb-5a738af86a1e,217375ab-34a9-4c5a-8ed2-81df2df94574,2026-07-07T00:13:00,2026-07-07T08:53:03.317407,identity,account,high
5bb7279b-7c32-414f-90c5-b7054d4ce36c,65aa3b81-8402-4546-a27e-014ee98f527e,2026-08-10T15:38:00,2026-08-11T01:06:36.813316,messaging,configuration,medium
8bab25fb-a22d-437f-bac2-7365f51e9609,7e9b604d-4580-41b2-81de-26e81dfb0bf9,2026-07-10T05:43:00,2026-07-10T16:41:56.029568,payments,billing,medium
29fca52c-bd7f-48d3-85f1-da73ee3dfa73,712a5251-1ec3-4231-9ee0-d189aab121c1,2026-08-18T10:50:00,2026-08-18T14:25:58.516233,messaging,billing,critical
54b94bf8-f473-4c37-8371-6bf835e3b38e,b7208bb8-add2-4238-8574-82533f3d299e,2026-07-26T14:21:00,2026-07-27T07:15:36.784408,payments,bug,medium
820281e3-3028-4f02-831a-737493830344,3b065394-ec97-4f96-9ba1-580234c92459,2026-07-09T20:03:00,2026-07-09T22:58:06.381346,analytics,billing,critical
5c8332d9-9c54-4a01-a2a3-109c9bdb891f,36b7b5c4-97ab-4437-9d1d-e2c2bd813891,2026-08-13T09:45:00,2026-08-14T06:21:20.042666,payments,bug,high
05face8a-ccca-4777-ba6b-dadbdc3833b7,2d870e4c-0c83-4012-b4a2-355e6ddb62b0,2026-08-23T05:42:00,2026-08-25T05:20:15.407898,payments,performance,low
1155a139-012b-4608-9caa-5d9086bf8176,0e38a9bb-b268-4215-a085-15df48c78041,2026-08-21T14:09:00,2026-08-22T15:06:24.597709,identity,configuration,low
6a5434ad-b6b2-4d2b-9265-bd46603c6992,d13d5cf3-6113-4619-8379-96607315511f,2026-07-07T06:29:00,2026-07-07T15:54:08.346976,payments,billing,high
561e7480-de26-4e73-8754-78098a21415e,c3d8f3e6-7593-4f81-abf3-52c88cb6b1b2,2026-07-14T14:33:00,2026-07-14T20:53:19.664536,analytics,billing,high
ec139f8e-ad1a-4c2d-bdcb-6e88ca1bbf69,bc1556d6-8046-457f-9aa2-60597fd9bcc7,2026-07-08T13:28:00,2026-07-08T15:00:52.319775,identity,account,critical
ab329413-f831-48ef-a90e-4226634400e0,5dc6b4d4-e812-42aa-b75b-8448cbea3ef1,2026-08-23T17:34:00,2026-08-24T04:22:36.081387,messaging,billing,high
99bab32e-0cd7-4ff7-91cc-2be27877e2c5,76abe2fe-4c08-4876-a906-21583bb5a41c,2026-07-18T11:28:00,2026-07-19T05:16:46.666449,identity,account,low
b545f58f-d26f-4223-b111-009edb37c84d,476b2888-7e4a-41e6-98e5-cf4363d7064c,2026-07-16T04:33:00,2026-07-16T10:39:17.665640,analytics,billing,high
a73a6333-4e36-44d8-9df5-92a6300e6db1,2d937561-6e98-4f64-a914-e8507b38d5df,2026-08-09T09:47:00,2026-08-09T19:46:59.931549,identity,bug,high
6ee9b11f-d216-4611-a109-5033cd26663d,143b9e96-f095-489b-bf7b-ede7ebea7706,2026-08-29T18:34:00,2026-08-30T02:58:36.694471,messaging,bug,high
92c8635c-ccd7-484d-be53-c1a03355e511,7a2211c2-6a86-4576-8928-8a7f48de993f,2026-07-12T21:24:00,2026-07-13T11:50:55.638386,analytics,account,low
c177a81a-eaf0-466f-973e-3d228a6f9b9c,cba5cfc9-ef29-406a-946a-cac49a9a8b31,2026-07-19T04:07:00,2026-07-19T05:43:28.618105,messaging,performance,critical
205d0379-a9e7-497f-9d02-33ec067883a7,4731b3f5-d2cc-4fb5-ae46-e0fe39129919,2026-07-25T14:26:00,2026-07-26T00:51:30.605688,messaging,configuration,high
f7f9efff-5532-482e-b141-b1d2d062373a,bb95d160-abbf-4653-9ffb-37f154507e6d,2026-08-08T15:21:00,2026-08-09T08:39:53.550243,messaging,configuration,medium
f0177d39-066d-466b-9520-06b019a771e5,dac90a1d-c084-4101-9364-33463665cb44,2026-07-24T19:26:00,2026-07-25T01:34:00.168861,payments,performance,high
5b8fb02a-3472-47c9-b978-40728a81bd86,ce6a142c-ddf8-4805-9ff8-7df6b931b79a,2026-08-10T22:45:00,2026-08-11T08:09:50.883313,analytics,configuration,low
cde303f0-bd39-4745-946f-10fcd1a9e89f,ee2d59b2-6d39-45e6-a342-e2811bf16821,2026-07-12T16:46:00,2026-07-13T04:57:16.547708,analytics,billing,low
b568e5f4-2f44-4647-add5-668a798e8c6c,3c4ffe22-633b-4499-a1ed-bf3c9504d385,2026-07-06T21:54:00,2026-07-07T13:14:47.472481,payments,account,medium
8af79340-d872-4dcc-8c97-b8ea8f530c07,8fe2532c-782e-44ae-8595-fe4acb8a7c2f,2026-07-07T20:44:00,2026-07-08T07:41:40.596351,analytics,bug,high
5b42cecd-6026-4d21-9b3a-660588a8b8e8,3139b378-92d8-488a-bb9b-8dfc2b675f77,2026-08-26T04:51:00,2026-08-26T08:14:34.831503,analytics,billing,critical
30d65191-b7ed-4bb3-997e-f61b5893188e,440d4b69-80fa-46fb-b816-2429c810c216,2026-07-31T02:51:00,2026-07-31T12:51:39.583737,analytics,account,low
b51daa9f-5545-4d27-ab8b-6be545ef95f1,54bccab0-1645-472e-8392-b8b8560defca,2026-07-13T15:01:00,2026-07-13T22:07:01.607711,payments,bug,medium
f0ece0a8-05c1-4a04-b854-fc4a856ab129,c4efbe4f-4855-4542-b09d-43333c83fb75,2026-07-09T08:04:00,2026-07-09T16:35:21.462566,analytics,performance,medium
0e95fb3d-3640-475b-8908-12ff271380a7,0e8c8261-0476-4a5e-b54f-00a4e895512a,2026-07-08T05:28:00,2026-07-08T17:10:45.105534,messaging,configuration,medium
d2a8d52b-cd2a-4349-a7fc-f67681463aa8,28c41e42-89c9-4359-8a74-2bc5e2329d94,2026-07-18T23:00:00,2026-07-19T10:37:49.891677,messaging,account,medium
87db880f-74b3-42ce-a523-fabde3e4bfa3,4cf848bc-1672-401a-a178-6133478f67b5,2026-08-23T20:49:00,2026-08-24T08:54:27.645781,analytics,performance,medium
f0224cbc-30b9-4f44-89eb-f4d0b02c944b,9d336e31-0b4a-489d-b2da-e333991fb992,2026-07-08T05:47:00,2026-07-08T10:56:04.111822,payments,billing,high
e8914fc0-ce73-42b2-a3bc-e565be2eb4e4,5a0c5f6c-2d9f-4538-8f6b-d0500b8d7b74,2026-08-19T08:00:00,2026-08-20T06:17:51.474868,payments,bug,low
8a039ae0-3ccb-4574-9ad1-fc8fd1f197e8,f0b17ebb-ab78-4098-b350-aec4c4e2f040,2026-07-30T06:07:00,2026-07-30T09:31:21.206787,payments,billing,critical
f0619ce2-e71c-44d2-bea3-8a63e48b2460,c83f02f0-f618-4c53-94d5-8c3d9a0352e6,2026-08-23T21:55:00,2026-08-24T00:56:11.868099,identity,account,critical
8cd5f264-1613-4453-b6ac-63b6366c9613,3fd2553b-7147-4d24-9f54-26d13751f017,2026-07-26T23:28:00,2026-07-27T10:03:44.694831,payments,performance,high
32ba0ef2-cac2-4c5d-aa32-5fd4f61f430b,6f06c002-d0b5-42ab-8115-4f18dc63e363,2026-07-22T21:58:00,2026-07-23T08:00:03.756300,analytics,configuration,high
f0adaf07-319e-483a-bf13-5daab55c69b7,933e26b1-8428-445b-a64b-43a67b9dba8b,2026-07-06T21:14:00,2026-07-06T23:45:57.611129,analytics,bug,critical
ed0ae921-666c-4f2d-bc95-13dd348115b6,5866158b-8f46-4094-afbe-18fc417e4f87,2026-07-06T11:57:00,2026-07-06T13:29:09.588593,messaging,bug,critical
eead6cd5-cf6c-407a-9177-4193a8eafa42,6a7a8827-ea74-4551-af99-a126a3c14967,2026-07-09T00:44:00,2026-07-09T10:19:04.588154,identity,account,high
9ed6c6cf-2f66-42a2-82b1-aab4a299d503,8f44ffa2-ff09-4d6b-81c1-730786d8dbbb,2026-08-25T02:44:00,2026-08-25T12:33:01.889085,analytics,account,high
8ddb2c00-e0c1-41fa-a639-a183759a4ed9,d6683cf1-bf77-457e-afd8-810cba031d58,2026-07-30T01:00:00,2026-07-30T03:36:40.788639,messaging,configuration,critical
db00bc9a-3467-480e-9a65-861d7315a4f5,623077c5-ff35-41bf-9780-bc8a5b907c5d,2026-07-28T07:53:00,2026-07-28T16:37:14.422377,messaging,configuration,medium
9d18f619-4d01-45cc-9188-db30b013501f,90d76d9a-db64-44fe-8aa1-b1ca8189c9fe,2026-07-16T12:34:00,2026-07-16T15:27:41.404015,analytics,configuration,critical
36faf14a-cbd9-4340-ad11-86e57dd650f6,b5a2bcd4-cea5-46fc-b702-5d12ce92d7d3,2026-08-12T00:28:00,2026-08-12T04:34:21.769181,identity,performance,critical
56f64aa0-4aa3-4b02-9827-d81131398f12,49df7e1d-671a-4ab6-8225-793eb195b080,2026-08-12T06:28:00,2026-08-12T21:19:15.517228,messaging,billing,medium
f026f4b4-e774-4401-9e1d-7f53b84ed4d1,fa30dfe9-559f-4195-8c78-cf4f678257bd,2026-08-05T02:16:00,2026-08-05T17:43:33.061182,messaging,bug,medium
69ea3a7e-d21f-49fc-847d-1dd07c25b22d,ae47ae4f-eccd-4a84-9284-17f9d8f5599d,2026-08-04T17:18:00,2026-08-05T00:42:03.176547,payments,performance,high
78e3547b-0762-4d63-b9e8-9270aa9f075e,36c26052-a7c3-40b3-9a4a-fb185a44b7e1,2026-08-30T05:39:00,2026-08-30T21:08:13.436885,payments,billing,medium
36638758-ed9b-4223-a158-966bf4eb87bf,75061a01-f1bd-4cf5-b428-332245601610,2026-07-02T11:48:00,2026-07-02T21:03:02.451540,messaging,performance,medium
5aa4005b-7478-4795-a97f-9e5631e796fc,f81a4b83-8cf0-4d0c-8f5b-b4db8f565b9c,2026-07-19T00:00:00,2026-07-19T01:58:29.816459,analytics,performance,critical
170f79b1-debb-45b2-addc-9f391f95886e,5210ef62-975e-4b0f-b100-da72f06d374d,2026-08-20T00:01:00,2026-08-20T11:51:18.302123,identity,billing,medium
350510a0-f2b0-49c1-9ebf-b9fbcd24588c,2a98842a-54f6-444f-8af3-f57c3aa65510,2026-08-15T10:22:00,2026-08-15T22:12:53.180506,messaging,performance,medium
3c8d0cea-424c-4b6d-8dba-ed0095edc25b,2ea2e004-c11f-4b17-a155-6ff689a4a509,2026-08-30T14:26:00,2026-08-31T00:38:15.513939,analytics,configuration,low
be03eb4c-7d63-49bf-9489-b1d10024e90b,7620c33c-8414-4b6c-9a3a-63ed41192613,2026-07-30T10:13:00,2026-07-30T15:20:54.560502,messaging,account,high
44ea34d5-797e-451c-9e18-e382535d1fba,77bc5c7e-4685-4a1d-8b6d-5d9e7c32aa85,2026-08-17T05:15:00,2026-08-17T08:13:17.474224,messaging,billing,critical
4aed95f0-76a5-4014-85df-072ce0ee4d05,2eeb93af-bae9-4b07-b2ac-96a312f375a3,2026-07-29T00:51:00,2026-07-29T10:19:20.857963,payments,configuration,high
0966463b-0037-464b-9a88-1a9a671f48fe,0ff83800-5758-4714-8a91-906c805a9cf9,2026-08-09T01:09:00,2026-08-09T13:30:20.306323,analytics,account,medium
2d6ad11f-f54b-4a1d-b10f-8aaa861b023f,c93c8517-e84b-4fe6-9c02-887e480e8eee,2026-08-01T01:08:00,2026-08-01T09:39:21.437438,identity,billing,high
e4d024a9-5a29-4270-b877-5d22638eca8f,0ef18cbd-d737-4334-a46c-b1c9a709efbe,2026-08-13T02:25:00,2026-08-13T05:01:36.091978,analytics,bug,critical
4d60fd8b-d4ef-4162-9daa-1223453837de,2abe2736-b993-4500-be93-681736418aae,2026-07-23T09:38:00,2026-07-24T02:33:18.312544,payments,configuration,medium
c7b8e96f-38c4-485d-8f44-5c4230af2b7e,0f3125cc-cef5-4422-8af0-29bad271f691,2026-07-29T10:44:00,2026-07-29T19:21:03.930172,messaging,configuration,high
eb01a2b9-ae38-439d-9bc1-ba982de62ea2,31aa1d7e-55c9-4175-988c-1cf842d65a82,2026-07-31T03:12:00,2026-07-31T13:27:09.939544,payments,billing,high
dc8cead2-134c-4e6e-b70c-d57bfc24b038,83f50a82-6e5c-4ade-ba08-fecfd0b42acf,2026-08-22T02:09:00,2026-08-23T06:31:03.910520,payments,account,medium
d9dc6916-0ded-49f5-9ca4-4be3fbaab9e5,f10e4144-5051-4d52-9ffc-83c8e5aa3756,2026-07-23T16:09:00,2026-07-23T20:19:18.016149,messaging,account,critical
2b88adc8-914d-4d80-a867-5717f2b43bf5,58f7a0ff-23b5-4fd7-a5c3-6dc358a435cb,2026-07-29T12:45:00,2026-07-30T02:13:59.822277,analytics,performance,medium
fcd442be-73e4-4c0d-b5cc-94cc37da151b,3a322827-2aae-4a01-bffb-612eaff1ff52,2026-07-08T09:37:00,2026-07-08T14:09:07.452875,messaging,performance,high
99cce325-accd-4778-8d00-3bde4bd9e897,47fb631b-4d7a-4292-9fc7-3dd962d10080,2026-08-05T11:02:00,2026-08-06T05:41:27.723846,payments,configuration,medium
85ab3f87-7ed7-4365-8f07-75705f166770,2e94b1e3-ecfa-4d25-aa67-8e396173cbfb,2026-07-06T08:56:00,2026-07-06T22:31:48.616255,messaging,billing,medium
2fab5925-5ed7-4eae-a2bd-182338462624,55f870da-b000-43b3-850c-c4c10a4abdcf,2026-07-30T18:48:00,2026-07-30T21:59:08.281320,identity,account,critical
c467a563-7fda-4abd-9ac3-2aeff63f458c,efe847d2-5ad5-4715-91b4-2a7ee9172192,2026-07-25T19:50:00,2026-07-26T04:40:17.405509,identity,performance,high
7b73448c-b71a-429f-834a-41a44e47a408,b053b91f-8f18-45a8-9ffc-f58fd23b4d44,2026-08-18T19:35:00,2026-08-19T21:21:41.067249,payments,billing,low
3f37fb77-2757-42fb-9e73-ef7b23c28695,a9acd93d-9cdb-4f7e-bb4b-b1bd569e5ad6,2026-07-06T12:18:00,2026-07-06T18:17:08.922327,payments,account,high
ed18d9bc-7e1c-4383-9193-360bb1738f0d,aab50190-41c1-4a7d-b4c0-4d7a643a411e,2026-08-04T05:24:00,2026-08-04T11:29:16.450926,messaging,bug,high
a23a3688-e55a-4f18-9e47-b387fff75293,5dec7706-864d-4686-9b1b-f6797b6a78c9,2026-07-14T02:42:00,2026-07-14T23:25:45.945807,identity,bug,low
b386c773-fe17-408a-ad82-b5147b36f2ce,2d1b6ee4-948b-46cc-95eb-f8aaba694f3f,2026-08-08T08:36:00,2026-08-08T12:25:38.606568,analytics,configuration,critical
911beedc-36e4-4abc-af7f-b8877c125416,eec04604-edcc-4f52-b551-45341b6ab6e4,2026-07-14T10:28:00,2026-07-14T23:35:34.106820,messaging,performance,medium
1f17a889-f878-4f81-a7e2-b78a2ef1e2ce,22481239-bd05-4ba4-8759-92c85d3d3713,2026-07-29T14:08:00,2026-07-29T16:27:40.254058,analytics,configuration,critical
872f936c-6360-4023-a112-cd1b99d9987a,0b69ef3d-409f-488c-a347-da2453e7f0e5,2026-08-25T05:00:00,2026-08-25T18:02:15.950487,messaging,configuration,medium
a3826279-7dc5-4d3c-b6a5-100aa03e67a9,8543866a-c332-45d6-bddd-6cddbd2be5d8,2026-07-30T09:10:00,2026-07-31T09:47:09.402831,analytics,bug,low
ce0bdfab-a7eb-4b32-acac-4dd5c4a2fc2e,558079bd-427c-4d23-86f7-dc3570f232c9,2026-08-20T07:07:00,2026-08-20T16:53:59.609195,messaging,configuration,medium
cd8e0162-41cc-4e16-8e91-4e245443709b,3b5dfe1f-df55-499a-994c-84b9d57d6cc2,2026-08-04T03:15:00,2026-08-04T10:24:51.485705,analytics,performance,high
7626b68f-7dc8-4634-bfd8-b42e1453c6f7,bec5f056-ad42-42dd-a788-33ce02945cbe,2026-07-30T17:29:00,2026-07-31T02:00:29.766402,analytics,configuration,high
633ccc3c-e41b-42cd-a16f-9d44e9da0a7e,d4be03fd-598c-4bd6-b6bf-d2532413b3ff,2026-08-21T17:58:00,2026-08-22T15:58:35.928321,analytics,account,low
1ad4be31-bd1c-40dc-9db3-f69d4af199cd,db37d771-70c3-45af-9bcc-7d2907b317aa,2026-07-13T00:04:00,2026-07-13T11:35:06.261096,messaging,bug,low
1b32ab41-18b7-4548-9460-2599477eb61e,6992e896-0b00-4248-ac87-ff4f88414c41,2026-07-10T07:22:00,2026-07-11T05:57:01.939876,payments,billing,low
3ed2a746-e410-42ee-9a78-cb47c31451fa,9584e379-4edf-4619-8959-0798db6c19e4,2026-08-02T12:03:00,2026-08-02T14:34:50.589469,identity,bug,critical
ff600332-8d75-4e01-bfeb-6d2a49ca456a,884226ed-0e27-41d4-86da-c5c0894a4608,2026-07-07T07:59:00,2026-07-08T02:25:39.221460,messaging,performance,low
cb6d987b-509a-4fb1-89b0-af895ac778d8,b0ac9517-7c3e-4574-91ce-ae712abe00e1,2026-08-28T10:04:00,2026-08-29T09:43:30.797031,messaging,billing,low
c77e1eba-6e25-45a9-9cf1-5c446b768e93,5767ea9d-3f45-434a-a1f2-d1cf68909d47,2026-08-10T19:45:00,2026-08-11T06:13:28.216659,payments,bug,high
28f0e48b-1b13-4de4-8e6f-cb3f8efb197f,61a62331-7d71-46b9-9b12-ff2d686260ea,2026-07-06T03:27:00,2026-07-06T15:11:39.547633,analytics,bug,medium
e85fbf25-28d8-4b68-ae0c-e90a16a48222,52fd7af9-6312-440f-8df7-bc82c529dfec,2026-07-04T20:08:00,2026-07-05T13:35:10.988067,payments,billing,medium
a09cc875-9124-4b27-a1dc-b70b48c7b32a,160bcbd1-d06d-438a-9b76-96f81ea10c68,2026-07-13T12:45:00,2026-07-13T16:31:04.401231,identity,configuration,critical
5f2a2ad5-d61c-4abf-bdd9-20d66dcbd13b,c09e1b6c-d8e5-4ad4-bbaf-66d656da3f07,2026-08-06T00:39:00,2026-08-06T08:35:16.145201,analytics,account,high
2ef66c82-3a83-4aa9-a464-cd268181d931,ff2f88bb-d687-4417-b206-25da51108ff1,2026-08-30T22:51:00,2026-08-31T08:34:20.425340,messaging,account,low
1e882611-5bf7-401e-8cc5-8804e2c26005,41521f43-0216-441a-bd49-638dd27002f6,2026-08-23T16:09:00,2026-08-24T05:08:34.332813,analytics,billing,medium
66b72bf8-3b21-4815-b8e2-5f4f3e6db0a4,748f98b7-d414-452a-b164-a443e9b191f4,2026-07-01T15:37:00,2026-07-01T23:41:23.480665,identity,bug,high
c5cfb4ad-403f-4301-ae1f-e3aab8f08022,280f725c-0c06-4c81-b335-73e7795c82ab,2026-07-15T22:39:00,2026-07-16T11:05:05.135267,messaging,billing,medium
1948ed75-b389-4a80-9122-9c759faeb6a6,bfabf86b-8ae2-4f5b-ae30-25adfad08516,2026-08-27T03:11:00,2026-08-27T11:16:13.333166,identity,configuration,high
88cd7425-a8fc-438a-84e7-f2465911bfce,9d1eb6b4-b9dd-4b07-8752-ca3d94d84639,2026-07-15T13:13:00,2026-07-15T19:53:33.189339,payments,account,high
2626a815-c4b4-4eab-90a1-445714cbd755,cb3128a1-613a-49d8-8338-40e5f7d4a6a6,2026-07-30T18:28:00,2026-07-31T15:10:29.978877,identity,performance,low
a426e99d-bfa2-4256-9440-041fb8cc8eab,08620019-9c60-4df8-b4a1-cf2a47011371,2026-08-11T02:38:00,2026-08-11T04:44:49.572661,analytics,performance,critical
c51aa664-7ecc-4214-9e9b-7302b5ded658,fb8c5c68-0b89-4b30-8a4d-5b7e707d7add,2026-07-11T06:10:00,2026-07-12T04:32:14.308830,analytics,performance,low
7500ebec-0b94-4201-ba33-0c24b89f8fde,0a7fc24b-543a-44e2-a904-792bfb787771,2026-07-19T17:06:00,2026-07-20T03:45:48.375311,payments,account,high
e1ad839e-0ec7-4326-8bc8-873a6c38b533,dd91fd0d-61f4-4258-9da7-484856e3e272,2026-07-20T12:14:00,2026-07-20T13:53:47.169589,identity,configuration,critical
006d7c0c-553f-4286-99a6-a05ac0390f54,dd1286d4-7ad0-4f90-8c2b-7bf422df0c5c,2026-08-26T23:46:00,2026-08-27T10:05:19.226043,payments,account,high
2e9d0a03-5f86-4bbf-9d6a-c6f89a9e085e,c8c2e4b5-1498-4ae5-944b-92c2f045f170,2026-07-03T04:01:00,2026-07-03T19:58:18.166724,identity,bug,medium
2563dee4-8957-4938-9019-4dd989d93511,0e7019d3-565d-4126-99bc-f06be99c0e60,2026-07-31T09:29:00,2026-07-31T13:08:35.668171,payments,performance,critical
a6fdda4a-5093-4d69-b9b3-0cbcf61d97c5,5a9d6c14-7573-4e9c-a21a-9a1886ba0f71,2026-08-11T16:15:00,2026-08-12T09:17:59.378680,messaging,account,medium
ec7a37be-e1a6-4a52-9dd8-1f091534cbf6,b4a79c72-cc22-4796-a5dc-1a0dc6d2930c,2026-08-13T16:57:00,2026-08-14T13:02:40.796326,identity,billing,low
e0e53125-ea6d-494e-8f72-9157a82d92e2,d4005a28-a477-4e42-bac3-ccfdbec54d39,2026-07-01T00:35:00,2026-07-02T01:00:44.355338,analytics,account,low
b5a08bc9-9052-445b-a0ef-8b39789cf3dd,6104e861-d97d-4c47-bb4d-b83f3a31bf47,2026-07-25T23:04:00,2026-07-26T01:42:39.345891,analytics,configuration,critical
d3f75ef6-ea23-4ece-aa75-95db3d1a1fbb,33272c20-5401-4bcf-ae4c-9e6818f7bcc9,2026-08-21T17:03:00,2026-08-22T21:10:29.324560,payments,bug,low
4d273a95-b890-4bfa-be4c-93b73ebaf963,a45092e0-8d75-41d5-8a8b-aba9b125defc,2026-08-28T18:42:00,2026-08-29T02:59:44.998191,payments,performance,high
9a646e90-335e-47b2-b6e5-69fc91213612,3efcc6ee-1933-4693-87ba-b10b2f9c03f0,2026-08-08T00:00:00,2026-08-09T01:10:24.206154,analytics,configuration,low
3ca3bbf5-26a6-4973-a86e-148accf1e352,fd1d84ad-c60f-41e4-a068-cecb910abd5c,2026-07-28T11:50:00,2026-07-28T16:07:25.358101,payments,configuration,critical
52d24fc1-2e57-4f0f-8d3b-19086b0727c1,b2dfad1b-a36f-4f2a-b7a2-470748b3ebfe,2026-07-19T15:05:00,2026-07-19T17:06:25.477926,analytics,bug,critical
1360bb7e-a292-4dd1-b035-e84c57728301,0b6b875a-4f6b-428b-b040-451bb16390d2,2026-07-11T05:56:00,2026-07-11T10:02:33.751332,analytics,billing,critical
aa74056a-6309-4542-bd6c-9eab4d54cb13,5106a2a1-9ec6-4f13-bdc6-329bab12f0b1,2026-08-22T18:32:00,2026-08-23T16:11:06.412007,identity,configuration,low
5688b5ac-c11a-4bf1-a606-0ba88bd32039,b9122ccf-e4ac-4db8-a5e3-7022a85f62fa,2026-08-13T15:58:00,2026-08-13T22:44:54.815518,analytics,billing,medium
8d156e88-d54f-4875-a90c-88082294ece6,d4548bfa-eeda-4a87-9440-e72439b8d03e,2026-08-04T08:29:00,2026-08-04T11:16:50.865257,analytics,bug,critical
2b5350a6-503f-4c45-9adf-2cad887f9b01,a6260f87-72f6-47b7-b5ae-1d10fb7d3165,2026-08-12T09:20:00,2026-08-13T04:42:54.092464,messaging,billing,low
0ad4abfd-4bd4-4f8e-a81d-601ea07f8ca4,70128a4c-22e3-4783-a672-374f3adf7ac1,2026-07-05T00:11:00,2026-07-05T09:56:03.480108,analytics,configuration,high
d37b722f-1336-45b8-95e9-8645ab7bcd4e,5545e784-ed59-406e-9e0c-6479f91d5391,2026-07-19T10:48:00,2026-07-19T22:30:19.860722,identity,bug,high
8a8374c8-8980-41f2-8e64-59fb228276df,61dc0e34-b08a-43ef-8e6e-ad41cc35fe9a,2026-07-18T02:50:00,2026-07-19T05:45:30.267076,payments,performance,low
d25e0a27-1c93-401f-b2ca-513ec12c0081,398740a9-6015-4efa-8545-9a323ff39c67,2026-07-05T00:23:00,2026-07-05T04:15:33.208745,messaging,account,critical
e2d1a701-5d80-433e-8594-7793fe05c79b,66fd05ff-023a-45a4-810a-80c01d13327d,2026-07-05T07:18:00,2026-07-06T03:03:53.580199,identity,configuration,low
20d01874-0950-426f-b5c2-a908e02668d6,ac7f07c0-1d2e-453c-ba10-6d036339c30b,2026-08-11T12:42:00,2026-08-11T23:10:45.154350,messaging,account,medium
6e009c09-f6d2-40b6-aace-1e12787acf86,b72fd67e-a0fa-4a34-93e8-fadfcaa393ff,2026-08-03T19:03:00,2026-08-04T08:06:38.965311,payments,configuration,high
03208d1b-4e66-442f-87d0-93947f407d84,4f145d16-235d-4afb-92ff-c75844a28b24,2026-08-22T19:29:00,2026-08-22T23:56:01.938149,messaging,configuration,critical
e8871711-2d1c-4c6f-a64f-22e3b5fbc5ef,5f23ac62-4fd5-4bf6-9feb-0a5aa598c237,2026-07-27T14:51:00,2026-07-27T17:25:51.551611,payments,performance,critical
20b8654d-7bfc-45e8-9612-6100b7f54fcc,2e9e7337-4d10-48d2-98ff-a0829292845a,2026-08-09T07:05:00,2026-08-09T18:09:41.443578,analytics,account,high
69f8a010-1fcf-4d0d-a35c-4d1050f42a63,186d1e9d-86ba-40f7-8381-a4f3cd9d602a,2026-07-31T07:01:00,2026-07-31T10:46:39.995803,identity,performance,critical
c5df2b67-1f27-4c56-8cba-51a2764be162,adcf06ec-44e1-4d17-9eec-13be34ab9bec,2026-07-15T22:52:00,2026-07-16T12:03:07.838075,analytics,configuration,medium
5c6b0ce6-b9af-4deb-a300-a8d206549782,c8631811-0b6e-44ac-87c9-b35a6615272e,2026-08-19T04:06:00,2026-08-20T12:00:29.558609,payments,account,medium
f82bbd2d-4de9-4ea2-a5e3-0bfbcee6e577,d91fac47-a753-4535-827a-7331e5c23fec,2026-07-19T17:36:00,2026-07-19T21:44:31.808565,messaging,bug,critical
491f158e-33ed-4410-aeab-37d920b92e51,d76202e6-2c09-4fa5-8155-2dabbc5f5212,2026-08-15T15:17:00,2026-08-16T10:38:30.105524,analytics,account,low
107839e0-57a4-4409-87b5-a6c62e2b0404,3af13cc6-a873-4642-96f0-1b6b2b6234bf,2026-07-24T04:26:00,2026-07-24T12:20:48.383771,payments,billing,high
8d6b1d5e-9ed5-45ee-85e0-5b4d1906fa74,7dbd7f34-f498-4569-913a-51b11817e3a2,2026-07-30T15:02:00,2026-07-30T18:06:09.707087,identity,account,critical
24009990-28e0-4e81-938c-b902f334391a,22ae0572-20db-4a34-95e2-39c1e0513654,2026-08-05T18:05:00,2026-08-06T12:04:50.996175,payments,account,high
b9980e59-0499-4e37-9994-20c6f84d9aa2,467ba7fb-6c21-4bd9-bd1d-4bbb381b6533,2026-07-10T16:29:00,2026-07-11T08:29:43.888888,payments,performance,medium
dd70d7d8-4438-4469-a378-6d3e5a34d871,c3d2d692-479e-442e-8b6f-fcb36613eb10,2026-07-18T03:24:00,2026-07-18T21:18:49.148889,analytics,account,low
0d38e4f0-e4ea-4bc8-a0a6-124075582ef9,ee122546-3f90-487a-9781-5281a9088d1a,2026-07-07T13:44:00,2026-07-07T16:08:30.862148,identity,billing,critical
689e5829-0fb3-4857-8992-b0bb4e0ddd8c,3001bba1-85b4-4478-bf49-9ce05588b01f,2026-07-20T01:06:00,2026-07-20T10:23:31.055750,analytics,billing,low
335136d0-2326-4340-aa28-165c58a08ee6,6703a75a-c3c7-4d6e-bada-9de6c083690d,2026-07-27T22:09:00,2026-07-28T14:04:54.765236,analytics,billing,medium
f9429b4e-2486-4efd-8af3-2ebed81f8b48,3da8c9e4-85c5-4f32-ba8e-091bcbe171b5,2026-07-07T11:50:00,2026-07-07T16:11:10.936695,analytics,configuration,critical
ef8ce51e-9147-4fdd-b59a-c7e02d87b19e,cb8d6f94-79f7-4c4f-a951-da5b93d17e7e,2026-08-08T09:41:00,2026-08-09T07:14:38.639752,identity,performance,low
db6b80ec-ef90-42a3-a129-4dd9e75f6eeb,b3e235d3-962b-4b2c-ac12-152723fd6d86,2026-07-28T07:49:00,2026-07-28T13:29:03.314060,identity,performance,high
12b05a26-0383-4f63-a7ba-69988445cf16,1b4b516d-7d43-4908-b74b-7035d5f92cce,2026-08-09T00:07:00,2026-08-09T21:20:26.808977,messaging,account,low
0010a920-1daf-48c9-9d58-d5dd5ae70d85,5e0a6e02-2760-42ac-9077-eb262376c5ad,2026-07-03T20:51:00,2026-07-04T01:05:53.961222,messaging,configuration,high
85d0bde0-0d47-4fc7-8efa-9e81e0920f85,f7d8e6dc-d7e8-4e8f-bd91-850005d39ae1,2026-08-13T02:35:00,2026-08-13T19:11:31.068177,messaging,account,low
57e332c7-26e5-4643-955b-2b5d24cd5ea7,95bc015e-25ce-482a-9ca7-fb3e9823fbb0,2026-08-23T10:35:00,2026-08-24T02:25:21.880711,identity,performance,low
642cf668-6871-48b7-84e9-978fe7979a41,80c3eec4-245f-4bd5-bfef-e530259645e5,2026-08-14T08:50:00,2026-08-14T17:10:59.566661,analytics,performance,high
c66f31d9-1813-441a-b216-cadaf7197d0b,922deb50-048e-4751-a294-1fc57fcba9de,2026-07-08T13:14:00,2026-07-08T15:52:22.392051,payments,bug,critical
a849b16d-ee78-4cd5-b3e7-337049f6dacd,d9260279-450e-40c6-8f5b-9208ff512587,2026-07-31T17:01:00,2026-07-31T18:37:10.895218,payments,account,critical
008a4609-6810-4caf-a208-852ac1a57243,17d76116-decb-4795-8c81-d1bed9182789,2026-07-29T04:47:00,2026-07-29T06:34:05.500614,messaging,billing,critical
ace4e773-b81d-4062-9748-4703cace2a72,43fff7b6-1973-4dd2-9c12-5ef304d8bcf4,2026-07-12T16:27:00,2026-07-12T18:09:26.275775,analytics,account,critical
2c543fdb-b39f-404a-9447-6c48b37a7c5c,ab37a458-3d5a-452b-a86d-f5f8f1354451,2026-07-17T11:54:00,2026-07-17T15:48:14.122919,messaging,configuration,critical
2d2103e3-56aa-4f58-901d-7b520de31b5d,f27c467d-6559-47ea-bde7-5588cb28dfd7,2026-08-18T18:10:00,2026-08-19T15:44:04.433176,analytics,configuration,low
4637b21a-7f75-403a-abd4-e249544a19cd,b9f6a7e9-ef40-44be-b6d2-6aedff1d39c6,2026-08-14T16:49:00,2026-08-15T12:18:28.294421,payments,performance,high
a46c754c-6af1-4925-9010-0e8dcbc16c63,a9320a42-3cdd-4557-8573-60d482127ebd,2026-07-04T14:58:00,2026-07-04T22:22:49.870143,identity,account,high
4e574e45-4628-4760-9905-7c0836ad59a8,a5ab09bb-f9ed-4d23-90a1-06607c8953ac,2026-07-15T02:09:00,2026-07-15T05:06:31.472481,analytics,billing,critical
7f3a7697-ea88-49d8-a4b7-cdb20a6a4627,fcad5868-9742-4e56-aa78-29b6c07a36ee,2026-07-01T12:26:00,2026-07-01T14:03:53.846499,messaging,billing,critical
60d6d390-c335-43f4-9bed-55a4034c58c0,79b79c46-296c-4869-895d-9e10142fd36a,2026-07-17T15:03:00,2026-07-17T17:14:10.311261,payments,configuration,critical
617a0c54-282b-40e4-8494-3e35c6aeed8d,485d9ae6-fb20-4a14-a0d4-7864a28a731e,2026-08-10T11:23:00,2026-08-10T19:03:13.669295,analytics,bug,medium
48123fbf-79bb-40b8-ac8c-8239a5bc6e60,d9f52873-b41f-4e20-90b4-dd89137b1a7c,2026-08-25T02:05:00,2026-08-25T04:41:00.096951,analytics,performance,critical
d5841ec2-57fa-48a2-8f4d-7bde81eed8c5,745fea2f-6a92-4ab7-8800-65dd32bd849d,2026-08-09T03:17:00,2026-08-09T12:21:43.161566,analytics,account,high
891768c4-f070-4fec-903c-c72584aa0333,73e5a68c-0f99-4967-a22f-52475392c69e,2026-07-10T16:16:00,2026-07-11T06:17:12.862955,messaging,performance,low
2f57f301-e403-40b7-8d4c-83b7b854459b,713319ed-8a54-4ef6-a36b-c1f790396f1c,2026-08-20T17:24:00,2026-08-21T03:58:13.343512,messaging,bug,low
82cbaf99-14c8-450d-b490-349bdf55036e,052b8721-7bc7-4784-8029-ef0f97a24d6e,2026-08-30T12:03:00,2026-08-30T15:04:16.826533,identity,performance,critical
adfd9e42-d674-4e2d-8a70-59badd22158a,65c534a4-260d-4e7e-9d19-03cdf0cdf3b5,2026-07-23T03:20:00,2026-07-23T15:14:57.296876,payments,bug,low
b6866e0e-b2dc-4369-8512-6337119a3335,1764db10-7f82-4629-ac4a-83fd1053e16b,2026-08-21T22:06:00,2026-08-22T04:21:47.716637,payments,billing,critical
f23e57f2-96f2-4f58-adac-1d09f2f11a7d,aedfdeef-ce1f-4fdc-8b75-fe49d782b63f,2026-08-19T16:34:00,2026-08-20T00:23:22.936535,identity,account,high
50097628-5611-48f4-8823-7aedd570de09,f5bdbf2e-6d1b-48d0-a7fb-b99e4cf0bbde,2026-08-29T17:37:00,2026-08-29T20:56:32.120636,payments,account,critical
17a52d1d-b25d-4b8b-a627-ed02c818080a,b40f0ba1-861f-4e6e-9b7b-0400b22d8b10,2026-07-04T14:50:00,2026-07-05T00:26:14.822123,payments,billing,medium
f23f623d-e95b-42d6-a701-4863d70bea53,ae3d2e8e-81c7-491a-8311-4299375681bd,2026-08-05T13:31:00,2026-08-06T07:42:00.702651,analytics,configuration,low
a9a52f25-8ad1-448f-abc3-90cd2876bf14,0f4ca454-d740-4beb-874c-fb27d21626b1,2026-07-02T02:34:00,2026-07-02T11:15:04.498085,analytics,account,high
ef36bcfc-4252-44b5-87ce-8c205dd79b38,72b2461f-6669-4565-9f0f-93bb793e2afe,2026-07-01T19:20:00,2026-07-02T06:41:57.071752,identity,billing,high
6c25ef91-2f16-4ab7-b956-f23a2862b2f8,1a2fe829-6214-428c-b01e-a485f92e99a8,2026-08-13T17:25:00,2026-08-13T22:41:57.674490,payments,billing,critical
d86a865f-4e93-42fc-8bfd-05838a836723,c7d1b4f4-efc7-4d6f-a540-278c912bd2f9,2026-07-20T11:45:00,2026-07-20T14:54:32.751481,analytics,billing,critical
2f61432e-cf45-43e6-8a14-0afa36a9ed68,c31a9250-4cc6-4c1c-905e-0a08def19438,2026-08-27T01:46:00,2026-08-27T18:03:38.931241,analytics,billing,medium
8576eeb8-fcb5-4db6-9f6a-152cf34766c1,3b55bf86-443c-448c-b5cd-841a2086799a,2026-07-14T05:38:00,2026-07-15T00:49:27.000122,analytics,performance,low
6fcf803a-2655-4a1c-bdc2-ba3c4fa6a359,b7cae212-6296-4ff2-ac15-0d56d157c817,2026-07-23T11:43:00,2026-07-24T03:39:08.547655,messaging,configuration,medium
ad2c99be-ece1-4e7f-956f-d164b31a5623,76fc62c2-9752-4293-b37c-7f7afd97e864,2026-08-06T23:46:00,2026-08-08T00:26:19.333482,analytics,performance,low
44b05ef1-9f6f-46c4-8ba4-7b80fe486d27,11a284c3-3f47-4915-b9cc-368648de5a0e,2026-08-05T22:04:00,2026-08-06T05:11:34.355360,analytics,billing,high
6f2bcc5f-cbaa-4f5f-accd-b01d61db5b44,f522ad88-9116-4610-948c-c89de76f9de1,2026-08-25T04:46:00,2026-08-25T10:47:13.573876,payments,billing,critical
c1040664-0fc8-4cd3-89e8-ec96a3c2cbc4,b311da27-e124-46ff-a0d5-6f7c709dd57b,2026-08-16T09:07:00,2026-08-16T22:18:15.886370,messaging,billing,medium
8b3b4cf2-e740-4605-9d5c-848deeb80044,a7216015-3082-4370-9c3c-bdd9a53333c1,2026-07-27T04:19:00,2026-07-27T07:36:58.075265,messaging,bug,critical
b46c59fb-e40f-495c-b90e-1223c687b56e,ccf913a5-a8ce-45ef-aa87-35f0af094b7c,2026-08-07T23:38:00,2026-08-08T21:18:49.939425,analytics,account,low
82aa6778-a26c-4189-a43b-3d9964d6b6ec,2609f97e-3895-4b6a-9af8-fed59775d36a,2026-07-14T05:59:00,2026-07-14T13:07:46.099480,analytics,configuration,high
1e5c9521-9e05-405e-8122-4c7a10f1206d,a889e0ec-63ef-469b-8a08-224ba2124970,2026-08-12T06:43:00,2026-08-12T18:04:16.611609,identity,configuration,high
97395e47-26e6-4173-bc37-e7f8ee15b0a4,c7b16e79-c285-4b80-8e4f-07687b9a327b,2026-08-12T18:32:00,2026-08-13T06:09:54.973942,messaging,performance,medium
01a2a7d7-2ae5-43b2-9f94-1580118159ca,33e6604b-6d2e-44bb-88a6-8264e211841c,2026-07-09T06:45:00,2026-07-09T20:16:43.222435,messaging,configuration,low
42ed70ba-b077-4f22-a43e-9c2bf1083be2,187de0d2-46ff-4a6a-b858-459e8cf1ef93,2026-07-25T09:55:00,2026-07-25T19:40:23.830545,identity,configuration,medium
e6bc91bd-ca2d-469a-a730-9805979cd93e,892d23bc-bdea-480e-aedc-0d194d81ed30,2026-07-30T12:08:00,2026-07-30T22:18:55.770913,payments,account,medium
85e68a81-96f1-4171-a24b-37790a361d7e,889c5ef8-eb81-4ac7-8055-0c3b7a9d482c,2026-07-28T21:13:00,2026-07-28T23:33:08.039067,payments,configuration,critical
b34a4ea2-40ce-4d7b-8f5a-fe28d62edbf1,68971fe9-0eae-4d34-878b-e44cdd4ed7b7,2026-08-24T09:49:00,2026-08-25T01:26:36.959078,messaging,billing,medium
4f2dd2c0-d0d9-42ed-bf3b-137c91a3f029,46bfb4b4-63c6-4c46-bbe1-d084309a04c4,2026-07-27T20:28:00,2026-07-28T02:06:08.577203,payments,configuration,high
24f48c77-b097-47b7-9dff-5670af8ec6df,7757abf2-00c5-4a05-b34c-ee6d83a2cc7e,2026-08-12T02:45:00,2026-08-12T19:08:44.783430,payments,bug,high
a1c8e0fe-fc55-4137-b9f0-bc0e26348d18,0fa92c0a-8028-4921-8af0-61fadfeeef05,2026-07-19T17:25:00,2026-07-19T20:02:29.985134,identity,billing,critical
7dd9c9fc-a5a8-4da0-abde-682825e03186,7be4aeae-8196-4ea5-a53e-8b6175dce5c5,2026-08-05T15:31:00,2026-08-05T18:37:44.013044,messaging,configuration,critical
cb9f5eb3-784a-4657-b4ff-3ff44618ba02,0e13591b-c780-473b-9775-99a802ffafa1,2026-07-14T07:41:00,2026-07-14T21:13:44.312989,identity,account,low
9db6ad32-1180-4009-a197-3e4f0ee93923,75460ae9-d3dd-454d-8d0e-57a51390feee,2026-08-04T06:36:00,2026-08-04T19:00:02.540144,messaging,bug,low
d5700feb-f0d7-46a3-acdd-8f1819df00c7,b39b38af-daaf-40db-bc17-973c95631ad2,2026-07-24T04:38:00,2026-07-24T12:43:20.210173,messaging,performance,high
017b8b15-a148-4f1c-99b7-9bea5414b72d,55bdbd58-4a2b-4cf8-8d69-8d348908a2ea,2026-08-08T06:34:00,2026-08-10T06:34:11.215696,payments,configuration,low
875a0300-b47c-43cf-aa3a-0b69321f6fee,a9c2be35-cbc8-4efd-9264-15b3c2924cf2,2026-08-27T04:07:00,2026-08-27T21:41:28.656435,messaging,account,low
1abaad95-6008-4286-ab36-5ab10b049143,2fcabfe0-e591-4d53-bdbe-57832b8a7ef2,2026-08-05T05:09:00,2026-08-05T13:19:23.724250,identity,bug,medium
f23ed311-e8ba-4870-a58c-6903e5a728e7,105d5b68-fb99-4c69-96c4-da836526c9b4,2026-08-02T21:20:00,2026-08-03T11:19:32.670220,analytics,bug,low
3379bb4f-e809-4f8f-8a63-dd5d8a6b6004,24ccce79-090b-4911-986e-8a2002ddd267,2026-08-19T22:11:00,2026-08-20T23:50:48.458080,identity,billing,low
267d618d-daf1-4dd7-95c7-85438c4a1639,ea510596-523c-40d4-8e57-a230a2f51fbe,2026-08-08T12:38:00,2026-08-09T05:09:09.615298,payments,bug,low
2c1ad8b6-6e0f-4c35-a230-39a569e633d4,4f27672d-1d48-4bcc-a1be-763f3c7b4fb4,2026-07-31T17:30:00,2026-07-31T19:43:19.346933,identity,configuration,critical
5b33bc1d-b37b-40a1-af4c-1f44dc3f7fc9,e22d7553-0365-47af-a6bd-ded8467b3251,2026-07-21T01:33:00,2026-07-21T12:16:34.118293,identity,account,high
bfc41fc3-8adb-465b-ba42-f3ebadf622f2,92d70082-fc78-4fd1-a88a-915ad2a73f46,2026-07-14T19:24:00,2026-07-15T05:29:55.715250,analytics,account,high
20934ca9-8ada-4a1f-8514-62aef59f8c82,0f46e4eb-e7d1-47f1-b0ab-22754eccb5f0,2026-07-16T15:23:00,2026-07-17T17:33:49.870998,messaging,billing,low
bb4f805c-eed1-4b1f-be54-880b8d87d673,39b8b254-9422-47c2-8b92-9ab990c83340,2026-07-09T07:10:00,2026-07-09T17:53:20.301069,identity,performance,low
4a81c72d-d993-4e35-bfa5-c905221d0690,ddc6222a-53a1-4983-84b6-8c609cbdb72c,2026-08-06T23:47:00,2026-08-07T05:46:30.764085,payments,billing,critical
123fcd39-5a57-4df9-9285-1e0c6b9cc4d0,a85b13ea-fcb2-46a1-9240-c5ff23c999a3,2026-07-16T19:06:00,2026-07-17T04:09:25.309804,payments,configuration,low
f97c7ae8-0726-4340-93a6-fa0067c29641,b61aaf7c-0473-46e4-aa1c-3adc52857ce5,2026-07-29T01:54:00,2026-07-29T04:44:18.584221,messaging,account,critical
5a006f2a-4cb5-4461-a06b-f685965390de,efbddcbf-c40c-44c9-ab63-0eaa57d32495,2026-07-22T03:12:00,2026-07-22T06:50:14.190127,analytics,bug,critical
d6ae5d66-728c-4634-bf31-413348870108,ab22ebbb-8a14-4ba2-9301-6c795be5b201,2026-08-10T06:42:00,2026-08-10T09:31:27.636902,payments,performance,critical
67692469-9bf6-4bc5-9660-1155d72ffd3c,d21bc9f4-d2f1-4072-8f1a-f407a83a7ff9,2026-07-25T17:35:00,2026-07-25T21:27:07.547782,payments,performance,critical
6dac91ab-ed00-49cd-8173-99cf6da383f7,f7194f17-b9d0-4fb8-8177-af7f93ef5757,2026-08-17T16:33:00,2026-08-18T10:31:57.283385,identity,configuration,low
e8365b3c-0af3-47d1-8718-16785b58ab8a,1aa3d778-d5e6-431e-8233-b7f4095d4a9d,2026-08-26T00:52:00,2026-08-26T11:20:31.917483,messaging,performance,medium
06d0c481-ecc9-49cc-90aa-03261f58e62e,9f5245c8-f303-4e85-ac3d-917fbf8ba2ef,2026-07-08T00:59:00,2026-07-08T03:06:17.013834,messaging,billing,critical
87adeeee-ea3b-476c-8bb2-0cbd8a23d7e8,32d97aa1-2e6e-4cff-aac5-ceaa43b6eb8b,2026-07-29T14:24:00,2026-07-29T20:23:24.451013,identity,performance,high
59cfe7d4-7b5f-4450-b711-898adb2dd3be,f53eceb0-553b-4c13-9b36-4ce6fd6f0a37,2026-07-27T10:59:00,2026-07-27T15:21:55.074848,payments,performance,critical
868e0cb3-bb59-44f2-8218-80ef4688687b,18ad2f9e-1105-42e8-bb87-b6910ddf4c90,2026-08-21T06:34:00,2026-08-21T13:07:02.074354,payments,bug,critical
5af1629b-8fec-458a-a981-f1f51db07f19,2f57dbde-58b0-47fa-91ac-9cce85e83179,2026-07-02T23:47:00,2026-07-03T06:39:34.192482,messaging,account,high
637d0705-e217-4a3e-a0dc-1073441e7796,ff28355f-4e71-4388-ac47-d8ace2a9fb2d,2026-07-02T20:46:00,2026-07-03T00:59:39.230781,messaging,performance,critical
642cc088-186b-4a51-8647-8e5ba19fbde0,576a85a7-da6f-40b4-9f65-e5c2ea2fb460,2026-07-09T03:25:00,2026-07-09T09:14:42.436882,messaging,configuration,high
7057d0f6-9b91-410c-b061-afa4a61cf96a,9cfadfc1-7cc6-48d9-b2a9-d3392c12c108,2026-08-03T08:50:00,2026-08-03T16:51:20.999564,identity,performance,medium
4c55dcef-1abb-4950-8a1f-3a89a905929d,e56d44c6-619b-4c50-b5ab-9387d40b6438,2026-08-23T07:01:00,2026-08-23T11:41:07.276568,payments,bug,critical
deadf5df-4355-4a76-9724-086d6c488a49,aee058fb-b4e9-491e-9cb6-29d029158959,2026-07-21T19:20:00,2026-07-22T15:24:41.157102,analytics,billing,low
ddc837a0-6f84-48b3-957d-f6261c482806,ca898d9a-dade-4f0c-852b-e8c2f18ef1f3,2026-08-20T07:39:00,2026-08-21T02:06:16.450717,analytics,configuration,low
31203646-fe20-4113-9971-6d2d8745e6c3,4bbf47ba-d082-433c-8d03-c5ebdad8bd97,2026-07-24T05:22:00,2026-07-24T10:29:59.060310,messaging,billing,high
1922260e-e65c-43c4-9f9e-2a232bfa181c,8d05a09d-303a-427f-a990-3b8138ca14d2,2026-08-09T16:13:00,2026-08-10T03:07:48.861065,identity,billing,medium
6a67f95f-bc87-4985-9134-4b105f8c192e,b59ae0eb-0500-4f1e-a347-ff99343cd28e,2026-07-16T04:00:00,2026-07-17T00:10:37.213279,analytics,billing,low
5b1298de-f786-4824-96c0-a6bf4ea88b06,3b5a04be-4308-49d7-9c9e-7c5668d7e180,2026-08-22T02:53:00,2026-08-22T10:40:12.793091,payments,configuration,critical
142a3c30-ab0f-4d8c-8fc0-1373f7bdad95,aaece030-a6c4-47e3-9165-143fbcb61b2f,2026-07-16T06:50:00,2026-07-16T20:03:53.803418,payments,bug,medium
9c0c0711-5eb6-4086-bac4-1d8ad5ad39a7,40ea6963-8c4a-4baf-801d-d36bdcfe858d,2026-07-08T00:18:00,2026-07-08T10:50:17.945105,analytics,bug,high
b85fe5ce-c1bb-44b0-9da8-f739fd28cd54,3db372e4-3bd3-4559-a87b-a1f26efeade9,2026-07-17T06:26:00,2026-07-17T16:13:08.404680,analytics,performance,high
6633d14f-39c1-403e-bb58-9638d0a1f07c,3c007fe1-a1da-4d18-9985-73dd6bfbda89,2026-07-14T21:37:00,2026-07-15T12:28:30.965314,payments,billing,low
ee0edc6a-02e4-431f-9c09-ccbb4982ea80,48aa0363-40aa-4361-83d9-183fe60a0f35,2026-07-16T15:17:00,2026-07-17T09:17:59.168058,identity,account,low
e1d3aaf1-7700-458c-b832-d5c0afee6fca,57b5f2b8-89c7-4190-8f99-cdb0dc267a5a,2026-07-06T04:11:00,2026-07-06T10:45:48.480957,messaging,billing,medium
5e2ca71b-aab9-40a6-a7b5-aaecb35b814f,c8398f8a-802a-4c07-899b-bd0715db6dba,2026-07-15T04:35:00,2026-07-15T13:10:27.297689,payments,billing,high
b35b0243-2bef-4787-b441-14e8dc3d36ff,1ddf165b-b612-42e9-a997-c5a649a784f9,2026-07-26T10:05:00,2026-07-26T12:06:31.566060,messaging,billing,critical
d9ffdfd2-f612-4723-9b82-85ab077ecfc7,f9564ba8-f6b5-4f53-a4b9-553451eed40d,2026-07-11T00:01:00,2026-07-11T10:13:26.397177,payments,billing,low
5689c657-af9c-4fb0-937d-96509b38b27e,e2d78679-c073-44b4-bea8-b79aa25e8fcd,2026-08-04T08:29:00,2026-08-04T22:19:06.457004,payments,bug,high
b1f56b83-5ebb-476d-b777-b4e0146417ba,d9cd36ae-a683-414c-8f17-ff8767585e96,2026-08-14T14:19:00,2026-08-14T18:28:58.961133,messaging,account,critical
e333b4b7-89b4-4d26-9d20-742ec1f391c0,30b8a2e9-2f7f-464a-9b5a-0b8752767003,2026-08-12T11:20:00,2026-08-12T15:05:17.617627,identity,account,critical
da4743c7-cb62-475a-b299-cb5759c3867b,889a0c3b-d7e2-460b-a612-0edadf78d479,2026-08-17T15:32:00,2026-08-17T17:24:43.390296,messaging,billing,critical
1d818c9d-e22c-4bea-8edb-498e29efc50d,081aacf2-80b6-45ad-8b2e-b1e07cad6054,2026-07-04T07:33:00,2026-07-04T18:17:08.045246,payments,bug,high
f2f00d5e-d419-4211-b248-079222027bd9,3cb625fe-5f8f-4421-ab34-6578d7a31af4,2026-07-11T12:23:00,2026-07-11T14:46:54.793991,messaging,performance,critical
59097080-eed6-4244-a659-dade23935b6d,80163bc5-c722-4700-b86d-ddc5cf45e291,2026-07-03T04:09:00,2026-07-03T19:09:13.451391,identity,performance,medium
458248ad-1ace-488b-86b7-fe0d0087d298,c545daaf-7fc8-4285-b675-be666922e386,2026-07-20T14:55:00,2026-07-20T19:00:44.129529,messaging,billing,critical
70528878-ff4b-4bd2-94b7-6b19bf8ef721,13741589-3f9d-421e-bfe3-e3c1a877d597,2026-07-13T17:29:00,2026-07-14T01:11:28.022180,identity,performance,medium
434cca2c-7df8-44a8-9e45-fd1bb4b881ee,9e34d7e9-2a58-42ad-8fb6-82d50489a44e,2026-07-21T16:02:00,2026-07-21T18:43:51.783208,messaging,configuration,critical
5effd353-5d34-45c7-92e2-b65bc9534e47,8ba6c8a9-9b15-4676-80d5-466a1798281f,2026-08-12T08:15:00,2026-08-12T10:08:28.472378,identity,billing,critical
bfa78d97-5ab2-4b7d-b966-82602a30f1be,2b3a2bda-d81c-4b41-b760-59cefb0cf2b6,2026-07-05T16:10:00,2026-07-06T06:29:03.092002,payments,billing,low
a6d7177f-e14b-4550-9b69-41797829b223,ee79b4c0-ba16-41ad-9e55-d5631b643d49,2026-07-05T20:02:00,2026-07-06T00:11:40.102505,identity,performance,critical
5ac978d2-8ba2-4b7a-b9d9-3da471ebc52d,015c4939-e51e-4aad-aa26-0b80563f919f,2026-08-09T10:44:00,2026-08-09T17:34:17.502270,analytics,account,high
9fcccc91-47ea-46fb-a540-7d4e440892e7,3c3ad474-c6da-4f6a-a04d-75bb5621b2ae,2026-08-16T15:42:00,2026-08-16T17:24:11.761096,messaging,bug,critical
8165158b-e422-46ad-840f-906afa8f6d6c,b1b96a2c-3051-43bb-b363-cb248e5d7d6e,2026-07-31T04:04:00,2026-07-31T10:11:57.627179,payments,configuration,medium
5c944b34-b138-45e0-b176-4b1dd30ee732,a3a30f11-1564-43ca-8791-306a1956fe1b,2026-07-10T05:17:00,2026-07-10T09:45:44.744516,payments,account,high
7504c503-4787-4c19-abdd-a33ef1346156,a68a4083-7678-451d-afa8-5dcce53b8c6e,2026-08-16T09:02:00,2026-08-16T16:34:51.409680,payments,account,high
a6db4353-5a09-4429-9d27-b261af55e7f6,17fd8e2a-e983-409e-80a1-2285a4bb7086,2026-08-06T17:16:00,2026-08-06T19:48:26.798074,identity,account,critical
5c49cb1f-bd0b-49ec-a5b7-a91d9709f371,d0e212ac-f981-48af-9419-d5f9c25a6a8b,2026-07-30T17:20:00,2026-07-31T16:45:19.312602,identity,configuration,low
4e603759-6065-47ec-8b02-e0e9df6ee611,c817a9a3-468d-4eda-ab22-4ef22f848dc1,2026-08-23T07:18:00,2026-08-23T10:06:00.808308,analytics,performance,critical
f299b812-287e-445d-ab53-97bf5f63a7cf,dffe6093-c154-4eeb-88d3-b97ba0f639b8,2026-08-16T18:47:00,2026-08-17T21:45:32.165579,analytics,account,low
88617e24-10a3-45b9-b709-c8d0225470f7,e2fd9183-e5d4-4e16-90f4-bf528f460034,2026-07-14T22:57:00,2026-07-15T02:38:39.658196,messaging,configuration,critical
661395fc-0499-4cdc-baac-249bce153a85,39d25494-90e6-446a-8a70-b8cf5adaa440,2026-08-27T19:37:00,2026-08-28T10:45:43.098644,identity,billing,medium
17d0a946-0417-43d4-b2dc-513bfbc287ee,9623636c-f9cf-4474-b777-495671142a44,2026-07-18T20:53:00,2026-07-18T23:12:38.206127,analytics,account,critical
abf713e5-2166-4681-bd12-34bd271a2fe2,9797d1ca-9508-4517-8077-65df4657541e,2026-07-21T01:06:00,2026-07-21T05:11:48.904314,analytics,bug,high
6f96a2af-52f2-45f7-89c9-4d72a765eb67,4986ce1b-bfff-42b6-8068-05d4c18e2476,2026-07-13T02:24:00,2026-07-13T13:24:39.847047,payments,performance,medium
f765ef97-0c29-4441-bfb8-1c11f1487468,47ca8eeb-127a-437a-b45e-3baf4423f4ac,2026-07-14T19:16:00,2026-07-15T07:11:24.277264,messaging,account,high
bccbe219-b126-435f-a7c6-74deb95c5669,809b97dd-4f06-4f22-8fdb-7a09aa637635,2026-07-20T04:05:00,2026-07-20T20:23:21.916170,analytics,bug,medium
fc670e41-beca-401c-96aa-9bbb1e4ad385,3a18f135-9af7-4d37-a48d-ef16f4aacf0c,2026-07-25T04:00:00,2026-07-25T15:37:10.845782,messaging,bug,medium
73f0603e-baf9-4c43-8e37-9735bd23a1bb,628072fb-2eb8-49c6-a476-1c8263014dad,2026-07-16T01:46:00,2026-07-16T22:48:58.230597,messaging,bug,low
cfce88d6-83d4-44a7-b50d-9b4ab3f9c35a,2d19a7f4-6b83-46ae-ba06-fb9379fe1f44,2026-08-01T04:43:00,2026-08-01T13:19:58.851519,identity,performance,high
79ffee78-7018-4a2a-a48c-dae4b2afe147,b339fbd0-a276-4dbe-b3c8-76ef86ffa8bc,2026-08-19T20:57:00,2026-08-20T10:57:46.880405,identity,configuration,medium
a44c208d-6150-4f77-9a1e-3b692f956ce4,389f3365-f1e3-46e9-9eb6-851cc38d2c67,2026-08-23T16:23:00,2026-08-24T01:05:51.792281,identity,account,medium
9558b334-ca78-4fff-a546-698fb54dcf6a,cf4ef2b4-ac81-4003-bc90-d14af05f62a7,2026-07-03T00:33:00,2026-07-03T07:10:30.824391,messaging,performance,high
f75dfcc2-fcb1-432e-8e53-2fbef6d68c67,60046bbb-7b9e-4609-aa8f-fc68d4e8e779,2026-08-16T07:34:00,2026-08-16T09:13:13.894960,identity,performance,critical
21a99ce4-08f5-48c6-9e7a-c43d05656a29,ac7b2427-7f90-41ca-8d22-0cfc82d677af,2026-08-23T20:34:00,2026-08-24T20:23:59.670839,identity,configuration,low
65fe19ee-0b23-41d3-b6c3-046e1ef609a8,432db4b3-b424-4bf2-adfe-eabbf855e1cf,2026-08-20T12:26:00,2026-08-21T09:15:47.667656,payments,billing,medium
2ef8aeca-b915-4975-8a42-5204181c71f4,f77b9134-9ae4-4161-815f-929e815f94a4,2026-07-14T22:47:00,2026-07-15T06:05:04.176724,analytics,account,high
fa99ad3b-37dd-42cf-bae2-c0253b3c9ba1,19176bde-6faf-4574-912a-364f9c2bbc0c,2026-08-06T09:29:00,2026-08-06T15:52:33.634461,messaging,account,high
034a2ccd-ae5f-4f5e-b86e-881ac50e66b2,b3d04337-bb05-4186-aff1-06caf5d89336,2026-07-23T01:44:00,2026-07-23T06:04:43.709550,payments,account,critical
354493ed-5911-4091-8bf3-9f06563618b4,d57bc6cc-c6ea-4fb1-bb74-c422031e777c,2026-08-30T08:05:00,2026-08-31T00:55:28.397959,analytics,configuration,low
0bba8a6b-a285-4e9a-9582-0625d67de497,c03250d3-5e0f-4dc4-9d90-34c0c2136593,2026-08-09T08:05:00,2026-08-09T16:03:59.291556,payments,performance,critical
3e73482b-5fe5-416e-b803-0995b3544f75,1e8ef1f0-0d65-4040-87d4-37139f15e3b1,2026-07-31T09:09:00,2026-07-31T15:02:07.650809,identity,bug,high
5345fec9-0d17-440f-a3fb-90a1e6dbd237,31f0f7a6-500f-4fd9-8bff-c9a0a5020a7c,2026-08-14T18:29:00,2026-08-15T05:20:49.724517,messaging,account,medium
b530ec66-c484-414e-b00c-59b6dbb53659,f7f5b46d-e1bd-4bf9-baac-e6c3b6c9daa9,2026-07-22T09:36:00,2026-07-22T19:38:00.007554,identity,billing,medium
3ab2ac8e-f31b-45ba-8149-19862f582e7e,7915c3c6-ac24-4d46-ab30-e9ae999a59cd,2026-08-24T10:18:00,2026-08-24T14:21:34.544756,identity,account,critical
4bb8b6ea-567d-43c4-9ec7-9a09fba445a7,1d8829d7-2d26-44af-b2cd-90c8820d2b20,2026-07-10T03:53:00,2026-07-10T15:35:02.996889,analytics,bug,low
6f5c871d-f107-42f4-99d1-97d10b781262,b8fb398a-8a23-42eb-ba17-b4b6ebd5aa19,2026-08-09T00:09:00,2026-08-09T18:03:07.370105,messaging,bug,medium
acea268c-8206-4cd4-9fcf-0b25f1a55abb,aa5aec03-b614-42ce-8abb-cca536f31d5b,2026-07-01T04:33:00,2026-07-01T15:57:09.717859,messaging,billing,low
c7f9e597-16e8-42b0-8682-b8d53e51cbe3,a13abe8a-cf2b-4f52-b0a4-95c23c255258,2026-08-03T09:12:00,2026-08-03T18:55:39.853099,identity,account,low
4216aaac-230c-4123-9ac0-1131608b73aa,bb20e8f7-b95c-4652-8c0c-fae3dd3a82ed,2026-07-29T04:41:00,2026-07-30T07:37:01.246718,identity,bug,low
c1bfed6f-3875-4ba8-85fa-23e10d636ce1,049de346-cfc8-4864-81ca-b101c469250e,2026-07-08T11:53:00,2026-07-09T11:40:08.649811,analytics,account,low
c05db657-7149-470f-8cb6-1968fda2b461,e5169694-297e-48a7-b5dc-54fda33cb7b2,2026-07-18T11:58:00,2026-07-18T13:47:21.415488,payments,performance,critical
98f341af-6c26-4340-8f6f-3b2612740db8,b23739d6-9239-4cae-b449-1c024f817991,2026-08-24T00:14:00,2026-08-25T00:12:20.783614,identity,account,low
2b514d73-1384-40c2-9502-0bb28bfc3f1d,00dc2ebc-75b5-4ee1-9adb-e6115ad9de3f,2026-07-26T21:22:00,2026-07-27T00:41:06.611512,payments,bug,critical
d9a47c8c-92d6-444d-8358-300af99727b6,79945939-98b3-4529-9a96-c13974172832,2026-07-24T15:56:00,2026-07-25T09:52:07.725874,payments,account,low
5ba4ce7f-0210-42ba-abe2-50588b55ca06,05ad2520-4a79-48f5-a5b6-e1ad1728b836,2026-07-21T08:52:00,2026-07-21T12:55:23.289476,identity,bug,critical
3b7e212b-2ca7-4631-9307-7e7b0b6e4956,3e7dcf9b-f15c-4ee7-b90d-2985e2848cc0,2026-08-30T12:44:00,2026-08-30T17:22:14.137373,payments,performance,critical
c52e4ea8-e993-40bf-947d-40df247861c4,c1714715-6e5b-43cb-80c0-c00e503d86ee,2026-08-16T07:39:00,2026-08-16T10:24:14.071658,identity,configuration,critical
426a2046-38d8-4fbd-834e-d3c47d0deae5,e8bdb378-321a-4213-82b7-0c36d2e89275,2026-07-22T09:38:00,2026-07-22T18:31:17.431260,identity,configuration,medium
909826f4-e78a-49ef-b916-dea2aeb34192,098fa95d-5fb7-4a87-93c5-34a23e054e84,2026-07-14T12:53:00,2026-07-14T22:56:26.875954,payments,bug,low
8eb98720-2cac-418a-af59-935d7f4adfe3,13972976-eccb-4d7e-a4eb-fb2bc3fce81a,2026-07-11T17:09:00,2026-07-11T19:01:41.985222,payments,bug,critical
d46bb065-39fb-4fa0-b64e-71f6aa07858d,62dc5d9b-389a-4ca0-bc67-2c71940918ed,2026-07-07T16:26:00,2026-07-08T01:04:02.984785,identity,configuration,high
42377fe0-f7e2-449b-af5f-42eb4519d8c6,4746546c-4823-4039-a73a-becf5d9590a3,2026-08-13T20:03:00,2026-08-14T21:47:15.787904,messaging,performance,low
f564891f-8cfc-4786-b333-756ae7eabe4c,f91658fe-1172-4832-a016-0dce45010e15,2026-08-30T19:51:00,2026-08-30T23:19:06.761966,identity,billing,critical
3d4ed1a2-a4ad-4a17-b582-f725c697b2cf,da6a3899-45ec-4f9f-ac8e-bd2e112b7151,2026-08-03T03:37:00,2026-08-03T21:52:13.859656,payments,performance,medium
6e9dc56d-260f-4997-9ae6-ee37ebf11a2a,0caccb4f-e7ff-4241-a590-ed62312f5d92,2026-07-05T10:51:00,2026-07-05T12:54:34.874914,analytics,configuration,critical
223a87be-45bc-4412-a860-85695320c3ff,29218d25-a579-475b-8849-13befa906304,2026-08-15T07:03:00,2026-08-15T14:38:48.832683,messaging,performance,high
3b38e695-b4f6-477d-8be6-7ed91ceaa0c7,774c6e24-f8bc-4075-a479-c945dae5b1b4,2026-07-30T18:08:00,2026-07-31T00:13:21.351987,messaging,configuration,medium
777a484e-9e08-4515-9868-673afeb40ecf,085d177b-2306-4d19-bd08-95b0a8541197,2026-07-15T22:39:00,2026-07-16T16:24:50.744438,identity,performance,low
c99f4e9b-4bab-4600-8fe5-9ee38dd0be1c,0d26fecc-0128-4e21-ae56-736474042ab9,2026-07-31T10:50:00,2026-07-31T19:42:49.009946,payments,bug,medium
c01b034e-8b24-47f0-b827-4fae4a8e5aa6,c7984255-ac9e-4d09-91af-fdf039a1c814,2026-08-24T23:17:00,2026-08-25T13:55:57.885641,messaging,configuration,medium
dbc9f42e-566a-4e61-acb2-71394f512cbf,e1ea5273-b17e-4a7b-99e1-f757c9be7e4c,2026-08-08T00:51:00,2026-08-08T10:32:27.318279,analytics,bug,high
c1cfddd9-1ee6-408b-8a65-8fe1a7f61607,675c965d-b809-46b5-a23e-0fb53eab4dd7,2026-08-25T23:13:00,2026-08-26T10:05:57.901912,identity,configuration,low
67e9a271-7bfe-4732-9629-42b37bec11f7,c02b3934-c90b-4d54-a9b5-98ac6b45fc84,2026-08-15T14:37:00,2026-08-16T08:35:56.593424,payments,billing,medium
c79707eb-56c3-4ac7-b7d5-c60af43de056,0ad03a8c-e5a8-4f16-9d42-597a9e45848c,2026-08-29T22:52:00,2026-08-30T03:02:07.532803,identity,account,critical
81627002-f4cb-4453-9395-60a6017057d2,60ffa405-990d-4760-93ad-1fbc40cb2755,2026-08-23T17:56:00,2026-08-25T00:52:25.659658,payments,performance,low
20eb33c3-d0ea-4cd7-a71a-03bb0c9383f8,4137d6b0-5251-4d64-9b10-3ad167a8623a,2026-08-23T19:00:00,2026-08-23T20:38:00.747526,identity,account,critical
fc4a083b-11bd-4945-bc3e-d220bff545d0,2fede523-20d0-48c3-889b-7ab5d234d205,2026-07-31T06:35:00,2026-08-01T00:07:28.738385,analytics,performance,low
28346137-8436-4ce2-8631-c661514d3e96,c54d05f4-e3d9-489d-9574-0d5f1a27e699,2026-08-07T23:29:00,2026-08-08T16:33:37.467007,messaging,account,medium
c55e7b89-0653-455b-b08b-ae4de67ac54f,9afcdd6d-f3ce-4eb9-9c9e-c7daa24b4018,2026-08-23T18:49:00,2026-08-24T06:20:26.645180,payments,performance,high
df5a1ed0-c2e0-4fcd-9d2e-c4b64215a46a,c18513d1-c8c6-43f1-a0d9-f9b2a7e1856f,2026-08-29T08:26:00,2026-08-29T15:35:30.602259,analytics,billing,high
d5b1141e-2d5b-4024-9a7f-628a7eb00406,48225a5d-ff65-420b-a26e-9f5140cb7f26,2026-07-01T09:21:00,2026-07-02T02:46:26.771035,payments,bug,medium
c08b4162-f127-4172-9ebb-d53e84e65880,ca52978b-042c-4578-a633-9f1848eb515e,2026-08-10T21:24:00,2026-08-12T03:31:56.454894,payments,performance,low
18355a24-0782-4e5d-be75-abe84d803812,d1d8bf81-1857-46cb-8366-859e1aa39b1f,2026-07-07T22:15:00,2026-07-07T23:47:56.508759,identity,account,critical
aca21b92-4ade-4635-b436-45fd88e0ee4b,3b9c485e-e3f2-451b-8934-c2b1642de182,2026-08-28T06:08:00,2026-08-29T00:04:21.986935,identity,account,low
f36e67db-8290-4bfa-a97f-79eda74c1557,7279e03c-d85c-45d5-9726-fc66b6a11299,2026-08-22T19:24:00,2026-08-23T13:49:38.341586,payments,account,high
7e0a78b8-aedf-486d-8b86-51e694d24122,24729266-611b-4960-a673-56fd2a082d5a,2026-07-22T09:00:00,2026-07-22T14:25:04.417465,messaging,account,high
84d844c9-1a93-4e3e-97fa-07c78373efe3,bbf44d8f-0cf4-46bd-a8ad-55df4d5b2765,2026-08-29T17:16:00,2026-08-29T20:23:48.918768,payments,bug,critical
5380c6ec-42e9-4af9-a0b3-fd411f82421e,1b2f5e07-53e5-4490-ac2f-9d3f37c70745,2026-08-28T21:03:00,2026-08-29T16:28:21.007363,payments,performance,low
67dce2e3-6a21-4028-9663-26c69442ff58,70a39e0f-5a80-4a33-86c9-8a46fc4b96b7,2026-07-24T12:01:00,2026-07-24T19:20:28.578636,payments,configuration,high
52010c5f-1a3d-47b8-a364-e4723d1ee06c,4af01053-6f8b-445e-851e-cefa579a0bc7,2026-08-08T19:35:00,2026-08-09T04:11:19.807443,payments,billing,high
76bff8f1-9cd0-46fe-b8e5-2c69754e7cfd,217c18e8-47c2-4287-b7bd-c22efd2d90a2,2026-07-27T06:50:00,2026-07-27T17:12:19.430050,identity,account,low
ab9b7a9f-0eff-46b1-9272-a189cf25b879,50399864-fe64-481a-8cef-d9480b4caf30,2026-07-15T03:50:00,2026-07-15T10:37:30.434196,analytics,bug,medium
6137c4c8-9298-4a0d-af65-9970fde70cad,99022479-ed69-45d0-8576-9818d925db37,2026-07-25T13:56:00,2026-07-25T16:26:45.322261,payments,bug,critical
94a565af-3447-4c85-b231-8026429cac26,1b5b3e2d-c161-456a-aeee-794a3094e75a,2026-08-15T13:16:00,2026-08-16T06:55:44.473301,messaging,account,low
2da2ea73-7659-441a-90ef-1d278468d02b,adf0f161-767d-4ba9-aced-86fc5e070d37,2026-08-25T22:06:00,2026-08-26T08:24:43.200794,identity,bug,high
165fb863-8b77-421f-823c-da012b4da54d,c9889d1c-1502-4ab6-8639-e38d21743b02,2026-08-02T03:39:00,2026-08-03T02:13:42.874378,payments,performance,medium
7477e4d9-218e-4a39-8cef-e6516be4fb4d,b3f5d2f7-c536-4437-a85d-7b5e22d87dcb,2026-07-23T18:44:00,2026-07-24T21:35:29.569003,analytics,account,low
ca3e8ccc-200a-4fb5-8108-ac97dae6cc79,16deaf4e-f8c9-4359-bced-d1292979e69a,2026-07-15T18:31:00,2026-07-16T06:46:54.145801,payments,configuration,medium
6f04643d-8bd5-49ce-9fea-78f15eddac66,31b553ea-0fe6-4220-a506-3d2c20112ce6,2026-08-18T16:18:00,2026-08-18T23:55:44.267338,payments,performance,high
88d451b2-14a5-4faa-a8b9-abbeacd23e00,2f088391-bb6c-421a-957c-ce3118e4f9fa,2026-08-05T10:23:00,2026-08-05T12:31:13.487795,messaging,bug,critical
23c0beda-6c6a-47a0-8252-2d08c98e6916,decca43e-9819-497f-8abb-df2de74159d5,2026-07-18T07:22:00,2026-07-19T09:56:13.694805,messaging,account,low
a425125c-afae-4349-a610-903aafadd240,4636beaf-8119-4019-a31c-f2a4095b3b93,2026-07-21T15:20:00,2026-07-21T17:59:42.576495,messaging,account,critical
4570f194-8d5a-4475-9a9a-aaea4c3c53c3,1d338373-62c3-4e3f-81d8-ae45f5e2b4d2,2026-08-28T11:37:00,2026-08-28T21:16:17.390450,identity,billing,low
ce7567ea-48f3-46dc-acba-fda480acb78f,f2563872-7630-4186-906f-cc6bafbceb1c,2026-07-18T02:52:00,2026-07-18T07:00:13.094299,analytics,account,high
e167a680-0911-4749-93e5-00f7714f72dd,30c1e115-9906-4fa1-a1ba-4b76643bb286,2026-08-30T11:47:00,2026-08-30T15:31:57.112857,identity,configuration,critical
4fc59493-4d6c-4d0a-bbba-b340814fe088,cc41cea5-ae0c-4f99-920e-f9013e4623bc,2026-07-01T16:14:00,2026-07-02T03:38:48.359316,identity,performance,low
5387d56c-1651-49e4-ac31-47fbb41f9e21,bb93bbbf-4f4d-439f-8d13-da04f585ca71,2026-07-09T17:39:00,2026-07-10T05:19:52.167801,analytics,account,medium
f09ee7d7-8fe4-4b8b-be80-3333017ccce3,3c20e816-6e16-4cd9-bc41-645e2698fdda,2026-08-20T09:19:00,2026-08-21T08:28:02.275206,identity,bug,low
836cf36e-f1fd-4a13-bb66-f4f13a1bede3,f8b8c565-beeb-49da-8309-1b4ad9cbff3f,2026-08-28T01:54:00,2026-08-28T10:11:47.948303,identity,billing,high
4f9816bd-eded-4ebe-a3cf-aec3ffd10e29,8b379517-e8df-4fb2-9353-3237aecbeeaa,2026-08-08T17:49:00,2026-08-09T03:48:18.362806,identity,bug,low
49527e83-fd4c-45a6-ae5e-292a7ed9cce1,0f67c424-4361-40ba-ac45-dcb3bd568411,2026-07-28T07:48:00,2026-07-28T12:17:52.232040,payments,configuration,critical
52cd3193-e365-4893-bc41-4a7b08dd43dd,e093d2a2-bdae-43fe-8d71-4d04023a8636,2026-07-26T13:07:00,2026-07-27T15:40:08.395238,identity,performance,low
17a71f2a-16a4-4a12-be3a-11bb0a288150,fdd5595a-dfc4-4bb5-b959-d37b57e812df,2026-08-03T02:42:00,2026-08-03T12:36:32.497838,analytics,performance,high
1a2be8d0-f3d1-4a21-af05-7118a55a0a73,5ea1f02e-fbc3-4a0d-908c-ba326658fc21,2026-08-07T00:49:00,2026-08-07T07:26:19.310686,analytics,bug,high
89626daf-0ca5-4786-b3d1-e051eb5438a8,de11fb24-2a9e-4faa-a6a4-3ee96763fa64,2026-07-09T11:19:00,2026-07-10T02:50:32.084099,payments,account,low
89897fd4-3fc5-45ce-bc45-926b11bd12ad,de38675e-6cb6-4863-91b7-9006dc3f40f6,2026-07-09T15:52:00,2026-07-10T02:58:26.161521,identity,configuration,high
d0ddbf0d-4d80-4b5d-a3d7-366b45637a9e,e743144a-b668-41aa-b284-321fec0743f9,2026-07-17T14:56:00,2026-07-18T04:06:02.455765,payments,account,low
c5e83470-789c-416e-a691-644a40aa7f10,c91fcc99-91b8-4044-9a82-12a9b95d7945,2026-07-26T04:03:00,2026-07-27T03:39:30.196203,identity,account,low
b998c478-df3e-42f0-bfce-c816397fca36,da099288-ebf2-4b4c-914a-cab1ed486694,2026-08-19T23:10:00,2026-08-20T03:58:12.548682,identity,account,high
c8920843-bdb8-4b50-8c8d-7e6f50511272,3358a79b-8015-44bc-be68-c22f2e97f0bd,2026-08-06T17:47:00,2026-08-06T19:33:44.048761,analytics,configuration,critical
c65d33f6-8281-48bb-9eec-5975479c6322,cf25af10-cce6-4f30-94c3-6f1bc8f8fd02,2026-07-31T08:01:00,2026-07-31T14:50:29.894201,identity,bug,medium
6d38c455-a8bc-493f-93a8-7265666beb5b,46d34071-ade0-417a-8a25-523ef9c4e98f,2026-08-23T13:10:00,2026-08-23T14:47:39.268357,analytics,bug,critical
4984d718-b8c9-41af-a76d-672c2c443547,32866fcf-994f-467f-867e-8539de5cb36c,2026-08-02T20:53:00,2026-08-03T10:38:25.489806,messaging,account,low
1360dcd8-1478-4c28-9315-228279e1b7b1,d740fa0d-c89e-4c46-ac20-77baa10aa385,2026-08-23T18:44:00,2026-08-24T04:21:28.809214,payments,bug,high
29a1605e-d04a-40a7-b086-7cdb1eefc32a,1eadd5fa-65c1-49fe-80db-4203ec25471e,2026-08-29T00:38:00,2026-08-29T02:47:18.913114,analytics,bug,critical
98e26f6b-e2f3-4fbe-8e85-15bbd58113c0,9ff09c8b-b229-4e4b-a573-c7b2d724c272,2026-07-12T12:41:00,2026-07-13T06:33:32.743817,payments,account,medium
ecad8284-a4e4-4a97-b30f-74985a05298f,6b7e0ff1-6061-4d6b-a28b-a83f58c45738,2026-07-01T11:32:00,2026-07-01T23:26:42.601294,identity,account,medium
8745caa6-f457-40d1-b143-c7ba29d5b139,93b424d1-d36a-4722-ae5f-90ac6e7792fe,2026-07-22T15:43:00,2026-07-23T05:04:32.743743,analytics,performance,medium
45f23c33-1158-4b26-9e53-fed5c96629f4,4bc757f0-aef1-47eb-904f-f4f3c2c8c5e7,2026-08-05T08:33:00,2026-08-05T20:42:26.846304,payments,account,high
f90525bc-8d20-4c54-9e71-bf554126dd27,a7d93614-ec74-44a5-b731-a556ebb301e5,2026-08-06T19:41:00,2026-08-07T01:50:17.574874,messaging,account,high
3477a094-2903-4c7d-8d78-2ab94d040a85,03a3780a-e5c7-4da1-92ea-9d37041fc12a,2026-08-26T02:30:00,2026-08-26T11:41:12.123300,analytics,performance,high
31108aba-e043-4860-b0c7-a53fa486a0d9,ec922f65-a378-4e75-a49d-76c055d8f85c,2026-08-15T07:11:00,2026-08-15T10:27:19.963479,analytics,bug,critical
4092384b-9b97-4ae8-832c-ba0dbf81c33e,004cfb3c-2b53-406e-a426-beffc7cfccdf,2026-07-24T00:32:00,2026-07-24T16:18:24.077159,payments,account,medium
ac6eee76-a397-455b-aa5a-c177dd9a1317,2c15d595-3be2-4296-8179-0d975d5920ce,2026-08-22T19:28:00,2026-08-23T09:59:58.145848,analytics,billing,medium
0ab1a969-70ab-4ee1-87c2-650e32f07b9d,4932b55c-2ee8-4f15-b5f9-b738f780f020,2026-07-22T00:18:00,2026-07-22T21:36:47.617329,payments,bug,low
e37a416a-04e3-4417-9027-68d57ecd5418,660fecd1-7185-4796-8248-fe20298a29d6,2026-07-13T02:27:00,2026-07-13T21:47:32.442106,payments,configuration,low
783b76c6-fd0b-4a04-979c-308f86bda425,3305ed3f-02b5-4bb3-8e29-9ba8e1d018fb,2026-08-29T07:59:00,2026-08-30T13:34:33.824662,payments,bug,low
a2c0bfee-5567-47ae-a238-b7fa1360c6d6,4e84470e-2d07-47d9-a2b3-e17d846a4ce6,2026-08-01T01:42:00,2026-08-01T15:40:29.752305,payments,performance,medium
0c4428ea-d1c5-4dda-9d5e-794735e20fb2,8ce4ae68-af3f-49bd-8965-aa6daeec2624,2026-08-28T23:29:00,2026-08-29T11:18:04.800155,analytics,configuration,high
909b9116-b0c4-4f34-b2cb-7dc4b853113b,56914173-be52-4d3a-95ea-b1dd553d1dd9,2026-08-04T11:20:00,2026-08-05T03:37:35.069222,identity,performance,medium
913aa314-a535-4286-b9a9-b53336bbcd7b,1ef672a6-4df0-4bab-b7b9-6945bd038e9f,2026-07-14T06:45:00,2026-07-14T12:15:14.419957,payments,performance,high
a68e672b-83dc-4d6d-be48-722b5b879fbc,15b27a7d-5b71-48a1-a5d7-339dd0514ef6,2026-08-30T14:35:00,2026-08-30T22:24:31.340103,payments,performance,critical
e80dd601-79a7-41ac-8c10-b9fd9828e55d,5231ef2e-2716-4209-96b6-c431cf32af8f,2026-08-09T19:37:00,2026-08-10T12:24:57.411720,analytics,configuration,low
34db1dba-c420-4335-82cd-75542f7c77af,9020d37b-a691-4b38-8b21-7425387c0b21,2026-07-15T10:28:00,2026-07-15T13:32:22.245553,analytics,bug,critical
156896a6-51ba-4235-8ebe-447cbe532913,4f2d936b-f4d9-4f51-aabf-7ea9b3d7b4c8,2026-07-19T13:17:00,2026-07-19T18:24:32.098407,messaging,bug,high
aaf11742-34ba-494e-afc8-d9cdbe596eaa,bc7e6d73-5f43-4dfa-82d9-7f0eee8c1256,2026-07-26T10:12:00,2026-07-27T03:43:05.561024,payments,performance,low
5bcb8591-406b-41d8-9931-1db25f71aa93,597d9fc7-5077-415c-bf4d-3b4d4927441a,2026-08-18T04:54:00,2026-08-18T07:26:36.704170,analytics,account,critical
0f4bb7c1-c975-4623-aa1b-76938bad23f7,8da9d8e0-2990-4f35-9b7d-bbdb4e20cf65,2026-08-28T15:23:00,2026-08-29T17:03:12.387121,payments,performance,medium
db4069c2-1141-4685-94f4-2ee2e70dc15e,f89e98ac-3e4d-4d31-a51c-6de12384e288,2026-07-26T02:05:00,2026-07-26T07:22:01.198829,messaging,performance,high
63ce06a5-19d6-4fce-907c-baa61592fde5,fe97de6d-8816-47de-95e8-dd981051322b,2026-07-21T01:49:00,2026-07-22T00:52:29.306294,messaging,billing,low
830c9ef9-a87d-4351-91ed-d2c888dacf52,582dceea-62ff-4422-aaeb-468d1b9a760c,2026-08-28T17:30:00,2026-08-29T11:20:16.502686,messaging,performance,medium
7a377b93-d443-47b3-bbc2-8f523c671ef5,3a9beeff-ac8b-483e-880b-fcd3a935fd8b,2026-08-20T05:18:00,2026-08-20T22:53:09.219961,payments,bug,high
033c746a-807f-4bc2-bb0c-bd7ebcb974ea,3c1ceaed-9351-47dd-a501-c19b6fa4b86a,2026-08-17T12:23:00,2026-08-17T23:16:45.669335,identity,bug,high
c5c16076-5120-4264-b741-902a549f8c56,840a78ba-2e2f-4cb5-91ad-7e5576dad2aa,2026-08-17T00:16:00,2026-08-17T10:24:00.311757,identity,performance,low
aa057c2f-3ff1-4257-a09c-4575ce9b2a9f,97623d00-e722-4b7b-8994-4a15530f2f90,2026-07-10T18:00:00,2026-07-11T04:28:39.652443,payments,configuration,high
3fba7a93-3c54-4a15-8996-b3d57b42071d,ec7af5ea-c029-4a32-905a-7e43e7099099,2026-08-30T20:14:00,2026-08-31T17:15:50.592710,payments,performance,low
89219cb7-c2fb-4b3b-bd5d-5fe4ecb44516,42c807c1-4a51-4c3e-8dc8-ccf705461665,2026-07-02T18:45:00,2026-07-02T21:57:13.871484,identity,account,critical
5f7ef099-8194-49b8-b95c-b7733d3078f0,7e2ec816-8827-45c0-b694-2830a32b308b,2026-07-01T03:11:00,2026-07-01T10:29:05.741386,messaging,billing,medium
c1e4eaf1-130d-4ffc-8856-7590168abef8,74af9e6c-2156-45d9-8c64-88f11c8b66b8,2026-07-28T21:12:00,2026-07-29T05:53:22.339854,messaging,configuration,high
55cc47a8-8071-4e97-9c25-9196429b71a9,08f31ffb-df35-4520-9fb9-beae9f2fe614,2026-08-27T05:44:00,2026-08-27T10:30:07.390047,messaging,account,high
8c502c5a-20a1-4f37-ac5d-48ce5f0a09a8,c4aefc43-7ee7-46e8-aaca-b3b73761ec3f,2026-08-12T22:46:00,2026-08-13T06:37:34.450023,payments,billing,high
38be6521-d535-4d2c-95d3-3ca1914625bb,eeca7910-32b0-497d-9a2d-62322f013d65,2026-07-31T14:19:00,2026-08-01T02:42:23.394628,identity,performance,medium
1650c70e-34b7-428f-8314-c2e876bbe889,0416272f-a243-4c49-9060-2bb23d785717,2026-08-14T21:18:00,2026-08-16T11:50:50.025113,payments,performance,low
cf8ec159-7c49-43d4-8090-8034cdb03577,a46e7fc5-a454-404a-9426-51398a9a0622,2026-07-10T09:25:00,2026-07-10T13:30:58.756805,payments,billing,critical
64b208f8-5f98-463b-8a9a-57b97c5db664,f4a5bf37-177c-4d89-909f-465bd650756c,2026-07-19T15:44:00,2026-07-20T02:34:49.462391,messaging,performance,low
a17fabd1-d3a3-4f29-a68c-e5670433e422,23199a97-f7cb-4dba-b33e-5b05d270b683,2026-08-19T22:21:00,2026-08-20T13:12:22.657311,messaging,billing,medium
56ab2d58-d6d8-4e46-a19c-b901a3374fea,ec64e109-338a-45bc-ba75-fc5a39ec4d0a,2026-07-20T21:15:00,2026-07-21T10:51:58.383735,identity,bug,low
ce068b6e-619e-4592-8dfa-e1eec63b7d39,a2af3772-5e4f-41b5-ac04-9366aff743af,2026-08-23T11:24:00,2026-08-23T20:32:38.953712,messaging,bug,high
519e983e-6ef5-4a00-a404-489496a04a96,720d277f-8b8c-485f-8c6d-f35dcc1c84fe,2026-08-10T22:41:00,2026-08-11T19:10:57.721716,payments,bug,high
d411afd0-d5de-4b38-bc1d-e0c09a3fe495,6bd2c726-448d-4979-b090-f449f9471385,2026-08-25T16:26:00,2026-08-26T02:45:43.666906,analytics,bug,high
a6ff70c3-e623-4c95-bd3e-49a5fedfcf24,6d4d12e9-f096-41d7-b985-cb25f06a16eb,2026-08-18T20:51:00,2026-08-19T03:16:14.095791,payments,bug,critical
eb1f1ab4-14d2-4d90-861f-4649dfeb292e,9dbfbc2a-6335-46a5-bcc7-ddb3a3a501a1,2026-08-19T05:59:00,2026-08-19T13:05:43.751720,payments,bug,critical
16a38b92-2b92-46dd-8bb6-80926a762c4a,98d6a677-9cef-463a-bfc8-c1db8de6ac7f,2026-07-20T16:38:00,2026-07-21T03:13:48.419999,messaging,configuration,low
16c451c2-0856-4a7a-b68f-a06141c81a7a,17e9c3a4-fb51-4326-82fe-9ad3d305ad38,2026-08-23T01:19:00,2026-08-23T08:31:04.816554,payments,account,high
3f03bef1-b5ba-48a0-9079-480b953fae75,c5b339ef-399d-41f0-94b7-c051aef17967,2026-08-01T18:18:00,2026-08-02T00:37:22.052917,identity,performance,medium
beed6965-60d1-4832-882e-d9b612643571,b1853fdc-9f0d-4146-be36-0683e856a78f,2026-07-09T21:00:00,2026-07-10T05:03:53.347514,analytics,configuration,medium
2efedef6-9178-4446-bff7-873191c1557a,744ffed4-aff2-4e56-8ef0-c890646450cd,2026-07-15T06:52:00,2026-07-15T15:13:00.981611,payments,bug,medium
18f1dc31-dd44-4836-bda3-66f58920959d,3e615298-ff18-4239-a3b1-f8b024712ab5,2026-07-20T00:43:00,2026-07-20T08:24:12.627438,payments,billing,high
9fa1db93-8b2e-4c4b-9929-969e61bfe4a0,e0e1339a-983c-4b24-ac82-5d8a7f2ea1e9,2026-08-30T05:25:00,2026-08-30T11:47:40.406902,messaging,billing,medium
bd34ce3a-a65b-44ea-b9c5-7d188241960c,1a5dd8ac-43bf-428b-b2f5-a7662ec06be5,2026-07-19T14:00:00,2026-07-19T15:57:42.438353,identity,configuration,critical
e53f7157-457b-41c5-941a-aa9418969f71,009c2944-db74-4985-98ce-ad984d6b10e7,2026-07-06T18:12:00,2026-07-06T19:43:22.326182,payments,performance,critical
00a11d71-ef7f-4fa2-9040-d910462609d8,6390d381-a3af-4adb-a4d0-be9802043404,2026-08-04T02:11:00,2026-08-04T16:23:47.792580,analytics,account,medium
83406138-385b-443f-a104-9edda23943b1,7457748a-7854-4154-90c1-efa272438dbd,2026-08-08T06:16:00,2026-08-08T14:48:29.119580,analytics,bug,medium
24593757-ce82-4c7d-a964-b2eb09eff58a,a306de83-5077-4449-8591-a1dbe432c6ca,2026-07-14T23:50:00,2026-07-15T02:01:15.976970,messaging,bug,critical
a76e1976-22d1-4a87-9d26-222bc8eaf74c,6a61f0ea-a1b3-4900-aa21-cdc3d6bc07b0,2026-07-16T03:02:00,2026-07-16T14:07:27.980186,identity,account,high
1d4d9972-111c-4f82-b4a4-875ba04911cc,4fbb0026-1672-4437-b571-e32857420cd4,2026-07-15T07:50:00,2026-07-15T09:50:59.058161,payments,performance,critical
9698a13f-c654-4c0e-b24d-8da67ecdadfa,592dfdd9-7425-4643-a880-7cfaa149b844,2026-08-10T12:16:00,2026-08-10T21:07:00.901783,identity,configuration,high
4749febf-1a0c-444d-930e-7acc9d80700d,2dafc728-09e8-4a17-ad13-922793c6a629,2026-07-02T19:45:00,2026-07-03T02:45:15.152501,payments,performance,high
7022ea06-898f-457c-9464-8e9fe83b86e2,8e3b86aa-140d-4ef7-846e-2685b5d3e738,2026-08-18T17:42:00,2026-08-19T17:02:19.796629,messaging,bug,low
e95d15d2-0ebd-4cc9-a2f4-3780fff6039a,7cb0a766-b5cc-44c6-b90c-e1db6e616342,2026-07-12T12:57:00,2026-07-13T08:01:52.202174,analytics,billing,low
7bbd78a3-efce-47c7-b8d3-6bcb9c3e1f0c,404f4a2e-be84-4cc1-a0e6-d62c8b9319a7,2026-08-05T22:01:00,2026-08-06T20:27:34.612991,payments,bug,medium
5e2ec869-eaeb-4298-9b6d-6d9ec63b039d,f619f5eb-a29f-414a-b823-0799608429db,2026-07-22T02:22:00,2026-07-22T20:31:05.355573,payments,billing,low
88b3bd15-cd56-4f38-af28-34ff88767f31,2a30e46b-88cb-4907-a322-7fae50298fec,2026-08-25T05:47:00,2026-08-25T20:53:14.454871,analytics,billing,low
627bdcf2-cd15-488b-8852-05afe88798f8,1bd54e35-8eb5-42ec-9d07-6a859d784487,2026-08-18T22:19:00,2026-08-19T04:58:23.784789,analytics,configuration,high
f30871dc-1f8b-4a79-bcf1-e3d6e2643b53,383413e0-8616-4c91-a6cc-352f9b04a0b6,2026-07-13T09:29:00,2026-07-13T12:27:17.490224,payments,bug,critical
e38785d1-a1b4-43f5-be8e-335a9b5ffa73,983c1ce0-4a78-4270-bb97-328a5adbd747,2026-07-19T16:29:00,2026-07-20T10:48:23.488269,payments,billing,low
8adade11-da4f-4c28-ab50-a6736c9d2f94,b7a4b3fb-bafc-4380-a573-f69704d1ff24,2026-08-26T20:59:00,2026-08-27T00:38:45.934243,messaging,bug,critical
7c5c27a1-ae11-4532-9cd4-64e7f901f65d,7fff5237-321d-4061-bf84-b0e5a3577644,2026-08-19T18:20:00,2026-08-19T20:19:38.054060,analytics,configuration,critical
a8d54f5f-7427-4f10-81eb-681f9ff700be,2cb7bd54-ee12-4f62-a2ba-383bb80a2b74,2026-07-26T03:36:00,2026-07-27T02:22:43.068071,identity,bug,low
da5b9d60-6d14-4b54-a068-8047e974dda5,651dfd57-43af-4231-8390-a4fa0c347ac6,2026-07-03T11:41:00,2026-07-04T02:29:17.780272,analytics,bug,low
c42d56d8-9fc1-409a-948c-7208a090a5af,fdcff515-93e4-45db-b550-9a4b8dae2e7a,2026-08-27T23:38:00,2026-08-28T11:24:09.690749,analytics,bug,medium
2861eb3d-48ce-4350-bfd8-4f31d8699e48,13cd8c4d-eff7-4427-bd1b-20303369bd53,2026-07-09T22:39:00,2026-07-10T03:06:28.730232,messaging,account,high
d7775797-5ac3-4492-8a20-49e289cd5f04,09c2be38-5ad3-4ce0-a151-37e49a448b13,2026-08-27T10:06:00,2026-08-27T16:36:09.907947,analytics,billing,high
54a1d423-8216-4fc6-9eab-ad04e8befead,22be820b-268b-4cb4-826b-7340238b087e,2026-07-11T11:33:00,2026-07-11T16:49:27.104220,identity,configuration,high
9d08e3af-4746-4495-b27d-1ffb57b0714e,7a53fb16-10f6-40ef-a985-eaf25afdd4a6,2026-08-19T16:15:00,2026-08-19T20:30:02.853121,payments,account,critical
750d45f8-a3e2-4cc2-8f70-88efb6ab7e07,98f7a727-b4b0-49b0-aed0-f4f6a19d5124,2026-08-17T12:48:00,2026-08-18T04:41:32.223418,analytics,billing,medium
170631b6-322f-4c67-ac90-150547afe13f,f4c3afbf-bd9a-49ff-a6c5-c610c97be763,2026-07-27T07:16:00,2026-07-27T10:10:23.843388,analytics,configuration,critical
f47ea045-d737-4fe3-885b-47435af7552e,afe3b328-966c-4dd9-a7c0-e09f72c9c4ed,2026-08-16T03:52:00,2026-08-16T13:39:40.687730,messaging,performance,low
0fd4a39d-4c7b-412a-93a8-8697705d4346,be7578fd-08d6-4c84-984e-d37b87efabd3,2026-07-05T10:43:00,2026-07-05T21:15:05.095872,analytics,configuration,medium
7920e503-fc65-4ac5-a50e-83b0677e4e64,e65a3f34-4f0c-4fcb-9050-101fbd1fe2ad,2026-08-27T22:49:00,2026-08-28T08:36:28.297731,identity,bug,high
99b401a2-a310-4d5e-bcc6-659d532efd29,20b84709-971e-43ed-9b30-a2bfc87c30a2,2026-07-26T00:55:00,2026-07-26T04:06:20.416275,payments,performance,critical
a4456bc6-55f1-4e2f-a4c1-d9d5db3d5c85,d8602626-7caa-4349-9661-b2d35d38e11c,2026-07-22T11:07:00,2026-07-22T19:12:36.458064,messaging,billing,high
337cf466-0ab3-46d9-8d28-a4120215a7d3,05fc0d62-d29c-4204-8d0f-b06725339288,2026-07-30T06:38:00,2026-07-30T13:06:51.639466,identity,bug,high
f8ccd9fd-270c-4f48-8962-6dc60e9c3409,a9b20f8f-bea2-476b-a6bf-2dc209306349,2026-07-16T11:53:00,2026-07-17T08:08:01.095695,messaging,bug,low
bc663edf-7f3b-4a56-ac54-dff53f9b3f14,8c511065-b261-4204-8d89-a8fc89aafde3,2026-07-05T19:51:00,2026-07-06T06:46:19.925645,messaging,billing,medium
738cf4bd-241a-4bf8-933e-c0c50f59a4a4,62eaac2e-71e2-4d78-9d37-a1f1978b46f4,2026-08-25T21:45:00,2026-08-26T08:02:31.868820,messaging,account,high
8d37390f-bb82-4372-9bc6-e6e44e0d019e,0b97e92b-8899-4d2f-9750-9b6d11254bff,2026-07-02T13:07:00,2026-07-02T23:12:34.122423,payments,billing,low
63c854a7-1944-49a5-9cc1-8990785e46cb,ec9aedd5-914b-4ec4-a7e0-be266522db93,2026-07-05T06:38:00,2026-07-05T17:18:45.068592,analytics,performance,high
a71eb887-0a64-4ae3-96a6-1b86eef56f17,9858c7dc-8d3e-40e8-b3fb-8efef40ea1b4,2026-07-12T07:27:00,2026-07-12T19:08:49.978979,analytics,configuration,high
d5d82ea4-64d5-4566-b7a7-414055bc230d,c1c17255-22b1-486d-b591-8acaf3ba6d76,2026-08-28T14:21:00,2026-08-28T19:44:29.814027,payments,account,critical
48267572-e0ce-4dcf-be12-d59dd50e8501,9ddb6c76-7bb6-41c2-b595-06abdc81cb15,2026-07-23T15:58:00,2026-07-24T04:18:23.480195,payments,performance,medium
f349d75c-b085-4ced-9fe7-90888293188d,051c5882-aa91-48ee-92ab-2e21be1cb6d1,2026-07-06T20:10:00,2026-07-07T04:01:29.992334,messaging,configuration,medium
88977240-c6e0-4286-8862-b1e353363718,dcc6724d-38c2-4d04-b63e-a3961e0b70e5,2026-07-06T23:09:00,2026-07-07T08:57:28.500803,payments,performance,high
a524f854-b213-46bc-9fe4-05b644331a27,fb635dad-1abb-4e8d-86c4-0605a01ae794,2026-08-17T11:43:00,2026-08-17T16:59:07.474513,identity,performance,high
fb77dfd5-0109-4bdb-a857-4a72068af3df,815e24b2-b39a-4190-b744-62ebeb7bee15,2026-07-23T02:13:00,2026-07-23T11:59:40.784910,messaging,billing,high
290dd3d2-8368-48c6-a230-ef513d031490,be5ac235-eb2c-4312-9766-519b4027ec87,2026-08-18T02:08:00,2026-08-18T16:42:21.110239,messaging,billing,low
c47cdb1e-f529-4031-95fc-b9790fc4247c,fe818313-45c8-4cae-b00b-eef8d62571bd,2026-07-23T22:10:00,2026-07-24T21:57:47.992250,analytics,performance,low
3128c085-3e8d-4aa2-b778-20e7624209d8,1f1de246-a320-4c60-86e5-a8b9134aca62,2026-07-27T13:03:00,2026-07-28T00:37:08.881477,messaging,billing,high
fcb2dc3d-a688-42fd-9dce-b854dc23cd19,3cd81426-a4f6-4c2e-8127-5e01b1c92eeb,2026-08-04T00:17:00,2026-08-04T11:07:21.660737,identity,bug,medium
9d833421-187e-41e1-a102-f578b82d20f4,9158fd1a-cbb2-4fb4-8858-8d9c80d88029,2026-07-21T20:25:00,2026-07-22T05:56:33.589952,identity,configuration,medium
c561b04c-5e55-4dcc-9f84-f32032cde047,0a0124c5-bc5b-493b-a4c9-ea181008fc88,2026-07-03T02:49:00,2026-07-03T05:14:23.478285,analytics,performance,critical
4f8e0369-eeeb-4220-9524-4da5ef5055be,10819a83-da85-43fc-8950-3e9aeda7880d,2026-07-26T11:12:00,2026-07-27T10:05:47.990915,identity,account,low
8c1ae27c-4942-4570-ae94-65c2c419f25c,8225f18d-f43a-4224-9338-a1d7c0891c45,2026-07-10T22:02:00,2026-07-11T13:59:53.955483,identity,billing,medium
ca95afdb-4a9a-4c3d-95da-46ff7763cfa3,26df417b-7fe8-4607-8753-b70a1532ea25,2026-07-26T01:41:00,2026-07-26T05:00:49.028580,identity,billing,critical
ddc0403e-0139-4d2b-baa9-df5a7e5ec570,17d29676-7ded-499a-bf20-c7f8708e3860,2026-07-06T14:24:00,2026-07-06T23:53:40.630726,identity,bug,high
613a5b19-01ab-49ca-a423-0c8d4edb7b9f,ae0ee48f-40a6-4e6b-8c68-00efa07b5c1c,2026-07-06T05:39:00,2026-07-06T22:38:52.191194,identity,billing,medium
a8b5d0ec-dd50-437d-a2be-1b9be3269c5b,d5d6d4b4-c72e-4788-816f-e65b85862660,2026-07-20T00:25:00,2026-07-20T09:06:49.100815,identity,billing,high
b7b55c1c-69b3-44ff-8323-7a5e635f7bdc,33073f2d-19ad-4d76-ad14-0d39e7b2ea3d,2026-07-12T02:54:00,2026-07-12T18:34:16.953167,messaging,billing,medium
e888a6e7-072f-48db-abe0-725faec14023,17293373-7fb7-4998-a19e-234fb4241f3d,2026-07-09T04:44:00,2026-07-09T07:48:43.083274,analytics,account,critical
d90535b0-f092-4ce9-9590-5a25048155dc,fae2680e-c577-431d-9703-9f0ec875f262,2026-07-12T06:23:00,2026-07-12T15:16:35.361119,analytics,account,medium
32e644f2-2fe2-40cc-a51f-f77377663f8a,2b0f0df6-2a39-412b-b732-dc31983e7ac7,2026-07-09T07:42:00,2026-07-09T15:18:59.340765,payments,performance,medium
4adf2411-03c1-42a8-8c82-9587642814da,0c3bcedc-f684-4edb-aed6-1f8ef4480e86,2026-08-28T14:54:00,2026-08-29T15:46:58.403878,identity,billing,low
8b60ba18-4627-4572-98e0-a0098d0f4ebd,da3f03da-a672-408f-ba2d-c040251e6c97,2026-07-04T03:55:00,2026-07-04T07:41:30.702221,analytics,bug,critical
7114a0a1-25eb-41bb-a5f0-b20d7b4fea2d,c09e8b86-f7d8-4685-ab8b-75c8dac2f20d,2026-07-30T19:18:00,2026-07-30T23:40:55.991316,messaging,bug,critical
9ea2802a-6831-4a08-9eed-69d7b3a5716b,bbdd3824-6e67-40e9-82a8-8a7cccbee3ec,2026-08-07T01:32:00,2026-08-07T10:02:15.993525,analytics,bug,medium
29012934-829d-4a7f-8596-9cd01b228b0a,f5adc7f9-0f31-405b-a56c-f576bebb7178,2026-07-03T10:02:00,2026-07-04T01:03:21.333590,analytics,account,low
caf9c65d-6a22-4814-91aa-b5f71c11409a,f30f32e4-4085-42fa-bbc3-9a2f045e1ead,2026-08-07T18:37:00,2026-08-08T10:40:04.179868,analytics,account,medium
d5839bd8-b1ee-4dfc-ba07-fb2db6bf2132,c6d52844-4cb3-4585-a996-484ca3a27372,2026-08-17T16:24:00,2026-08-17T18:54:05.601161,analytics,billing,critical
06a810b3-6d1d-4896-a70f-52f5150925de,0ca04154-f711-44e6-86af-dcfc85995200,2026-08-27T23:11:00,2026-08-28T09:46:03.578635,messaging,configuration,high
5910cbe7-f9c9-4ae2-bc64-a5bf3665c023,538795bd-3370-4e61-8566-70e3a642592e,2026-08-24T06:08:00,2026-08-25T07:00:51.826347,analytics,performance,low
8b7dc4ad-54c4-4c50-9fb0-bc021702b6e1,241c01fe-5e1b-4936-83ab-676790bba0c5,2026-07-20T10:50:00,2026-07-20T15:54:17.077479,messaging,configuration,high
4a360853-d477-4b35-80f7-af247b800966,caba456a-7daa-47c9-b4c5-e73b55db702b,2026-07-06T06:34:00,2026-07-07T06:07:11.682088,analytics,configuration,low
89080ba6-ebbe-4842-a71d-b48cf0fbbb10,0013d809-afee-4d92-a666-2768e0558bc5,2026-08-17T20:58:00,2026-08-18T02:46:24.309704,identity,bug,high
e88d7012-ecaf-499f-baa8-23f620ddadd4,7619e2ba-f4bd-4d5c-abb6-a556a05668ea,2026-08-06T03:15:00,2026-08-06T22:48:28.899035,messaging,configuration,low
685716b7-12f0-4c94-b9a1-5b915daf5fc8,b3e45fa1-32f8-4ad8-902a-d85d5bda604b,2026-08-07T01:42:00,2026-08-08T08:50:18.826736,payments,billing,medium
ecdd081e-2565-4073-a8a6-a37e963b6db4,893dfa78-5fce-4719-9921-6e5342be7463,2026-08-25T05:04:00,2026-08-26T01:36:52.460920,payments,bug,medium
c07217cc-9ebe-4918-a6c9-ca2902ccb1ca,76c9cda6-8301-45b0-8303-88d674c65de8,2026-07-31T12:14:00,2026-07-31T22:53:36.163242,identity,performance,low
732ce70c-1aeb-47fa-9289-32620ef27356,dd718443-e794-4264-a9c5-1e093d95ed13,2026-07-04T07:41:00,2026-07-04T12:00:19.211422,identity,billing,critical
3cda2811-b87a-4c8a-aa2c-9f841e986dd0,8cda447a-1bad-455c-958b-26179551cade,2026-07-04T21:36:00,2026-07-05T03:30:04.281255,identity,bug,high
a5a7c89b-b3e5-4f83-b306-9bc853253ba6,c1751d92-3f9e-409f-8639-f6ec4bbd6151,2026-08-05T23:58:00,2026-08-06T18:18:53.183640,messaging,performance,low
de7bf7a5-60e4-49a4-ba64-0d72bdd6e2f2,7af2d848-22f6-4f0c-b5fa-b4e3a18ae9bf,2026-07-09T17:40:00,2026-07-09T21:30:27.313038,analytics,billing,critical
75473144-df34-404f-aebd-09aaf6699831,00b4acba-8f62-4982-9b35-0077286c1019,2026-07-02T15:15:00,2026-07-03T09:36:52.625293,analytics,billing,low
c6f44ba2-83c8-4010-b949-989c0820bd58,756c9628-bbb1-48a1-9458-9df110146fc0,2026-07-19T11:51:00,2026-07-19T16:00:13.027694,identity,performance,critical
a33941e4-e0a6-4ffb-a307-21e87d3c4def,527ed7e6-e920-48ef-af98-18f545af51f0,2026-07-09T01:04:00,2026-07-09T15:17:08.029722,analytics,performance,medium
31425289-fde6-45b3-8ae6-c6ae7b8c1d8d,5c290497-e89e-4dd5-9d62-d8ce32cd5b96,2026-07-07T14:46:00,2026-07-08T16:55:00.577693,identity,billing,low
74051b8d-e7bd-4ec4-aa3f-223359ffee39,60caca3d-db63-4ccc-93eb-7471f9f00a44,2026-07-20T21:32:00,2026-07-21T01:56:59.099668,identity,configuration,high
1047282c-37a8-4632-ac97-80d9f3f73d41,8a3932ae-5081-4be5-8152-4bb6e93172a8,2026-08-09T02:53:00,2026-08-10T10:48:35.437382,payments,performance,low
078c0d85-13fe-4066-bfae-ce221cbc5c88,368b6da4-fc45-4920-8a35-07b180921e2d,2026-08-14T04:05:00,2026-08-14T17:32:14.918364,messaging,account,medium
a8b4b1f2-1bf9-4f86-90a1-1947e6a272e3,c9231ec0-23e3-4ff6-99ad-bfcbd7699743,2026-08-17T17:46:00,2026-08-18T04:51:05.691210,identity,configuration,low
d16d77ea-b73c-489a-a637-e25e4ab72934,57df2246-21f6-469d-91e9-27708dffd96e,2026-07-28T16:06:00,2026-07-28T19:56:26.627252,analytics,account,critical
f8642ea5-13ad-4873-b9a1-540647df8861,77cf0216-a6dd-432d-9b41-a23f7dfd72be,2026-08-01T04:26:00,2026-08-01T08:31:18.603784,identity,billing,critical
bdca0d5e-ea24-4d7e-b1e5-02f26937992d,5e183db1-1553-4f2b-be5d-0a49a9c40927,2026-08-20T02:07:00,2026-08-21T01:11:03.101831,payments,performance,low
c634dd0c-84c9-479e-9eac-f1f32477f6be,bb48c541-5462-4ba5-989a-e7d79c78600c,2026-08-28T17:19:00,2026-08-29T03:16:40.341932,identity,account,low
fb5f78c5-dd12-4c1c-8f33-1eb46660dcba,a8b0f47f-5e05-47bd-bf94-ec23c41f534d,2026-08-30T17:08:00,2026-08-31T13:02:08.197410,identity,performance,low
946a2924-b7c4-4124-8593-6493f200f3ae,9bd02dfc-8647-44d5-9d0a-d94b76962012,2026-07-05T07:44:00,2026-07-06T07:11:32.966806,identity,account,low
67974d5e-7034-4d83-89c6-fa8c79f30634,de1e8932-169e-402a-af14-bd0413a1ac2a,2026-07-27T00:15:00,2026-07-27T04:43:32.456259,payments,bug,critical
c7f1b2b5-3e41-4bd1-b7b3-3b8df31a789a,02c35b8f-08fb-46c6-a32a-6bf2f982ae35,2026-08-23T01:21:00,2026-08-23T08:11:23.257915,payments,performance,critical
5c0e31aa-6ec4-49b3-862d-3ea7d3574268,5f9c03ac-7aa4-4494-9b66-d2a0f2bd29c4,2026-08-22T03:06:00,2026-08-22T04:52:08.270579,messaging,configuration,critical
98707b06-9c7a-43e0-b10a-84f573e10a26,532a1fcc-a207-4c26-bcb2-c2241aa4ff7d,2026-08-17T12:47:00,2026-08-17T21:25:03.251964,identity,billing,high
680d6a22-a8bf-4359-8cd7-16031d4b8453,b9ab8fb9-dd91-4710-a8bc-676f3bb123fc,2026-08-27T23:03:00,2026-08-28T14:23:27.218939,payments,billing,high
6da49a32-f3ec-4d3f-acb2-db534b7d899f,d48605fb-3564-4fbf-a850-773f80df2987,2026-07-27T19:08:00,2026-07-28T03:41:21.068176,analytics,account,high
d8c46699-e2a7-46e4-b35e-a4ea35ce6716,3ca498c7-4579-4a89-b4dd-444fd58f438d,2026-07-18T16:47:00,2026-07-19T05:06:45.057908,payments,billing,low
b6670e82-edc9-4576-89e4-3aeb2c830f5c,184f7a88-1e5d-4ff9-832a-60ce6a60f0c5,2026-07-21T07:12:00,2026-07-21T09:54:45.491474,identity,billing,critical
1f1bbd59-7f4b-4e8a-9f43-4119ae9a3065,dab1a8b5-7435-4e13-9c79-c961b59f3b0f,2026-08-20T23:00:00,2026-08-22T01:49:13.467627,analytics,performance,low
ff0112bb-8d6d-46db-aee6-b5a588c36f46,e1efd372-9851-400f-80b5-983f61bc9a62,2026-08-13T01:14:00,2026-08-14T08:14:45.649769,payments,performance,low
fab641c6-4cba-4efc-b508-b39e7ad96f01,5380e2ee-1ae4-44fa-b27b-fc7c00b8adde,2026-08-08T00:29:00,2026-08-08T15:28:28.747292,analytics,performance,medium
dd76a29a-3fad-4bfc-a4a1-e93ee46123da,69d61f69-4c29-4e10-84a0-cc4ee1fe0111,2026-07-29T04:07:00,2026-07-29T14:01:33.613359,payments,account,medium
2e1b7e9c-47da-4a15-b385-9cd484ddd2db,f1efd919-9a30-4423-959d-6db79b76b049,2026-08-30T07:20:00,2026-08-30T21:13:13.596592,identity,billing,medium
d9277a0f-cd97-4d77-9316-bb4b2f4b70b0,7dfb5074-1ff9-4111-8618-3ec7962fbfcc,2026-08-21T01:51:00,2026-08-22T03:00:01.851609,analytics,configuration,low
31fad4f5-9621-4ef1-9a88-04332885dda3,5b6895ce-5005-4afa-b2d0-f455874d30a6,2026-08-07T02:08:00,2026-08-07T04:39:26.469083,analytics,billing,critical
cd70bce9-add1-4e85-b2ae-b6ccc0a16f63,f73d4e7a-f6c8-4b76-8724-aa8555f4bc8f,2026-08-19T23:51:00,2026-08-20T14:53:26.901931,payments,performance,high
e0820d6f-e764-4417-96d8-63644f321e23,3d5e129b-fdf4-4d6e-a167-2568a1616004,2026-07-14T08:16:00,2026-07-15T07:22:17.334986,messaging,configuration,low
3ba9a9d9-6a54-482a-a779-86ae18883aa1,19d12a28-a11f-49d2-88ea-42572d64fefa,2026-08-04T19:26:00,2026-08-04T22:49:27.810596,messaging,configuration,critical
387d4121-132f-432b-90af-586334885009,a9081479-75d7-45dc-b962-8e41a9e86f0d,2026-07-20T17:14:00,2026-07-20T21:09:34.415101,analytics,account,critical
0aa9865e-df81-443e-9529-4beca48660be,6f937dd8-f9f5-4513-a342-bf7bd26b2b7a,2026-07-09T22:38:00,2026-07-10T07:12:19.402085,payments,billing,high
2e9eae7b-5a4b-436f-8944-82b1a451623c,8d5d9fe7-cd90-4ae3-99fe-817c3fcc1231,2026-07-11T22:33:00,2026-07-12T05:44:21.710145,identity,billing,high
e35776d9-be92-4749-9410-8b4047ec7ece,c04689cf-8ec8-40d2-ba8b-f68584509e9a,2026-07-14T13:23:00,2026-07-15T00:10:53.189916,payments,account,high
c6b677b7-35dd-434b-b277-225d68e1bc8c,a21bc0ea-2789-4f32-984c-71e4d5599fd8,2026-07-25T17:58:00,2026-07-26T05:42:27.628554,analytics,bug,medium
9c7ebba6-b2e6-4a42-924f-40a0f3e524d0,07937dfa-326d-47c8-b4c0-931bf57b73a4,2026-07-21T08:45:00,2026-07-21T12:03:04.238367,analytics,bug,critical
e339a2dd-d8fd-4fa8-baf9-34e38e10293e,ba0d212d-76ed-4ee2-90f0-388f01dda765,2026-08-05T10:24:00,2026-08-06T10:24:24.425848,analytics,bug,low
fa97c495-8539-4b08-90a1-e2a2907b7581,085123d9-c45b-41fe-ac19-17a37fe0bef5,2026-08-05T05:49:00,2026-08-06T19:40:12.267079,payments,bug,low
209fdd2d-b60b-4c01-84be-a865613484f8,3eee7eeb-c50b-43f1-9861-a73d5fa64fca,2026-08-25T16:41:00,2026-08-26T18:41:58.259918,identity,bug,low
7104f3f5-edab-4505-8d86-c6732eb4f88b,1d0d1e0a-0162-4221-b94b-ecef932b3064,2026-08-04T03:37:00,2026-08-04T08:15:27.007733,analytics,account,high
ea57844f-27bb-427f-a836-07e028d97f10,e7459613-849d-4f12-884f-23bde0be4d3d,2026-08-27T07:57:00,2026-08-28T01:06:23.271225,analytics,configuration,low
d30f3eaa-b75e-4b28-9ef0-40d44063d7aa,65bcf67c-bc3d-4204-a012-17a9c8cf5c3d,2026-07-17T03:04:00,2026-07-17T06:29:34.390745,payments,account,critical
51205611-a58f-4dad-8e26-4f4ee46d2663,9c62783f-1b05-4f43-b3db-064e582df724,2026-08-27T01:39:00,2026-08-27T12:01:31.278351,payments,bug,high
2fbe8953-6f54-4096-936c-dbaa1ab6cfb2,26bea3f0-241e-4937-bd1f-91c89acfdc53,2026-07-26T11:13:00,2026-07-26T14:02:19.015140,identity,bug,critical
416f25c2-ceb3-4ff8-ae16-5f7a68958354,2549cd7f-1d4f-410a-bf98-3c75e84654b8,2026-08-24T12:10:00,2026-08-24T18:51:53.462356,identity,performance,medium
8c6ab653-7333-4273-8861-d919fe0048a8,3b446a6c-061b-4f5a-a421-0eebfef63f4e,2026-08-10T20:54:00,2026-08-11T03:13:31.888187,payments,performance,critical
02f306ba-64a0-4c69-8469-3fee7d0a530c,ed8d8144-8595-4721-be6a-dd7a245994d7,2026-08-24T06:39:00,2026-08-25T16:50:49.378084,payments,configuration,low
6732b473-bbf9-4711-98fb-68bd5fa48fba,42c30d7f-a6bf-40bd-af2e-55d5b6e58ad0,2026-07-09T09:07:00,2026-07-09T13:23:09.372604,messaging,performance,critical
726c3fa4-c9c6-4edf-9cb4-8c1565810a95,471f83c6-4283-4c21-b65e-79a4f715b681,2026-07-15T15:38:00,2026-07-16T07:47:03.673008,analytics,configuration,low
e270316a-bcd0-479e-b15a-36d5b1d48c95,fdf6e6e7-085f-4cd3-9010-751e6cbc6131,2026-08-17T16:39:00,2026-08-18T01:01:52.575575,identity,bug,medium
9e73f530-70bc-4a85-b440-39289b87eca8,ce96cfaa-b6de-46f4-8f57-6f52ffd4dc83,2026-08-11T07:29:00,2026-08-12T14:53:38.067029,payments,bug,medium
f57e4e95-f2dc-4eea-b137-2e27bb7b6661,0f13ab0c-1839-4a4e-8434-36e0bafca964,2026-07-29T14:22:00,2026-07-30T00:30:12.816397,identity,billing,medium
d6fcc14d-414d-48fb-abec-83254a9713d8,81a9e188-0964-420d-8c74-a957b8abac8a,2026-08-06T12:40:00,2026-08-07T06:01:23.726268,analytics,performance,low
2ffb98f0-11fc-4e96-b065-83d5a4fd6755,4d8cac2a-fa40-4995-8357-f6c314cfac72,2026-07-19T15:38:00,2026-07-20T11:29:09.680740,payments,bug,low
871021bb-e950-4447-a8bb-6826b63ce080,6b0667f4-188d-4b89-8cc7-1b812a2eb7f2,2026-07-01T01:00:00,2026-07-01T16:00:14.587705,messaging,bug,medium
8e0d583b-3931-400d-b4cd-377a05cf04e7,f414b82f-79a2-49fb-901e-a021e22e644a,2026-07-22T15:51:00,2026-07-22T18:50:14.079311,identity,billing,critical
3694d51c-1f19-4a0e-a021-448cc1c045c1,f5c40dd7-44d7-4096-97b8-10bed9746d2f,2026-08-22T04:41:00,2026-08-22T17:06:37.090461,identity,performance,low
9b8ef73d-1508-449e-bc7c-243ab10ce626,84b67f76-eda7-4247-b4aa-f1f50fa08980,2026-08-10T17:33:00,2026-08-11T00:00:24.429574,analytics,account,high
7f9c255e-01b6-4bb9-bcd4-30df1f0a8ece,4d8670b8-1130-4fab-b663-199a8f52c5eb,2026-08-23T22:27:00,2026-08-24T02:49:56.226026,analytics,billing,high
213628b0-dbc2-4b7c-8a78-785e4a4ea33e,665635bb-e29f-4cb5-a6ca-c7941cd4fc26,2026-08-06T00:10:00,2026-08-07T02:40:55.491330,identity,account,low
a07212a9-9d1d-432c-bc9f-b9e16611a6d6,07341db9-48cc-4f3a-a6ce-3ec062bb9574,2026-07-09T14:28:00,2026-07-10T02:25:33.950941,messaging,configuration,high
dd0a1076-b5cb-46d8-a3b7-786cd9a81f76,ce6eba75-863d-41c6-9ffb-21fcc7fafb2c,2026-07-22T12:39:00,2026-07-22T23:18:21.612103,messaging,billing,high
acefa823-4eb6-496d-aed4-366f8e55f5ea,4a23311d-5d1c-433c-b3dc-f2eec98c2406,2026-08-06T06:13:00,2026-08-07T07:54:53.919994,messaging,account,low
75a69807-90ca-4c8b-86be-6b6dc766ec30,bd3f7f5b-4b41-4490-8a14-293c16e41812,2026-08-12T03:53:00,2026-08-12T20:51:55.366869,messaging,account,medium
97528eb9-6214-4db8-b6f5-8763f31f0755,af9162c4-c1dc-49e4-b77c-29bc87ec1d5d,2026-07-07T20:13:00,2026-07-08T21:01:26.160133,analytics,billing,low
0f41666e-7fae-4e8f-9174-c132f8e3b657,005fce60-eb5b-43fc-91bf-8d40cce5aa13,2026-08-23T14:40:00,2026-08-24T07:06:23.008969,payments,bug,medium
6be64ab2-e1c2-48b0-bd0a-1731db33c4fc,c0a11702-636a-4579-a89e-6b02623bce88,2026-08-08T05:12:00,2026-08-08T22:58:38.966838,payments,account,high
14026808-f355-42a9-a000-4b2d381cce9e,14129d56-2d72-4e9c-af2c-783750e6e286,2026-08-14T17:16:00,2026-08-14T21:21:59.102149,messaging,billing,critical
75a1d4cb-cd72-4462-b096-01bc1e057545,95808119-e5c3-4a7e-aef0-7bfc0868eaf5,2026-07-22T02:00:00,2026-07-22T14:31:19.707747,payments,bug,medium
d99e97c1-8e82-409f-b218-c75a1a45c464,92ae1223-48a2-4005-a4fe-ded06704d331,2026-07-29T23:38:00,2026-07-30T05:27:52.558745,messaging,bug,high
52f71460-235a-447f-a0e7-af458bd7bc05,b46eb770-348b-42ba-9681-3461e815ec7c,2026-08-10T22:15:00,2026-08-11T00:57:30.039063,analytics,performance,critical
6d6341f1-d684-4d35-82be-51f7bc42d628,742c88bb-162d-4305-aaab-5a98893ad71d,2026-07-11T19:56:00,2026-07-12T12:10:52.325275,messaging,performance,low
7582ffe5-eb6f-41d9-8dcf-1598157288f3,249dee4b-996f-48ff-923d-aa323b16e71c,2026-08-15T04:32:00,2026-08-16T09:54:41.458234,payments,performance,medium
36163fed-5272-43d8-9ae7-ea6dfe6c0a52,369a98f0-450c-4c60-878a-83a684d38171,2026-07-02T09:46:00,2026-07-02T12:53:18.703003,identity,bug,critical
6f568815-34c4-4651-8cff-6634e6509429,76145573-82af-4265-9bf9-98e659e03b37,2026-07-08T16:16:00,2026-07-09T05:49:00.356889,payments,billing,medium
78845978-0399-4f42-affe-735a6190d915,249c7dba-2875-4d59-9bdb-6ce4438b139d,2026-07-30T20:17:00,2026-07-30T23:49:10.468939,payments,bug,critical
b316d79b-75e4-420e-a46a-29123f13c713,1535b010-3b86-4927-99c6-c19b8334f3bd,2026-08-30T00:49:00,2026-08-30T09:07:45.346324,identity,bug,high
3f2b60c4-78df-4231-9508-91022da5189a,a8d2efc3-f943-419c-976d-27811ebe4357,2026-08-10T17:06:00,2026-08-10T20:18:29.863416,analytics,configuration,critical
f98cc6b3-c715-4ce1-b20e-8563b7bc07fe,fe61a1c3-9315-4a27-b285-bd5edbeed76b,2026-07-07T15:10:00,2026-07-08T01:05:43.357948,payments,bug,medium
5cb70c0c-5f13-4b48-b35b-21f86153d98e,26813653-0150-462e-9b3c-301daf42fa08,2026-08-06T05:17:00,2026-08-07T00:19:07.711629,messaging,account,low
de1f439d-3311-46d0-863f-6818ecff2c09,456f4f39-351d-496d-8663-dd1a93a890b8,2026-08-18T15:06:00,2026-08-18T18:28:13.119593,identity,billing,critical
5570c42e-5564-497e-9c69-1cc54572c9e1,0e97922c-66cc-4d47-ab2e-40ffacbee58f,2026-08-19T07:42:00,2026-08-20T09:51:20.031532,identity,account,low
be21596e-b63d-4d88-8382-8b678a9e3487,6379bb75-9c32-4b6e-87cc-37eafc096773,2026-07-12T13:09:00,2026-07-13T15:16:30.719124,analytics,configuration,low
822cd688-fe25-4438-9cba-32e626ce95b0,23d09563-a7be-4621-99a3-1212c2a3e790,2026-07-21T22:00:00,2026-07-22T06:03:32.003511,messaging,account,high
23b5d42a-0c89-490f-aaec-91c11948244e,d44bdba7-8375-4da4-9962-3254474c3c2d,2026-07-27T13:35:00,2026-07-28T00:21:08.703332,payments,configuration,high
150e8e15-6391-4199-b888-84764f6167aa,0e67217b-0d5b-4365-b902-ec5bfddfd99f,2026-08-25T11:58:00,2026-08-25T18:44:27.245919,analytics,bug,high
a5c0b04e-15d2-4704-afd5-afb024d4de36,b049af1a-2cf1-4af0-a022-c3a9d5acb796,2026-08-26T23:39:00,2026-08-27T01:25:29.989670,messaging,bug,critical
17b02bef-933f-4ac8-b682-c5ab765c4906,a2039a51-0b34-4e9c-870d-f1ffa3004fb1,2026-07-17T07:07:00,2026-07-17T09:57:33.855043,payments,account,critical
3e52a317-931d-43a4-ad99-db532345e09f,d4a9f095-d50d-4535-8a70-c6835c559cba,2026-08-13T11:20:00,2026-08-13T22:41:58.703303,payments,account,medium
74e50c41-ad3f-4f9c-995a-3f57df1a9ab1,96b04864-3aaa-4429-9fa2-a87ad6ffadc0,2026-08-26T00:45:00,2026-08-26T04:35:26.677615,messaging,configuration,critical
16283c0b-e3b1-4f15-861c-2d7d57d75c5a,b4d6bba6-de88-4f5f-8513-95be0b07023b,2026-08-25T21:21:00,2026-08-26T00:40:52.664827,analytics,performance,critical
c87553de-a5a1-4f21-946e-2359f51f368f,1699ab27-03cd-421b-8e7f-ac6f9b4f21ee,2026-08-14T19:49:00,2026-08-15T12:06:03.426662,messaging,account,medium
2f25c50b-9812-4e55-93e0-8fb5a2bd9eab,bb6b71a1-1f06-41b8-a2f3-3fa3fe192a90,2026-08-22T07:13:00,2026-08-22T10:52:20.229229,messaging,account,critical
62224eb5-1676-493c-9da0-3706ab0344e1,d910a2f6-8def-48f0-9903-9ba9be0167cb,2026-07-15T00:13:00,2026-07-15T12:08:36.789356,payments,configuration,medium
f696b821-6cf0-4226-9965-f63bc2ddb1fb,4840c549-eac6-4140-b55a-def79d915c99,2026-07-04T11:24:00,2026-07-05T03:34:28.868783,identity,account,low
3a61cf62-fa71-48b3-ac31-7b6aedaca1ca,fbc6e26d-1432-4459-a7fb-263b7476e949,2026-07-17T22:50:00,2026-07-18T20:21:08.505465,payments,configuration,low
ba468747-f0d2-4605-9084-cf5a3ac2a7f2,00326939-f32e-4cf4-922d-2eb1d9dd4f50,2026-07-03T17:18:00,2026-07-03T20:58:59.036883,identity,performance,critical
9365f5a4-6bdb-45a1-84ea-82fea919b27c,264319a9-ddd5-4d98-bc85-1cadde206e8c,2026-07-31T04:59:00,2026-07-31T14:32:05.092273,messaging,account,low
f41abcb2-c290-4138-8562-83426c799a6e,c820c9ff-9a97-47a4-8a3f-156148ef580e,2026-07-12T08:41:00,2026-07-13T00:01:25.976290,payments,configuration,medium
f7a1d925-3c7b-4e19-a5a1-d9769c04e50e,aa6f0e82-02c6-4e03-8ce7-f38ca5911887,2026-08-01T04:29:00,2026-08-01T09:56:37.613955,identity,configuration,high
78217407-f8c4-458e-b9b5-5ff58075ab96,61ddd7ca-46d5-4479-a439-dfc1bb7ec9c0,2026-08-17T15:47:00,2026-08-17T17:52:17.958268,messaging,performance,critical
dcea08ae-5b24-4835-9cb8-cafbfd7fcd01,f0993a6a-252b-41c2-ab74-6a634b38539d,2026-08-02T03:11:00,2026-08-02T16:47:26.597606,identity,billing,medium
65d5d2c8-ab5f-494b-accf-1c79adee541f,b4ecca16-2eb4-4120-8bbf-9d7bc04c6d88,2026-07-13T02:45:00,2026-07-13T19:08:43.820167,identity,performance,medium
fde842be-df12-41cc-a583-de5e46e161b4,b9b4040f-0516-41ab-adbd-af885287a6cb,2026-07-18T17:02:00,2026-07-18T19:01:35.752530,analytics,configuration,critical
580ea649-0422-4ada-a8ee-765cdecbae75,01be52d6-bb0c-4964-a8d5-3f448d9af1f9,2026-07-08T05:54:00,2026-07-08T15:40:45.720232,identity,billing,high
4f481467-177e-4ba5-be44-999f3f5876ea,754535b7-f3fe-42d7-b826-34c8d353c6f2,2026-08-13T23:47:00,2026-08-14T03:23:19.686213,payments,configuration,critical
9e73fbb6-4611-4a76-bdda-ae9b898937c3,a1042cd0-14d4-4ae2-be45-aa3e3f154ff9,2026-08-22T09:04:00,2026-08-23T14:37:21.675055,payments,performance,medium
44e2c960-b98c-4732-b605-dacf4834b29b,a3c3b2ee-4429-4f3b-81e0-9e4994722fe0,2026-07-21T05:33:00,2026-07-21T10:22:03.956828,identity,account,high
7db8482d-9167-4219-b71d-84b745a2d7a0,1aa708df-ba2e-4025-b2ef-b10ea0b90771,2026-08-15T22:03:00,2026-08-16T00:39:27.699422,analytics,account,critical
0156423b-2f7e-4c7a-a635-724c3b4edab6,30be6433-8bd3-4dce-8f7c-1e0cbdc64b21,2026-07-03T08:03:00,2026-07-03T19:42:00.258562,messaging,account,high
711c9a9f-8225-4760-99c3-98622a62fdf6,9c9359d6-89e0-4ea1-96e8-04c6b245118d,2026-08-20T20:27:00,2026-08-21T06:29:52.451553,identity,bug,high
0b92e413-b279-417f-9627-b83b3e161965,b2bf56b4-141f-4079-86be-2072aaab72ed,2026-07-27T03:37:00,2026-07-27T16:06:41.538182,identity,billing,low
e7b9432d-58aa-43cc-853c-01a75412929f,b57f9e81-2826-4bb2-9bf7-79bc25411338,2026-08-27T04:09:00,2026-08-28T05:49:25.446698,analytics,account,low
2b991029-6b14-40e3-b12f-f45f8b6bcabb,40199feb-6648-4703-86c3-bce55173feaa,2026-07-11T07:16:00,2026-07-11T09:15:40.000810,messaging,account,critical
f788f91a-b402-4d35-b7e6-c1a501137c57,3d51107b-2020-403d-a742-f51d67e0f13c,2026-07-19T03:02:00,2026-07-19T12:15:46.579397,identity,account,medium
e1510dab-2567-46b3-a5d4-464eed4398bc,a558bd37-b165-48e9-877b-5e7159f4cffb,2026-07-04T10:20:00,2026-07-04T21:04:03.728534,analytics,configuration,medium
1f9d6363-c570-4974-abe0-5951a64c3667,cf9dd72c-4498-4956-97d3-4ead234a874d,2026-07-09T00:41:00,2026-07-09T02:30:21.244422,identity,configuration,critical
1cad1de4-77a2-4d3d-8304-b6bb4ca5c5d1,f8cfccff-a453-4e28-aefa-adaf24e7be86,2026-07-30T20:00:00,2026-07-31T10:44:49.882763,payments,bug,medium
c4237b11-5d3b-4141-becc-4ea3541f71cc,7058340e-dfd3-4826-95b9-4c2be28eb313,2026-08-03T07:46:00,2026-08-03T14:23:49.242000,payments,performance,critical
44be8c86-b893-4682-9eea-c4941f27b7ad,957a2ed5-9e33-4f11-ab5d-1722de93386c,2026-08-17T17:50:00,2026-08-17T20:40:31.130090,analytics,billing,critical
df507c15-65d7-4cb3-b9c6-fe098d070ec2,16bdad9f-21ca-4b4d-b7a2-2d8aa3d36fc1,2026-07-29T21:11:00,2026-07-30T08:48:18.641348,analytics,bug,high
d9628e37-5bc9-4ff9-8720-28f3fdcc82a1,cd244f98-0647-40b5-951c-8bf174fc5eb8,2026-07-14T14:59:00,2026-07-15T00:37:00.453908,analytics,configuration,low
90dea82e-4ee0-41f5-b511-d5951dbc78c4,bb2a157c-f709-4f17-a32f-c31147c79248,2026-08-02T05:01:00,2026-08-02T11:02:29.572763,payments,performance,critical
d2ae505e-a605-4044-8d05-b5168f31b2a5,b044c0ad-97dc-49d6-86da-40d82055dcc1,2026-07-12T02:32:00,2026-07-12T22:25:28.650448,messaging,account,low
fd3c1c5c-0b67-4479-8018-4217b3bfe437,40ddf561-a4b9-42a6-be6b-b6997d277859,2026-07-12T23:33:00,2026-07-13T06:26:16.413831,messaging,bug,high
2a83a4a7-b162-47f8-bebe-011adc33ba76,df7890f8-e4f4-4e90-8969-991f5cfc351b,2026-07-22T09:23:00,2026-07-23T02:03:56.002923,identity,performance,medium
80aa25e8-899c-49a9-aa98-82cbbe68cbc5,93c2f40a-b6ac-465b-b744-f0d7986104dd,2026-07-31T02:50:00,2026-08-01T05:01:59.384761,messaging,performance,low
9bc8d703-0703-46c3-915e-9afc694f2b29,a3fa0c34-baff-400e-a560-27f4dbc5f2fd,2026-08-23T02:49:00,2026-08-23T05:09:19.011289,messaging,performance,critical
39baf2c3-d420-4a48-8dae-dbf6ab63ac63,51ed65c7-7e29-41c5-a137-bf8e882bdf61,2026-07-16T06:06:00,2026-07-16T14:10:54.000865,payments,performance,high
e3c83d3c-bd95-4ea4-93cf-5ca88c1c685e,21bd6b10-12ab-4957-bcb2-ba9f8cd0b42c,2026-08-30T22:08:00,2026-08-31T07:59:47.168681,identity,account,high
e34a7dee-adef-4ac7-bf4f-bba2c8c35ccb,5f0f221e-02aa-4dc3-a719-cf4c8ccb1c86,2026-08-08T09:47:00,2026-08-08T15:12:19.923199,identity,configuration,high
c82d7e92-0e7a-48de-adba-b5dc785e5f80,65b00efd-0db5-4403-8a0d-f77aec54523c,2026-07-12T17:34:00,2026-07-13T19:59:02.708821,identity,account,low
49eea51d-6f81-49ec-a6ae-50a2320a1667,df56801f-671b-4145-846b-dc488da2874d,2026-08-08T23:12:00,2026-08-09T16:23:27.219453,identity,bug,medium
3de2b8df-7649-4bad-bd8e-de5a077e4a1e,e2799ed4-043f-48ff-8edf-2b9837466547,2026-07-01T13:40:00,2026-07-02T05:17:10.048433,analytics,bug,medium
35072720-6183-4d5f-9522-ef286cc3b242,3824123a-93be-442f-8b67-daf60d8aaba6,2026-08-03T21:44:00,2026-08-04T10:06:16.897621,payments,account,medium
4cb9e168-5cbb-40d1-9810-74df2c70ce33,a4140c9d-5768-47e6-b07f-97d8f8f9704b,2026-07-22T12:28:00,2026-07-22T23:24:52.370750,payments,bug,high
d5af3ce7-e0f6-4a2a-9433-1ae498e929c9,18061d4b-2205-4643-80c5-5eed0b45ce8c,2026-07-07T07:15:00,2026-07-07T13:58:09.977391,payments,bug,high
bda251a8-5fd5-4c9f-b775-dbf3d56b4775,aa9587e7-b155-4b97-b704-4137e0d66c03,2026-07-04T01:48:00,2026-07-04T15:59:02.181326,payments,performance,medium
d5fb88b5-4442-400f-9941-930a6b0d0cce,4dea4468-e4d1-4149-9142-47cbf9d3fbec,2026-07-26T20:12:00,2026-07-26T22:51:26.916975,identity,configuration,critical
7e7f7fe5-7f7d-4470-aa45-0b9707d8fce0,2d58d4d7-dbc9-45c9-8692-9e045bf5beb5,2026-08-26T10:19:00,2026-08-26T14:42:21.428985,messaging,billing,critical
22720870-f58a-40ba-b5b5-c0fd245744e7,e0da06c3-832c-468d-a1e4-9cc2f2417e4d,2026-07-21T05:09:00,2026-07-21T08:48:29.096460,messaging,performance,critical
23c50a04-83f4-4c3b-813e-991b167fcfb8,c3b1ab75-f405-42b5-a902-e886b74174c8,2026-07-27T15:20:00,2026-07-28T02:40:06.929110,messaging,billing,low
5c7ddd09-14e2-46f9-a701-005a8cb8f5ae,0e8a8f6d-0fc0-4746-87c3-66c7c28a4aea,2026-08-16T21:43:00,2026-08-17T07:55:42.378153,payments,configuration,high
f94209d5-d849-44c5-897b-456833ddcc02,111fe2dd-5511-4c71-8472-5bb3da1990e0,2026-07-07T08:01:00,2026-07-08T06:17:00.592185,payments,billing,low
550da74f-35ae-4d24-b8e6-710d3256b555,acabd970-09d0-4f76-8ede-28b4d9d2f5d5,2026-07-18T07:59:00,2026-07-18T21:15:44.223071,analytics,billing,medium
1e337f14-667d-4f14-a9ee-b036debf7aed,f313932d-9a82-4f34-97f6-44c4c08a3189,2026-08-28T17:20:00,2026-08-29T03:23:42.195021,analytics,configuration,low
5fab2517-defd-4d02-a1b7-4fb46f209d87,dce8f7e8-b76a-422f-9d32-f8bca00b0176,2026-07-01T17:43:00,2026-07-02T04:42:03.897606,analytics,account,medium
9f8e2aed-573c-49a1-b97c-e3b02ef542af,eeff36c4-260f-419d-8d7c-849470ccbaa1,2026-08-14T13:24:00,2026-08-14T17:57:46.938012,payments,billing,critical
7d74077c-b4f0-4d09-b360-f2e3974b0199,dd995a47-ff10-4c35-a253-6751ad3435c2,2026-08-18T11:17:00,2026-08-18T16:47:03.164481,payments,performance,critical
dac96033-545c-4184-8fc5-a50eeb4d96c5,fd75456b-bd12-4187-93c0-48be92ab6687,2026-07-08T22:15:00,2026-07-09T15:02:53.590749,messaging,billing,medium
51d5f819-6312-415c-99ab-c95163c970e9,f4c73cfc-3b65-41ae-9e44-d61bdba85843,2026-08-13T16:44:00,2026-08-14T02:42:28.605975,messaging,configuration,high
615cb2f8-88eb-4292-b37e-b0d38f54dd17,d0adf85b-0864-4ea8-8f38-2a0bb74ccd16,2026-08-03T01:23:00,2026-08-03T11:55:48.894889,identity,performance,medium
bc617377-ef73-4afa-bb71-87cdd5e50bcb,42ca7627-2d91-4093-bdca-b56fbc38ee30,2026-08-21T23:50:00,2026-08-22T13:15:24.017458,analytics,configuration,medium
d8598643-dd37-4d0c-8929-f71ce847307b,0f58e645-acab-493d-ae1e-9797a0332397,2026-08-16T12:08:00,2026-08-17T02:53:16.830251,messaging,performance,medium
444733b7-f497-468e-8ead-c13a0c61d6ff,3c8cba5c-0295-4f78-863e-fa0aeb92e5a6,2026-08-05T17:25:00,2026-08-06T08:02:10.088602,analytics,account,medium
97fb2e72-bc01-4545-a7df-130430ab203d,ddcd2745-301d-42aa-b925-5a3f5c30900e,2026-07-12T00:10:00,2026-07-12T17:23:44.404524,messaging,billing,low
2e8f05e9-533e-4aee-a432-dd2b777742f9,fbb476b4-ec8d-48fd-9165-3cd09fd353a1,2026-07-20T13:49:00,2026-07-21T06:55:34.343057,payments,performance,medium
4c677385-e403-4596-9193-796e1594c945,3db49f83-f12f-46ab-8747-e9a86691dd01,2026-08-29T15:44:00,2026-08-30T01:33:03.955130,payments,bug,high
9204cd88-9c70-400b-bcab-85d83a94373e,0346b9d1-15a5-4c0a-b36e-ab27703f7feb,2026-07-15T03:01:00,2026-07-15T20:28:50.773241,payments,performance,medium
52676ff8-5ced-4585-b04c-b2769ffbfda3,e1185746-7423-4062-aa44-205b7531fd74,2026-08-08T21:00:00,2026-08-09T17:31:35.166746,identity,account,low
db4e98f6-0195-4b67-9be0-419828685cda,f2cd6b33-1730-405a-b3f1-4d2efb827c68,2026-07-22T12:08:00,2026-07-22T22:02:04.428559,payments,billing,medium
fc3d5f38-9f49-4cd8-8af4-f16afc6a9d13,bf5c71af-7389-4656-9ccc-f41d43143480,2026-08-03T02:29:00,2026-08-03T20:11:59.039970,payments,account,medium
11befd8c-a038-4fd6-8168-bae28e0d96f9,05214503-3efa-4749-b551-b925ace5a522,2026-07-29T00:58:00,2026-07-29T18:46:13.889032,identity,performance,low
c62e9778-8d6a-4ef6-b6ca-99fa69734478,2c9e4834-2c59-4277-b781-f835598e1a2b,2026-08-28T16:09:00,2026-08-29T00:05:19.464958,messaging,performance,medium
e09439fc-5e11-495e-b98b-777e6920b11d,06e900c7-694a-4a83-89ed-fd1e0bbeadce,2026-08-05T18:42:00,2026-08-06T13:58:43.632885,identity,billing,low
afb3641f-7056-415f-b541-75cb81c715c5,89cfca16-37d4-4c3a-8bfc-9fdd21db3d12,2026-07-24T18:14:00,2026-07-24T21:34:01.098673,identity,account,critical
8adfa1cd-b2e1-4c1c-9da0-7bbe42b2a1c5,52e11cd5-dd93-48bd-9fdf-3c9d29e0546f,2026-07-11T14:27:00,2026-07-11T15:57:29.031280,payments,performance,critical
5c8e0dc3-2997-4a60-a223-39cdec1bc857,7ce8eda2-2f77-41e8-97a3-b0aeb87dd0ec,2026-08-21T23:27:00,2026-08-22T20:54:06.127651,payments,performance,low
4ab41d23-9d31-4306-aaad-810bd6b9e3cb,48aae529-00a9-4682-93c9-9bbf213d2b03,2026-07-31T03:19:00,2026-07-31T07:05:45.252821,payments,account,critical
e8d766ba-9cf0-43c6-9c59-c3dd145c966b,ba1f0d86-7306-4bcb-ad6d-1414aad6dc36,2026-08-15T07:14:00,2026-08-15T10:51:25.521427,analytics,billing,critical
e47ef02e-295c-4aa3-be67-c20cd536eea3,7a7a521d-4987-4e86-aa03-3d739b803495,2026-07-30T18:04:00,2026-07-31T01:38:04.871784,payments,account,medium
32a9345a-d057-4c9b-bb4d-49b9dd026427,e784fdc7-2a8b-45f7-98fa-72624850fa17,2026-07-03T13:20:00,2026-07-03T20:30:37.392582,analytics,billing,high
1321f08b-9908-49f1-a21a-5dc049c3f533,1c556b36-b169-44f6-a1d1-78a3f3ac2137,2026-07-05T22:35:00,2026-07-06T23:29:02.471913,payments,billing,low
da99ca9c-3038-48fb-89ae-e38a9776fe18,1be578d1-4079-484d-af20-aedf54549bb9,2026-07-25T03:34:00,2026-07-25T06:37:21.139163,messaging,account,critical
43c9673c-a21d-4e70-8880-cf7d1bc3e580,5fa4fb01-fe91-4977-814d-9de5c13e162c,2026-08-16T01:11:00,2026-08-16T15:30:11.407122,messaging,configuration,medium
4c6f0e36-fbd0-4263-91e6-61b8995189ee,47b09415-a83a-4d2b-9a55-ccd7e37f6681,2026-08-03T21:04:00,2026-08-04T10:42:56.852139,identity,billing,medium
6002e60b-b06d-44be-9342-7266ebde1abb,8f871c2c-5ef6-495b-b5d8-c917ee17044f,2026-08-05T21:27:00,2026-08-06T03:39:28.959214,analytics,bug,medium
a2af63fb-8b21-45ea-b9b8-6d6a9507ab85,10e7d8e4-122a-4100-9e80-8611bdf03181,2026-07-28T11:57:00,2026-07-29T11:36:50.792754,payments,performance,low
608fe640-54f9-480f-b5d2-c039cc6e3b49,7dc2fed2-66a3-4762-9c70-c068145db62d,2026-08-22T05:35:00,2026-08-22T07:16:57.211105,identity,bug,critical
c9461f65-5504-45da-9cd3-ed9c342bd0ad,ca328862-6106-4973-a86a-441e3695e13a,2026-07-15T20:05:00,2026-07-16T05:29:40.069596,payments,account,low
f2569a4d-f1a8-437b-8765-e9f9429211e0,06d428d9-0262-49ae-8f02-6ee80bead9c5,2026-07-14T13:57:00,2026-07-14T23:15:43.440891,payments,account,high
004df9fb-b1a7-49e8-9354-6513efee1187,480e3ba4-9eaa-4281-a432-eb0ec44471c3,2026-07-09T10:00:00,2026-07-09T12:19:53.589206,identity,billing,critical
6b4d0840-cd00-4909-b595-7d994d18f889,ef01a125-1957-4c88-936f-049a81738baf,2026-08-16T13:07:00,2026-08-17T19:36:30.249455,payments,bug,medium
b92321a9-2dad-4297-965c-bab8238df867,6d40114c-ea09-45fd-9de3-b65ccdcb338a,2026-08-22T11:29:00,2026-08-23T00:16:15.028366,messaging,performance,low
417d2981-fba9-4f6c-9463-75492f3e5c88,9952bcc1-a6ae-41f7-876a-bedc3cd7a2a4,2026-08-24T00:29:00,2026-08-24T12:05:47.926471,messaging,bug,low
b27e2123-e9bd-435d-8ce0-4a6e2db9c00e,659a70c5-4bc2-413a-b654-c779a0dbc3c9,2026-07-05T09:46:00,2026-07-05T22:29:49.516129,payments,billing,low
bfb33fb3-7044-4b14-a4d5-7eee89b8d395,3fecb72b-28c8-4067-b0c0-9ade592b1d5f,2026-07-11T17:56:00,2026-07-11T21:41:28.726431,messaging,performance,critical
6c1b97fb-7cd2-4944-baad-e764cd7a404a,ca2b3856-cfde-48e5-972d-78d43e2f4149,2026-07-13T17:02:00,2026-07-14T04:07:12.516458,analytics,bug,low
cc4bc55d-a2be-405b-91e0-81ea934a0fc3,9548716e-ba89-4169-a1fc-499b71f3a68c,2026-08-04T19:45:00,2026-08-05T12:42:33.924058,messaging,bug,medium
bb920549-3df8-486f-9c33-8d4be0ab9ac8,910ab3ee-393e-46e4-85b8-7bbaa3ddd6e3,2026-07-04T19:25:00,2026-07-05T12:27:12.617062,analytics,account,low
9429655f-7f94-4907-924a-b99dc3cda6f2,0b782b34-60eb-4f30-804f-57754c5c7e41,2026-08-01T05:09:00,2026-08-01T22:15:20.864976,messaging,billing,medium
cd47ac36-0f84-489b-92ac-83f34906ff4c,4362e718-7b73-44d0-b90f-040586e486d8,2026-07-20T11:41:00,2026-07-20T22:51:38.577441,analytics,configuration,medium
39d04717-1e11-4810-9c63-83ecc832aec2,9edae2cc-10a6-4c02-bf18-096b39f83962,2026-07-31T16:52:00,2026-08-01T13:45:09.851758,payments,account,low
b1b9624a-03eb-4a5b-bddb-aa2412b59e64,05b2b9d1-564f-4a5e-b880-12cc853ee306,2026-08-11T10:42:00,2026-08-11T22:23:36.138966,identity,account,low
31c895c1-aa4a-4456-8297-9b94daebf66a,eba4892f-3b53-4083-a562-ffc377532b5a,2026-07-26T16:08:00,2026-07-27T06:15:12.388144,payments,bug,low
323b501c-a5fe-4cdb-a9bd-5a0c67f3ae0d,cbb40d10-340c-45f6-a598-da30a10e3902,2026-08-20T19:48:00,2026-08-21T12:51:47.332343,messaging,account,medium
562d095b-844f-4c43-91a4-8c9656ac9224,81423a1d-c7c0-48f4-ab26-34875b92c6f1,2026-07-01T19:05:00,2026-07-02T08:14:21.164889,identity,billing,medium
b616270f-6c09-45db-bdc4-057c54b66e0e,ab9d3e12-eaec-47a2-9a3e-e50b9e6a6073,2026-08-04T04:27:00,2026-08-05T06:23:00.653977,payments,bug,medium
1ea51f36-9c9d-4146-ba8f-4971fd2a8f50,8d44f671-987d-4dd1-a37e-26bce33b5ee0,2026-08-03T09:07:00,2026-08-04T08:42:18.106807,identity,performance,low
993c7374-0c1d-42d9-8204-ed41d448df04,a03c0553-68cf-4c91-ba69-81dd814b26a6,2026-08-29T15:12:00,2026-08-29T20:13:32.255926,analytics,billing,high
66e9700a-1311-4164-84e6-71399a0472b7,8638607f-0db9-4e13-b0c9-2432f0aec62f,2026-08-23T02:35:00,2026-08-23T15:42:10.337891,messaging,bug,low
1ef5d53b-b7b7-4e81-b1d3-08d709291631,c14c07de-0ab2-41ce-82d3-440571f6c0ac,2026-08-11T07:11:00,2026-08-11T12:42:33.785353,analytics,billing,high
66d19711-a2e0-440d-9120-533f9d39631b,20c4f6ba-6c48-4560-81ae-3969beb87b42,2026-08-02T16:16:00,2026-08-02T23:21:56.219954,identity,account,high
8a9c7d1b-09a6-4771-808f-2f5d071be307,527df8a2-ab97-47f5-9f68-69e1c13cb399,2026-07-12T20:43:00,2026-07-13T08:14:55.564601,payments,bug,high
792506f6-10ab-461b-ab0c-a8e0fa1d2492,9527ef67-2351-4697-a5cd-e40e26b037be,2026-07-15T05:09:00,2026-07-15T09:26:26.000473,analytics,billing,critical
2cf6cbc6-c9ac-43fc-970b-47d5c12d2b01,f25c2e1c-42b4-4300-b3a0-dd292b94af1a,2026-08-08T10:52:00,2026-08-08T22:37:06.213572,analytics,configuration,medium
130d55ba-4b2b-4d0d-8431-6b20f364b228,984120c6-b8a7-478f-879e-6dfd595d6f5f,2026-08-20T17:56:00,2026-08-21T05:55:39.599032,messaging,configuration,low
2d88d7bc-27d2-4988-bd3d-aaee466e2038,e534abbb-22b8-44cf-826b-40481df48f44,2026-08-26T09:09:00,2026-08-27T01:54:43.178514,analytics,performance,low
68cb77cf-880c-4df6-9239-b42280002c09,b0905398-d8e7-4510-8178-098457777793,2026-08-23T18:38:00,2026-08-24T02:11:35.464573,analytics,performance,medium
3f23c44b-8dd2-4ba3-89c1-5d29da4d72e0,864e91cf-2062-48d2-8b62-47d3ff9da7ea,2026-07-26T14:43:00,2026-07-26T20:48:18.581404,analytics,configuration,high
d8a4df93-2b7a-4bab-96ea-5ba7d31c29b9,66b25ea5-a5f2-48cf-a113-1dc57069830c,2026-07-15T10:27:00,2026-07-15T14:42:32.629877,analytics,billing,high
0cec891b-9bce-4bbf-a2fe-b66e19d49c19,223cf5c6-9ff2-434c-889c-e4ac43024893,2026-07-06T08:07:00,2026-07-06T19:22:49.838642,analytics,bug,high
f764fa81-54fd-4b41-80dd-e75095f36e86,d62bd99d-562b-4ed2-864f-ba973ee090e4,2026-08-06T21:54:00,2026-08-07T00:30:20.513869,messaging,account,critical
33b8833c-c3d3-446e-ad5e-18560dd2cd72,5d6cf482-4ecc-46de-a535-71d1d679cf68,2026-07-29T01:24:00,2026-07-29T04:40:13.327304,analytics,configuration,critical
306aa1af-8e20-42c7-9f1c-a97382304422,d9f369c8-fc5a-4681-a1c5-2c9beacc7cc1,2026-08-01T16:17:00,2026-08-01T20:18:49.857341,identity,configuration,critical
438e2bc1-1dfd-4c42-9a08-1c3445ae1f26,5e810745-d858-4a1f-b53b-b9e6d952ef67,2026-07-23T09:36:00,2026-07-23T21:03:48.473725,identity,performance,low
622d83d9-0e0c-4158-86cf-11e48799be5d,9522042b-7afa-44dd-afcc-f828273e5ab4,2026-07-23T20:32:00,2026-07-24T07:31:24.302984,messaging,performance,low
7eb4d28c-e5cc-4cd5-be58-be35a2caedfd,aa7850f4-8602-4a26-994f-3ed7848d3032,2026-08-20T12:17:00,2026-08-20T21:58:49.729396,analytics,bug,low
29cbe6dc-7f78-4541-8f11-70f6e5b6293e,d4aab810-dbdb-4f24-94ac-f1c87748355b,2026-07-03T10:12:00,2026-07-03T17:24:16.294629,messaging,account,medium
d8ef5518-ff7f-4fce-8578-50eeab2007b5,fb029d5d-cd75-4aa7-b001-5810b3af6676,2026-08-06T06:50:00,2026-08-06T08:49:08.243056,identity,bug,critical
00af837a-e8b2-4461-b567-b00aad3d4456,27133820-b77a-4d20-a5c8-3c7b0123a054,2026-08-16T23:49:00,2026-08-17T18:07:12.004746,analytics,account,low
158e0aa9-6b20-4714-8efc-b05422e7defd,6c2b7b6d-4724-49b0-9bbe-85fe62285fc6,2026-08-03T08:04:00,2026-08-03T21:10:46.686626,messaging,bug,medium
3e1207c5-c22b-4132-89e6-47de5416a29b,25c7e4f3-bf75-4860-a5ff-c177876b743f,2026-07-10T20:19:00,2026-07-10T22:04:11.897866,identity,bug,critical
1f2f91f6-4baf-4074-8c13-3a30070cd3bc,aa17df9c-7c7b-45d2-a4c5-178245bdcddf,2026-08-16T06:32:00,2026-08-16T08:20:17.997605,analytics,performance,critical
5c28f15b-efd8-40c5-a431-5a612a736ba9,f24f1ed9-fbf2-4838-bad3-db5a8490556f,2026-07-05T21:42:00,2026-07-06T02:20:15.578235,messaging,billing,high
d4e5acf3-ced7-48bc-a841-ff1eaaeb1af5,7526d76b-a76d-4e8d-9f7f-2967d418a48c,2026-07-05T08:25:00,2026-07-05T16:21:10.554035,identity,configuration,high
193e2310-bc99-47c6-97c5-23a45916c5a5,863db822-86a6-4d12-84c3-915377fa1226,2026-07-19T03:48:00,2026-07-20T01:28:23.395359,messaging,billing,low
b38eff8a-c944-4c1d-9e94-217874267538,ffc6f5fd-91ce-4c80-8724-fa3541bf6300,2026-07-03T06:09:00,2026-07-03T08:11:42.639312,analytics,account,critical
7b582bdf-2553-47be-a640-cf9fdff7f244,0f32125a-0df5-46b1-8966-2e0a9acdd771,2026-08-18T09:29:00,2026-08-18T13:05:36.803810,identity,performance,critical
cab60f10-fa58-450a-ae5a-11e89f9662b3,733b3fa4-6294-4774-a279-95398aa4518b,2026-08-24T06:19:00,2026-08-24T18:59:55.610959,identity,performance,low
8bb4927c-d13f-4a0e-8c54-d299ba1691d9,adbe90d7-11c9-4b17-b960-7c1ffce844cf,2026-08-21T02:05:00,2026-08-21T20:04:49.577259,analytics,configuration,medium
e0a9d8c2-99cc-4431-9132-84bce34c1641,5abc4d07-5dfd-4a32-a0e4-c08200987c71,2026-07-19T05:42:00,2026-07-19T09:57:57.267919,messaging,billing,critical
744950d5-3fe7-4238-a2ed-32d3eedc724c,bb80cefe-7477-4f2d-a693-200426990692,2026-08-09T19:40:00,2026-08-10T02:36:49.923441,messaging,performance,medium
a3a40e6c-1d5b-4042-a36c-aa9ab47167e9,05d10240-2fc0-4655-894c-7ce37c3c3ada,2026-08-23T06:16:00,2026-08-23T22:14:05.939213,analytics,account,medium
e84c7ed4-6a95-455a-aca1-5ba4afcff0da,0a6465ac-44bb-4618-b8ed-49200bc1431e,2026-08-13T05:39:00,2026-08-14T08:17:12.518506,analytics,bug,low
74f539c5-004a-48e4-a471-7c42aaf825c5,e2888eba-9d0b-468c-9dda-cebe36b6b21f,2026-08-06T16:19:00,2026-08-07T06:54:26.963354,messaging,performance,low
c036d779-dcbc-4bd5-a78c-9ce72cb400a5,c69e8725-3986-4497-a6b2-d9308ff7de35,2026-07-31T01:37:00,2026-07-31T11:31:37.425529,analytics,bug,low
e30aa3e8-136f-4fa9-ae52-af3e18edd6dc,f3c17890-3814-488c-8fa2-039628d1ec13,2026-08-23T13:37:00,2026-08-24T15:04:02.624942,messaging,performance,low
02c2b407-a59b-49e7-9d2a-a04d213e50a7,13ab1ae9-b835-4352-9862-29b986569139,2026-07-04T09:35:00,2026-07-04T22:06:35.529053,analytics,configuration,medium
e003d628-9190-4e51-a639-05d698e0556c,91c85b09-9c88-4878-907c-d923deadca89,2026-08-20T05:56:00,2026-08-20T14:31:36.062980,analytics,account,high
81ce3f6f-a478-4662-87cd-566dd011b79c,e183c180-ae68-4ab5-a316-a35dfa919520,2026-07-29T16:13:00,2026-07-30T02:29:32.381538,payments,bug,high
1aa1c5f7-28da-42eb-b15a-719fc6efd480,42fcc232-3015-46b1-8252-9ff8ebb5a42a,2026-07-04T20:23:00,2026-07-05T19:55:27.509711,identity,account,low
b78da1c2-469f-4529-9f5c-99b50cfff60e,b35c6b8d-e98c-4bbe-908d-4bc4af43aa09,2026-07-28T02:10:00,2026-07-28T05:34:59.921233,messaging,performance,critical
d4d5ab1a-e3b6-4bf7-b05f-9c7aa45e166f,c2e67a57-36ca-47d2-a526-e2c6bb5775f6,2026-08-28T23:38:00,2026-08-29T02:54:15.425282,analytics,billing,critical
4316c639-643b-42d5-8600-e6426846b469,e930678f-1ff7-48ef-9864-3a03e70fddb2,2026-07-11T22:45:00,2026-07-12T03:33:59.196055,messaging,performance,high
ae1481a8-0f1b-472f-bd3b-a18920b4b182,246ac618-0c3d-49e4-b092-feb5fb0a180b,2026-08-04T18:30:00,2026-08-05T06:19:10.074348,analytics,billing,medium
ab03838c-22fa-4022-8e2f-0f42e579876c,d6a1181e-37cd-4023-8257-59bb0fe89bb4,2026-07-05T11:16:00,2026-07-05T17:15:09.364021,messaging,performance,high
6e2fd985-65d2-4023-9690-c725c487e785,4adf90e5-b400-4da8-98be-5c791ab7e0ac,2026-07-16T20:32:00,2026-07-17T05:03:52.410115,identity,performance,medium
102522fe-d782-4ff5-a735-96d9cd98d273,29191a08-3432-41df-8132-a49753979dc8,2026-08-16T21:52:00,2026-08-18T00:47:19.452873,identity,account,low
6de96c0b-d613-4c18-8098-42c20a62b5b8,a391f0be-f9d5-4611-a3b6-d3e80622af1a,2026-08-10T14:27:00,2026-08-10T19:46:16.110595,analytics,bug,high
49a24ced-6c10-4786-9505-3575e96df7e5,7430403e-7e44-4ca0-8a6c-e8d3175e0d9c,2026-08-09T05:04:00,2026-08-10T01:57:34.796599,payments,bug,medium
356e65a1-d946-45f1-a159-67f090ffc630,d33701d4-442b-46cd-bbfe-73b2cd41cf56,2026-08-16T22:16:00,2026-08-17T05:32:05.859311,messaging,account,medium
d001bcfa-a005-4a03-8095-b480a782e251,e7d315e4-2744-495c-a192-17cd1969207f,2026-08-07T09:16:00,2026-08-08T05:37:17.436120,analytics,billing,low
6aa5d239-a0d9-4764-b05d-1853619ce222,e9d301e9-c58d-44a8-a570-3a6a312ddb7a,2026-08-30T02:45:00,2026-08-30T15:59:01.655588,identity,bug,low
5a9a244e-7878-4b23-9df7-721473dafcac,88ccb7a2-2e0c-4f54-bb14-71c82dce64e3,2026-08-25T23:56:00,2026-08-26T10:26:10.851509,messaging,billing,low
47949b11-1fda-40d1-bc94-47ed3ef212e6,54c91ee5-d8fd-423e-aa54-4ef244af6cb1,2026-08-10T10:55:00,2026-08-10T22:20:20.737122,analytics,account,high
fe7161ae-81f6-4f6b-a244-5a9fb344e957,aa2f7704-c5e2-4f9f-ac25-3726813b423a,2026-08-16T06:13:00,2026-08-16T10:23:56.966752,analytics,bug,critical
9b8dc1bf-fb0f-4392-9358-e9455bc6bf9e,477b0fe9-39e1-44de-a1e6-5b0fb2e332ea,2026-07-28T16:20:00,2026-07-29T09:27:23.679134,payments,billing,low
071c17ca-5cc2-4a0d-b31d-b74cdea52ccf,578bef2c-4ad7-4597-8365-ed8c59dc5825,2026-08-02T09:48:00,2026-08-02T17:45:05.772386,payments,account,critical
1a187531-a2ea-4bde-a215-7b6f89809ed1,eea78953-27f6-4958-bb24-9b3c3a7d386d,2026-08-04T00:34:00,2026-08-04T07:18:26.065704,messaging,bug,medium
ac2f2c19-93a3-4dcc-8fae-547cf4501df8,e284f176-7b26-4411-82de-d25463c28d15,2026-07-03T08:07:00,2026-07-04T00:39:17.435171,identity,account,low
fec06a79-2cde-45ce-87a6-91444a23ff9b,d6b6e028-5d48-4a12-b39d-04351bc16034,2026-07-30T03:29:00,2026-07-30T19:35:19.530598,messaging,bug,medium
578310a4-2e8e-4c97-8430-fa6762fe6ada,b7170337-bc79-4d2e-8bb9-c45033dc0b34,2026-08-04T14:40:00,2026-08-04T16:26:28.240044,analytics,configuration,critical
8512bad2-6675-4f6d-90f4-494b1e345b21,7f6a30be-0cb1-4617-bf24-d1b6b3773cd9,2026-08-28T23:28:00,2026-08-29T02:59:22.876998,analytics,billing,critical
7276365f-8be6-4004-8a94-bc647aac3239,501870b5-3248-40ad-ba28-9d3c8376125c,2026-08-23T17:48:00,2026-08-23T20:58:44.640229,identity,billing,critical
03f37b22-9b87-4969-86fe-4021927d6eef,33f6f27d-2617-4405-afeb-16bf8d452e68,2026-08-15T22:30:00,2026-08-16T04:19:27.906152,payments,performance,critical
57c21dcc-5e9a-42cd-895d-65c933372046,776da128-a131-4642-bee1-c738bbd6e7f3,2026-08-13T10:19:00,2026-08-14T05:54:56.940822,analytics,configuration,low
1ea33351-8157-4348-86ed-2b55dfa5dab4,26ac5611-695f-4f34-9a05-d934ad23fe3d,2026-07-21T20:59:00,2026-07-22T20:12:19.555523,analytics,configuration,low
75447ea0-3dd6-47f3-82bd-21f90af015f8,916c08bd-4b75-47f3-b611-aa9a7f9f0efa,2026-08-08T13:11:00,2026-08-08T14:48:55.428883,analytics,configuration,critical
4246d79c-4875-4d9a-b3a1-f05ef8d8071a,d9d7b77e-3b8b-40a8-8a59-c6c6e655698e,2026-08-20T05:31:00,2026-08-20T09:45:03.243525,payments,billing,critical
9f8c7696-0630-4d36-a99b-c85a8b4ffe6b,53f6b71a-9092-402a-abe7-aa0630b00a48,2026-08-20T08:30:00,2026-08-20T13:06:42.587814,payments,configuration,critical
6dd75073-d02e-4222-b3bd-475858b8160c,048daf87-bec3-452b-84ca-34b998ce3817,2026-08-11T21:24:00,2026-08-12T06:31:11.960330,messaging,billing,high
ddb3778e-32f9-4891-89ba-809f890b7966,e3493f1a-a75c-4d61-8441-451c70578653,2026-08-25T01:05:00,2026-08-25T03:44:04.291305,messaging,configuration,critical
1493cc23-e625-4f81-9e3e-e01277904399,3171e2e3-0a4d-4cae-9dbd-e7048c865c3b,2026-07-23T15:11:00,2026-07-23T16:45:36.707191,identity,account,critical
1c4a4dd6-0f01-4111-b696-6ac8c8fe3f77,d6c975d4-53b3-4f6e-ada7-9f24aec0d36d,2026-08-11T05:43:00,2026-08-11T22:42:27.728579,identity,billing,low
87892ba8-7afb-4321-9783-2939bf788570,e64b4929-2b84-4f72-a158-22b895a3dcec,2026-07-14T22:07:00,2026-07-15T00:02:37.268681,identity,bug,critical
5a78b557-76d6-4c70-937a-b7b4b5618b1f,ee1094cf-c12e-49e0-b9c3-7bd1f5cd675c,2026-08-02T08:45:00,2026-08-02T23:45:49.403025,payments,performance,high
0a69c0bd-280d-4103-b835-7e9c839f6b0b,db34301b-610c-40c1-b452-867c7c0de407,2026-07-12T09:11:00,2026-07-12T18:22:27.667172,analytics,account,medium
f74e82a9-d0dd-4cf8-b301-5f699611bbbe,4ef69619-22cf-4927-a2fe-68311501af3e,2026-08-06T10:05:00,2026-08-08T06:48:22.189979,payments,account,low
d9d21e97-685c-4679-a65c-d0f1787ec955,bd289fb3-c28b-4090-96b8-145830d98abc,2026-07-13T12:17:00,2026-07-13T14:14:14.457921,identity,performance,critical
eebd47a1-8e6b-42ac-9875-7252e57e42f1,cc652b90-e158-4ce3-b392-4817ee8bc4a0,2026-08-17T23:42:00,2026-08-18T16:20:54.455370,messaging,account,low
febb7de3-09b4-4e0f-b80d-9fcd72c67a53,a78224b8-3778-4aa6-98ff-c83e1901003f,2026-08-26T17:29:00,2026-08-26T22:04:26.967762,analytics,bug,high
02b31d18-1067-4c96-b2e3-2b43173842bc,240b4cb0-02bd-436f-91db-8134df174348,2026-07-11T06:44:00,2026-07-12T00:42:58.612225,payments,configuration,medium
5d80d041-5ef6-4a5f-a068-b11d2e025607,f196d726-f767-43b7-aad5-d0ca547f37dd,2026-07-19T14:53:00,2026-07-19T23:26:36.451953,messaging,bug,medium
96fc4a41-751c-4844-bef0-c40a10ae0f58,041114d4-773a-4742-8494-2da839c37521,2026-08-07T02:29:00,2026-08-07T20:15:19.745265,analytics,configuration,medium
9b7192eb-ce4e-401c-9c41-79d58e2d6988,96c191c8-014b-4ead-ad9a-ed2ce0f9bd4e,2026-07-04T23:39:00,2026-07-05T15:51:39.417593,identity,configuration,low
b7db2d28-234b-4a43-841b-7cfbf4a76a90,a7a92500-2e40-4270-bb85-d0c6d13b933a,2026-07-02T23:54:00,2026-07-03T09:54:13.722032,payments,configuration,high
0002448f-a9cf-4447-ae30-5a845866cc72,4d522834-5ae1-42d1-8069-c00f9d6c483b,2026-08-15T02:38:00,2026-08-16T14:48:02.854606,payments,configuration,low
75f5667c-afd8-4148-b176-025d908d0901,cd47dab6-f065-4921-b053-4eedf55804bb,2026-08-09T00:59:00,2026-08-09T15:20:51.028562,identity,bug,medium
bebe3332-be99-4d37-91ae-e330cb876edc,4404e58f-5c24-4f92-a040-2df612ceeef1,2026-07-25T21:41:00,2026-07-26T00:23:22.299267,analytics,account,critical
a1127b59-f463-41a0-9510-aebcbae0f742,f567f7fc-45d3-4b8d-82ed-f9339ec88795,2026-07-06T18:01:00,2026-07-07T16:55:11.511507,messaging,performance,low
b314657f-2a67-4585-8062-21912074ec54,23f0e8ee-ed48-4240-8e8f-f62c631b126a,2026-07-12T12:56:00,2026-07-13T07:46:26.443713,identity,account,low
ee61968f-97f6-42a5-9dc1-3898232035de,f1355d9e-14cd-4491-b2e6-6a6ea3fe2fb4,2026-07-01T06:13:00,2026-07-01T13:22:45.998384,messaging,performance,medium
359babf9-1fd7-4f95-b515-76fdcd5f55e4,3414940d-8e0d-4552-83f3-119797d7a9ee,2026-07-08T05:55:00,2026-07-08T08:58:03.293220,messaging,configuration,critical
253f37d4-6ae0-44dc-9ec4-dce715ac60bd,24c6d386-b128-45d4-be34-a95a75783801,2026-07-10T12:28:00,2026-07-11T05:29:45.842455,payments,configuration,medium
1cbd4e2f-18fb-4486-a36a-4b67bc69ba38,10508a2f-3f48-442f-aabb-f5912e9cf4a8,2026-08-27T00:48:00,2026-08-27T04:08:57.856196,messaging,configuration,critical
c723dd00-9669-463e-a140-7cb58682e3a0,9c409eb8-6a2d-44cb-ad07-100684d2d890,2026-08-19T00:09:00,2026-08-19T06:36:39.557501,payments,account,critical
3b56de02-5968-454b-ba8a-86e57034968d,fe710de3-0305-40f4-859e-e63cedf8478f,2026-08-20T00:30:00,2026-08-20T03:42:05.991098,messaging,configuration,critical
beff5eb2-f030-4ca8-b7b3-2769a1255287,9c8a5d0a-121b-42ed-b6ce-04087073e257,2026-07-09T05:15:00,2026-07-09T17:04:52.210217,identity,configuration,high
75fc8494-c9bc-4319-a4f3-700e14475aa0,f7ee9638-5616-4673-93e8-db8d50c17248,2026-08-30T01:35:00,2026-08-30T21:37:47.572414,analytics,bug,low
f592380a-c4d4-4721-bf00-2d2f22ce95ab,f892a592-8555-4544-9b55-b81d051f6702,2026-08-24T12:46:00,2026-08-24T20:50:16.657366,payments,bug,critical
42ac70c1-7ea5-4a92-8a0d-e2c324aeb47b,a7038900-0d21-40d0-b6ad-d4276a0e5146,2026-07-23T10:15:00,2026-07-23T15:09:25.589276,messaging,bug,high
06095da3-9b9f-483c-818b-5223c2c8e0e0,16415ede-815e-433f-8708-746f43f5411c,2026-08-13T04:31:00,2026-08-13T17:36:14.085951,analytics,performance,low
e8442ee1-99c7-4eba-ae22-31ec5dc61e92,fe35c999-e7e8-4084-8dfe-ad29087629aa,2026-08-24T05:59:00,2026-08-24T08:25:35.390495,messaging,billing,critical
76c776ef-1107-461a-9acc-93ca9b9bb41b,514ae1df-9e4b-477e-85cd-de80c13f73c1,2026-08-07T09:23:00,2026-08-07T21:18:05.575219,payments,bug,high
3028a7b2-95a3-4885-8b83-103b24aea0f7,4cd4f336-eefc-4e4d-b219-7d75735618cc,2026-08-24T13:36:00,2026-08-24T15:07:22.925967,analytics,performance,critical
2a3dd551-eb21-4d33-b961-d34fc704f1c1,9a205452-7080-458f-a89a-c40855f308e8,2026-07-03T06:07:00,2026-07-03T14:21:34.162167,identity,billing,high
0a9a77ca-ef49-4f30-bbc4-51b16f728210,1b0f572f-aae0-49e6-8cb9-39b3b60734c6,2026-08-22T19:49:00,2026-08-23T10:05:46.965062,identity,billing,low
75b96e25-25b6-4d5a-be8f-3943cc438e65,985580ce-93bc-42c5-9b12-eabd02fd0b77,2026-08-04T06:07:00,2026-08-04T08:54:38.472056,messaging,configuration,critical
6e22ef74-a9bc-416d-853e-e93bf10c31e2,1872c195-65aa-44bd-852c-f4580a2ec303,2026-08-07T08:39:00,2026-08-07T10:56:11.012620,analytics,configuration,critical
aa173047-080e-4a74-9448-4df22e898772,8df43f75-ffea-40e5-9326-ef7d990870aa,2026-07-02T07:21:00,2026-07-02T11:26:43.926495,identity,configuration,critical
9f9f9662-d060-43de-99ce-dbf8a326a8e4,361ea96a-5d2f-4a83-8a39-b2af85a19d38,2026-08-14T14:29:00,2026-08-15T09:45:54.417675,messaging,configuration,low
e1601a27-0526-45a6-8cd5-eb731a76aa1b,97659dfd-401c-433d-9735-7acd5eef8fde,2026-07-29T01:58:00,2026-07-29T17:20:30.410219,identity,billing,medium
ce1ec08f-41e5-4c9b-af6d-6f873d2eeb64,de2a4b94-32b1-4866-8c8a-1e1fa5a3860a,2026-08-25T09:31:00,2026-08-25T18:25:36.718666,analytics,performance,medium
c4ebbb1b-4dc9-42f1-be00-5ff8b9a80916,0a6ab770-bdd1-48d0-97fe-0662bc855a37,2026-08-03T15:14:00,2026-08-03T19:04:59.414356,identity,performance,critical
ac656d8f-849c-417c-82dd-47c911f6e300,723fb5ad-75b9-42c3-a2bd-37f86510dd90,2026-08-27T15:58:00,2026-08-28T09:15:19.022138,payments,performance,high
ad9334d4-30e0-4d7b-a1d8-12468d4bb6ac,9313ec79-e47b-462f-aeef-8cca408c3e6b,2026-07-05T22:23:00,2026-07-06T07:12:45.133325,analytics,performance,high
9ab12395-e86c-44e8-85d5-42e85783e2be,d0a693d1-4b92-481d-aad9-e6b859d628f8,2026-08-01T14:05:00,2026-08-03T04:47:40.603414,payments,bug,low
daa3854f-a18a-41cc-b804-7c48c3d92da4,bff8dfbd-bd09-4abf-80c8-e9a4c8ef9540,2026-08-08T17:30:00,2026-08-09T15:22:01.258503,payments,billing,low
41911e6b-9cf7-434f-8b48-e541d8e06c4f,bcb51766-55d6-4c1a-b396-3a6226df0194,2026-07-27T18:29:00,2026-07-27T22:52:34.806908,payments,performance,critical
0fb96d77-f203-4426-af95-a249c9a5e3b5,90d5cbaa-a46f-4ebf-a1bb-980f0f4dc4c3,2026-08-13T13:00:00,2026-08-13T14:54:10.834839,messaging,configuration,critical
581552aa-5ffa-4614-bf69-08e5aba7f1c6,6f112eb9-ce95-4781-9d32-b344dd2757a4,2026-07-29T18:19:00,2026-07-30T05:10:56.928240,analytics,performance,low
59fd2d56-3f0f-4ded-9c7e-9ef4fcc4c9a3,478382de-a4a2-4b03-80da-0a5e5383238b,2026-07-17T02:23:00,2026-07-17T18:05:18.600712,identity,bug,low
764adf70-42c4-46f3-9a13-6d8650e9cdb4,1595fb4c-3a36-4552-bbdf-8afb23e9e41a,2026-08-15T19:36:00,2026-08-16T00:04:48.433867,identity,account,critical
414642f9-d214-4c97-9214-f19eaeab9b3e,4ed7a67e-9320-442d-a9ed-9e8c52e2a140,2026-07-01T13:22:00,2026-07-01T16:37:59.147203,analytics,bug,critical
68771b2a-1835-4fdd-9b8a-3ee02a9aed09,18ff64ea-31be-456a-9aff-62c5c85220a9,2026-08-06T01:15:00,2026-08-06T09:36:02.180574,messaging,performance,medium
41e6f030-27c4-4881-af62-2fdf0e47196e,017c1beb-9c61-463c-97db-6cbf6c5fa587,2026-07-08T04:52:00,2026-07-08T12:25:09.744172,payments,account,high
13d6bf69-2589-4984-ac7b-c8b777b268aa,2832a88b-2bdb-4e96-bae8-3671a7c32496,2026-07-02T05:45:00,2026-07-02T23:40:50.132184,identity,performance,medium
f60a92ed-02d9-4c71-b99e-fd13d5a2c9e7,cf4a50fe-70dd-43fd-8661-4ece21593aae,2026-08-07T04:29:00,2026-08-07T06:12:42.308648,identity,billing,critical
7b4c57db-fe9d-4d79-b8ed-e48214b8e95d,d5f06519-1625-43ad-b765-3f21581e2d89,2026-07-11T02:16:00,2026-07-11T14:36:42.513559,payments,bug,medium
25ae2b28-b596-45f2-8880-778f3c51c9fb,d57b8680-3e7e-4fa3-ac37-f3f4fae04805,2026-07-21T19:50:00,2026-07-22T06:59:39.616574,messaging,configuration,medium
d4861eb6-5b83-48d8-a839-9b80017ffea7,404d28c1-9c6c-485d-8edb-53e85a5034fa,2026-08-23T14:07:00,2026-08-24T07:25:06.036836,messaging,account,low
045fb023-0cb7-4053-a022-8c81f3548270,20002e7e-b1a2-4789-813f-0524f535713b,2026-08-01T21:21:00,2026-08-02T18:12:03.697913,payments,configuration,high
71734483-162b-4714-93ed-1c6916b4c477,248d154d-ca77-46d4-85f6-6e3f1681f643,2026-07-16T21:55:00,2026-07-17T19:00:29.343403,identity,billing,low
1806bd1c-7fbc-4779-a89f-18198a99fe9e,46ef1d08-0c93-430b-9102-4a6c074abd7a,2026-07-22T04:02:00,2026-07-22T14:24:31.178188,identity,configuration,high
ea68461b-2f20-49c8-9a59-e24dd1dcdd39,7a59f690-84f2-42f5-a5d3-0864cf3aafd0,2026-07-25T10:13:00,2026-07-25T12:28:48.218552,analytics,bug,critical
5c687647-76eb-4358-97a3-92fe7353091d,1a309b6b-b0e0-4819-96ac-f13e4152960e,2026-08-29T10:06:00,2026-08-29T12:36:56.223398,identity,configuration,critical
6100ac67-a2a3-41b0-8e7b-bd4da2c3c530,f1aec24c-5334-4ccf-8356-b2bc41322e13,2026-07-14T06:09:00,2026-07-14T17:40:08.351993,payments,bug,low
af37a5d2-5727-4bc1-8fc9-11f159071854,543d0b98-9496-47d5-a4b6-5c194c8a86ea,2026-07-18T14:48:00,2026-07-19T00:57:28.826695,payments,performance,high
6673d24b-3c50-4403-a194-52eb81f2e5cf,8b8642fc-1f07-4b14-9b40-86c8ce1941db,2026-08-25T23:00:00,2026-08-26T16:06:48.607504,messaging,account,low
0e92d017-4c90-45f5-a4ad-e5e035946589,6ffaaf00-2441-40f3-b37a-1c6582362a80,2026-08-06T05:45:00,2026-08-06T22:14:20.164552,payments,billing,high
c54d7226-4719-4e93-8fd4-9370e447cf71,87a5a9de-5884-4bab-8632-9076c255acbf,2026-07-16T03:24:00,2026-07-16T15:50:57.504580,messaging,billing,low
ec7e7941-2094-4577-a3df-90338c97f9fe,d867cc45-bb3f-490c-932b-c27c447e6129,2026-08-20T12:36:00,2026-08-21T13:45:33.503402,messaging,billing,low
aeb8958c-e0c9-4c9f-8da5-4a743464dfb2,9306a54d-c7e9-47ce-b3ce-366314d6a74b,2026-08-02T04:31:00,2026-08-03T03:56:17.508546,analytics,account,low
19c04fe9-7dc6-4247-86c7-08194c368e47,0665fb2b-5670-4daf-b116-975ff8a1139c,2026-07-07T02:57:00,2026-07-07T16:32:19.458655,messaging,billing,low
c2e100ec-e1ef-4af8-92a4-db8b8a32fefa,7246a0fd-30c4-4dfa-ab60-7fd525864893,2026-08-27T19:55:00,2026-08-28T01:54:16.642520,payments,bug,critical
30ac6016-b653-4632-a44b-84de0a73fae9,ee8fb733-8130-4fe8-82b9-06a091b98c53,2026-07-21T21:26:00,2026-07-22T06:38:04.262295,identity,account,medium
5776b6d3-964f-436d-97f8-768fd78458be,76dff33f-0f33-4b64-ad90-284b14369f5b,2026-07-21T21:12:00,2026-07-22T01:17:40.280707,identity,billing,high
91c9ca0d-1b01-4b0e-9a31-ce66956f3f7f,b0ec8ace-2c4d-4cdb-bc0e-28c9c1671f41,2026-08-27T17:48:00,2026-08-28T15:40:22.068915,analytics,account,low
9142a49d-5b5e-45f8-b6b8-24428733221f,a3d2c4e2-2f41-48a7-be7c-5bd8909afe5b,2026-08-06T01:48:00,2026-08-06T09:54:48.631304,messaging,performance,high
a0b21a96-5042-4911-87a1-2e207425a5a8,1beeb2f4-8eb5-45da-b7b3-c270e52e8bf9,2026-07-07T02:16:00,2026-07-07T11:36:46.498893,messaging,configuration,medium
99738110-103c-46dc-823e-e42ae0bdde62,ac125b66-f16c-40ec-ae38-406cd58bd108,2026-07-24T03:43:00,2026-07-24T11:08:11.927330,identity,configuration,high
28bb64b6-3d27-45a4-88ce-1f2149a06ea2,59b3190c-75b3-40c4-8128-fba7486496a2,2026-08-18T09:35:00,2026-08-19T02:41:48.419992,payments,account,high
998caed0-89f5-4b90-a683-f3da76df8aa6,40d06203-78a6-4db9-b0cf-9def9ca5f210,2026-08-13T05:53:00,2026-08-13T22:35:16.037539,payments,performance,low
86093c62-e080-4a5c-b936-2e051b17c302,c7b2d8a4-382c-4395-8414-cbc23612e5a8,2026-08-29T05:56:00,2026-08-29T17:34:51.014827,identity,billing,low
0cda7fee-483d-4a34-abdf-f552f18efff8,10f81178-d698-40c5-9ca4-9d07d6b371ea,2026-08-11T13:13:00,2026-08-11T17:07:42.175287,identity,account,critical
de77b117-56c7-4866-8287-50be47979433,1399379d-1f7d-482c-a68b-afb31695696c,2026-08-21T16:35:00,2026-08-22T09:12:03.326253,messaging,account,medium
8124e67b-57ab-4dd3-a4cf-a9b5baa04b46,c3281384-ab70-4d02-88a9-d53294bdc1b8,2026-08-24T12:12:00,2026-08-24T20:02:59.736710,analytics,configuration,high
625999ec-e42d-4df0-a802-5e304fcf1e49,6feb8a60-d16c-4849-b8f2-4b875d8cf0e0,2026-07-13T02:12:00,2026-07-13T12:55:04.675408,messaging,bug,high
169b1bbc-28cc-4f97-84ed-d6a668fe64f1,47c9f3b8-7622-46a0-83f0-67318b0984d5,2026-07-13T12:26:00,2026-07-13T18:52:13.740910,identity,performance,medium
9ffe183f-ad6e-4326-9fe4-d1679fb15b75,e554220d-15c0-4824-adbd-6d4288f95c3c,2026-07-09T03:36:00,2026-07-09T12:48:48.943448,messaging,configuration,medium
53fcf837-0ea3-41df-9012-4171e0320bbe,d5668c9e-ea9c-404e-9032-72cd5188c999,2026-07-19T13:03:00,2026-07-19T15:02:17.527584,payments,account,critical
50ac7f0e-7bc6-4bdc-b44b-b7a90a81f4a4,69c9a71a-bb5d-4e88-b632-22beb52fa395,2026-07-22T10:22:00,2026-07-22T22:05:01.422371,payments,account,low
1e18086c-1cab-44b0-b394-0ecb1f03ff78,e0c094a9-108d-4953-b168-196b981396da,2026-07-11T06:15:00,2026-07-11T10:30:35.466674,messaging,bug,critical
5d250965-01b3-4370-a0c6-f8282af50e44,0e916437-ea3f-4d7b-b300-47ed4e98aef1,2026-07-15T07:13:00,2026-07-16T05:01:37.556291,payments,billing,low
501478ec-30ce-4408-880d-ce9d4e5037fa,f949d179-cdcd-4a7b-abdd-e8d5e39759ed,2026-08-20T16:53:00,2026-08-21T06:17:58.803253,payments,billing,medium
de273794-e526-41a3-b869-e7997175d781,76dbd315-d8a6-4f03-bc3a-52b169e88aa8,2026-07-11T15:31:00,2026-07-11T23:37:31.499162,analytics,billing,medium
f2281989-cb3b-4da8-8ac6-eb5d745b1913,78ae8e8a-afc9-480a-b5bd-35eff0032690,2026-07-01T04:36:00,2026-07-01T07:29:02.138612,analytics,bug,critical
ba3be9ce-700d-4489-93df-bae4f3044799,9b012c72-bf17-43cc-8e80-69511b67ad8d,2026-08-04T12:49:00,2026-08-05T06:57:33.422365,analytics,bug,low
df426ac5-ea0a-485e-af89-a01fda6bc834,c7eae459-4ec0-43d9-b045-8314b37477fb,2026-08-27T11:16:00,2026-08-27T20:28:06.024570,messaging,performance,low
ee86da35-cdcb-4125-bb82-3acbe9260066,54480419-39cf-4612-a5bd-e483c8eb60a8,2026-07-08T14:39:00,2026-07-08T21:43:11.017813,identity,billing,high
20143671-df54-4bf7-bcd6-6942f842d12c,576ef6b2-1e93-4a2e-948c-16a87c0c1603,2026-07-09T11:01:00,2026-07-10T03:47:22.414161,identity,bug,medium
950601df-64c8-4ec1-bbe3-5b46de1cdc30,e71e2110-a38f-451e-9d50-9a78f83b99a2,2026-07-27T08:07:00,2026-07-28T03:43:48.194693,identity,billing,low
377f6466-e794-4c57-a92d-dac3be224ca8,b6ab0ce0-c66b-49ea-9294-20a2170ecc08,2026-07-05T07:28:00,2026-07-05T11:18:56.814460,messaging,configuration,critical
6f3327f7-62bb-4b5c-97a5-c83b971f2d76,79a21e90-bb67-4874-a122-0823eba94fd9,2026-08-20T02:13:00,2026-08-20T13:52:15.668207,payments,billing,high
a00e8177-73f1-417e-88f7-676e6726a456,ab8521a1-d705-466f-942d-8953d2ce1cbd,2026-08-23T14:02:00,2026-08-23T23:05:56.514444,identity,bug,low
92d6c97b-5f5d-4b93-bf90-4a1d588d31cf,28d409d4-fb20-410f-9bee-19ce42a49109,2026-07-02T12:55:00,2026-07-02T18:57:31.558983,messaging,performance,medium
3c42af54-0c58-4d00-b728-e9b92f84f648,0ce6cbca-ca4a-46ec-b501-5352ad61e20c,2026-07-26T09:22:00,2026-07-26T12:10:45.376649,identity,account,critical
5f622aab-e0a8-49bb-b320-8a0ad01b66f3,b01030f3-4332-4ebf-8385-f55214f21945,2026-07-07T18:49:00,2026-07-08T11:39:47.075481,identity,bug,low
4bca6f9f-8261-47e3-8a9f-b4c549277126,75678225-9429-4188-9d0a-3b0693caae9f,2026-08-30T20:14:00,2026-08-31T00:58:10.392882,messaging,performance,high
edd213c6-0dd0-419c-92cb-cb5da973724e,79229800-2fb0-4e09-ab3b-e857f0740668,2026-07-02T04:29:00,2026-07-02T15:25:24.107513,messaging,configuration,high
386ebae4-7ce6-4761-88a8-5ce7b3a9f165,0c7932fa-7869-4117-b9f6-5543f78d1c17,2026-07-09T05:15:00,2026-07-10T04:47:23.033142,payments,configuration,low
9e81d247-bcc1-42bd-9ac1-029c8be45c59,1530fcaf-8edd-4668-9d2f-aa8225b19bb9,2026-08-19T07:15:00,2026-08-19T10:35:32.479802,identity,bug,critical
8cb66aaa-8991-4382-be90-d6e4250ae37f,67a01b8a-f556-4a2c-81b2-a37ac7147f2e,2026-08-23T20:06:00,2026-08-23T21:43:33.142786,identity,account,critical
99a3f5f7-6237-41f4-8718-3ce6e5d5905c,93d455b4-91d1-44c4-ba7f-0762e63ba099,2026-08-25T23:52:00,2026-08-26T11:01:31.529094,analytics,configuration,medium
be150e1b-0329-4f22-af21-b17078fa85d7,8d4d0b0a-e439-40da-961b-837e98fa9fce,2026-08-19T21:38:00,2026-08-20T16:35:47.109470,payments,configuration,medium
261f7e22-d228-494c-a1c9-621bd0f513c8,d7647760-3258-4976-9649-3b2f4aaa91cf,2026-08-21T15:39:00,2026-08-21T18:58:14.879068,messaging,billing,critical
a74f003f-b713-41f5-ac41-7a75c32a432e,09c41c80-717e-454c-947c-4a77598d0fd5,2026-07-02T09:41:00,2026-07-02T12:51:26.724708,payments,account,critical
797e3718-d70d-4402-896b-2b669865ee72,f05893e1-6405-4ce9-b7f7-703d8c95f3a6,2026-08-17T08:02:00,2026-08-17T11:52:41.164242,analytics,performance,critical
732af368-9422-4791-a566-334b9cf3936c,bed5e231-e46b-4d0d-b58b-d8248f4de68d,2026-07-07T14:42:00,2026-07-08T01:07:22.101601,identity,bug,high
5881626a-6978-4109-8e80-4d0416a2fb68,5a4fd8c4-3967-4bde-932a-b56f59b20a2b,2026-08-09T00:37:00,2026-08-09T07:52:25.279043,payments,configuration,critical
2ffc9894-dad7-4061-b27a-d3005ad44266,f26c33be-d3df-4a5a-8000-809114ed1ef8,2026-08-21T19:45:00,2026-08-22T17:13:40.232196,messaging,performance,low
047f92a8-37d2-41b9-86a3-78a389f3ff29,e93409aa-da7a-44ed-a19a-3c8c9590b09c,2026-07-22T13:10:00,2026-07-23T00:33:19.028039,payments,bug,low
b328585c-2e93-49e1-ac74-1f9f5db9f280,bf7f2e01-728b-428b-b650-4837772aec92,2026-08-02T15:10:00,2026-08-03T01:43:42.066312,messaging,account,medium
9234f682-f771-4f57-b186-c57e59d11be9,e9fb7d04-52bb-44c6-a1a9-6cceb5017983,2026-07-28T13:18:00,2026-07-29T11:59:56.197416,analytics,account,low
d1092041-521d-4e6d-9063-f6e2e643cc25,9c815a76-4dbc-405e-a00d-2cb0d6cb17f6,2026-08-22T00:45:00,2026-08-22T23:51:40.937470,identity,billing,low
7549c6ba-3be3-46c7-90aa-af5dd976d8f1,2e6bf6bc-efcb-4077-b922-e3662647335b,2026-08-02T21:04:00,2026-08-03T08:50:19.644218,identity,account,high
9753ac0c-35d7-45ac-9dc5-7db8dc9793fa,5dabde2f-e545-4ba1-ac85-e4aed6e93a97,2026-07-11T17:17:00,2026-07-11T19:39:20.503159,messaging,performance,critical
9f93bf8f-3c85-47ae-99c4-999eea09f783,c4b93269-ebe6-472d-96b7-0313d5344f2b,2026-07-09T05:04:00,2026-07-09T12:08:50.781198,payments,performance,high
613ad5cd-d286-4374-baee-83aa872f1c64,b32926f3-2fcb-464d-812e-88470624e6b5,2026-07-17T19:52:00,2026-07-18T05:13:50.294109,analytics,bug,medium
44b2ce62-9860-458c-8062-9dc339e0d90b,007006d4-2483-40a9-a8f0-b27aaa8921db,2026-08-25T09:24:00,2026-08-25T11:41:55.728210,messaging,billing,critical
df9eadab-e457-47c8-bf45-633239fd1350,16bc1932-ae3b-43dc-b37d-f0555eadda33,2026-07-15T19:27:00,2026-07-15T21:57:10.088205,payments,account,critical
031b0635-9563-43bb-8e0d-bbaab8a9c3b2,fd694061-5b6e-464a-b359-4ef2e4da4e09,2026-08-23T11:42:00,2026-08-24T11:18:03.346858,analytics,performance,low
7e47ce59-f252-4e9d-932b-9d9d85ba5a08,39e5175b-7718-4924-b83c-2b2e4f9706e2,2026-07-25T01:26:00,2026-07-25T08:41:46.186188,identity,configuration,medium
c1b45e49-f674-4afb-b138-dcdbad1dbd74,80d323cc-3702-4af9-a28f-343e6920d321,2026-08-20T09:15:00,2026-08-20T17:08:19.869096,identity,configuration,high
2677082e-0c50-477e-bded-46c9a111ba37,a82d2d46-4cb4-469e-bc3d-01d57ecc04eb,2026-07-05T03:06:00,2026-07-05T09:08:04.681471,identity,performance,medium
539e8e2f-a80e-412e-ba7d-09f56285156c,a9ce4ba1-920d-464d-8aff-1f207e2a7913,2026-08-22T14:36:00,2026-08-23T04:57:21.626865,payments,billing,high
3b2e85fd-416e-4201-a1a1-e5662f3176c3,7f216d9b-ffc8-411c-a790-0b1f5b0124cf,2026-07-01T00:07:00,2026-07-01T20:29:41.263593,analytics,bug,low
cc416405-d695-4e83-81ad-e54a1a9bfc56,514f6cee-cfa1-46f6-8cc8-520c49f29fb0,2026-07-20T23:37:00,2026-07-21T11:13:18.407347,identity,performance,high
73fa97d2-7c21-4c4a-a891-9f8754ed7b08,fb77c1cf-49d7-4895-8a19-05b3720ce430,2026-08-11T19:28:00,2026-08-12T12:16:51.971016,payments,billing,medium
0333795d-6f3d-4b2b-b7f4-5fac54c72151,a0d34c0e-01eb-4584-a191-b060b4ab0c64,2026-08-12T18:44:00,2026-08-14T01:23:43.615768,payments,account,medium
df04da20-4891-49c4-a7cc-86d5db392e22,c56e927c-8d1c-4523-9102-32a1fdfd6dbd,2026-08-25T14:48:00,2026-08-26T00:51:05.017533,identity,configuration,low
fa0e78d8-1c6f-4431-a5a1-82ebf6d7017f,87da060d-2436-45ae-a49e-eab2e6d10c98,2026-08-14T04:32:00,2026-08-14T22:03:33.259209,payments,billing,high
42005e76-2475-4ac9-b36b-199f4f375950,cc688502-afb2-4d0e-bc96-e9bda36f15d3,2026-07-22T21:05:00,2026-07-22T22:48:02.870297,analytics,billing,critical
eb049ac7-d969-45b5-b27e-1eacc4130658,1447a3e5-bf63-4b62-b656-50aac8527bed,2026-08-19T08:33:00,2026-08-19T10:14:51.839716,identity,bug,critical
b1221d4f-8de7-4869-a8d6-b00aa1f7002c,6c94debc-e2ea-46b5-bdf5-af89c037b5ec,2026-08-01T23:42:00,2026-08-02T19:02:18.589372,analytics,bug,low
befd632e-c770-4120-86d2-4c3a4e27dc0f,0cb38303-a0bb-498f-8c0f-2d5167291f26,2026-07-01T02:14:00,2026-07-02T04:53:32.356117,payments,performance,low
acd67282-b612-45ad-9b51-8011e8812beb,dc3cf487-ca63-4035-ae9e-43abff3898f8,2026-08-29T19:06:00,2026-08-30T06:13:43.838723,analytics,configuration,medium
fa354240-fe31-46a1-8027-0024b679e00e,8f917624-7318-4b60-91e7-75d3e4d25879,2026-07-04T23:17:00,2026-07-05T00:56:34.993206,identity,billing,critical
270ca0a4-887c-4703-8469-60260b7b3913,c9c97851-54cb-42d3-a0ed-c12979873339,2026-08-21T20:07:00,2026-08-22T13:22:49.063037,payments,billing,low
0b627e4f-69ce-4128-a0b0-f1f995657d54,4b536241-163e-4d1d-bc6d-f7295020dbdd,2026-07-07T10:50:00,2026-07-07T20:16:37.980312,messaging,account,high
fb5691f7-fb3a-4b7a-b0b3-1ff25a08dfff,1d3a30b4-d215-4cfe-890e-2924a22bcb95,2026-07-01T10:03:00,2026-07-02T10:50:26.225159,messaging,configuration,low
dcf2b51f-2c1d-40b2-989b-fed0208dc2ad,8a4a022a-98ef-4877-acba-8807b67bdbf3,2026-08-22T05:55:00,2026-08-22T15:30:34.853044,identity,account,high
ba2b1856-445d-4b15-a794-b2d91778c37f,a1ffbebb-9d1a-4185-8657-d25ae9dc279a,2026-07-21T15:53:00,2026-07-21T18:37:22.607104,payments,account,critical
100a06ce-cf88-4146-8946-986efe500632,9610533a-6827-454e-ba6c-86162acaf815,2026-08-20T13:08:00,2026-08-20T22:13:37.222396,payments,performance,high
09015c3a-aee6-4581-95f0-b1f085f4baa6,57fe251f-ea51-4b8c-803a-d3af7e872998,2026-07-24T09:37:00,2026-07-25T02:03:29.590280,identity,performance,low
93d8ab21-1734-4b9d-80ae-e823efcb9708,c7321694-76a9-4ef0-bbcb-d5b29813f81a,2026-07-09T00:26:00,2026-07-09T16:05:26.214423,payments,performance,medium
c16d8b2b-e835-42ab-8f76-c9cafe57e3a6,49b9f04b-c187-4123-ab20-b6577d79bcb2,2026-08-19T00:11:00,2026-08-19T09:49:21.804417,analytics,billing,low
4303a783-1f28-425e-bb43-73ec483eaf42,ccf8a829-04ed-4ae4-be50-b4a409c1b6c3,2026-07-31T05:53:00,2026-07-31T16:04:50.876061,analytics,billing,high
fe52c4d5-1ddb-4d13-af51-f1585077590f,2cad03a1-9018-4da6-92af-103ce5174ee7,2026-08-30T10:30:00,2026-08-30T17:19:28.735929,messaging,billing,medium
d178d098-e1c1-4024-ab50-723ce3c0d8f9,633c687a-8182-49ad-bc89-6b476962f937,2026-07-28T00:18:00,2026-07-28T02:34:05.162674,payments,configuration,critical
18cc19ff-a7e8-4998-846c-aeab8e3fa404,ffe8265a-ff8f-49e5-a15f-8deb1c62992f,2026-07-23T00:33:00,2026-07-23T03:38:23.348563,identity,billing,critical
b656f7c7-92ff-49a8-82af-a0b2746548d0,b2d638d4-66f4-4372-85da-aa37aa001968,2026-08-06T22:06:00,2026-08-06T23:43:00.312164,identity,account,critical
6c464abd-cbfa-4886-81bb-ba93a606c5f0,7d246ee1-7a98-4ab3-a6a7-1961c0e1214e,2026-08-09T01:44:00,2026-08-09T19:36:36.182079,messaging,billing,medium
cc840745-9b20-434e-8f00-9be2f17cb3e0,53985b8c-9eb1-49d5-956a-9bbf8bccb4da,2026-07-23T21:07:00,2026-07-24T09:40:57.418618,identity,account,medium
f37da37c-f152-4567-8325-c26795b4208e,1df80089-0591-4a7e-9fda-dfde867f9641,2026-07-17T02:23:00,2026-07-17T06:38:48.283274,identity,billing,critical
ba4da811-0380-4739-9b41-5b7141bb5582,4b09c4dc-da30-474f-97be-55f615d9f042,2026-08-27T09:36:00,2026-08-27T22:04:56.299590,identity,performance,medium
65fa5591-6541-4e1e-aa33-c021c283d153,e8857bb0-946c-4e56-86f7-88fa5fc9ab38,2026-07-31T02:44:00,2026-07-31T06:40:56.087562,identity,bug,critical
6b63de55-cb5a-4013-b11f-dc02706e0f9c,71459828-47aa-4ac9-9276-e78cca2640f9,2026-07-26T04:27:00,2026-07-26T12:02:30.786457,analytics,performance,high
04123f9b-ee53-4898-acf4-8b521ad17511,9933d155-4953-4f9e-9503-9861ed15fddb,2026-07-31T13:02:00,2026-08-01T00:43:14.522867,identity,bug,high
a0f36a63-930e-4350-8f3d-c0931c1ae8c6,4531bc92-a076-4af4-87ac-bf7d71e9f4e2,2026-07-15T12:20:00,2026-07-16T03:05:00.858250,payments,account,medium
85c0b251-67e5-4c42-b234-945052ba4008,f862b758-a381-455d-81ea-a20cde818d74,2026-07-01T21:15:00,2026-07-02T08:28:06.624262,analytics,account,high
984a3a3b-94b0-4b8a-ae05-c140d4fac35f,a03ea1cb-e5aa-4056-8721-be2419d121a3,2026-07-30T12:59:00,2026-07-30T16:22:12.595842,analytics,bug,critical
6cd792c3-b540-4fbf-81cb-10c3b5a217d4,ab068b3f-e360-482e-8c43-447cd3f00b29,2026-07-29T04:03:00,2026-07-30T05:03:38.512343,analytics,account,low
c402ae4c-9150-4172-ba65-5005016d533b,4b46da2f-3b30-4725-ba14-f8bba3513a62,2026-07-10T01:51:00,2026-07-10T05:41:12.219148,analytics,bug,critical
76d6ec0f-00f9-4604-977d-27d5d5904cd5,d56ae764-a32e-4cdb-a9b9-4c43b9f8c0ce,2026-08-05T07:22:00,2026-08-05T18:55:42.608916,analytics,account,low
c5edf066-65bc-4081-85c6-53ac9b816521,bc05951c-2d35-49ff-816b-f85f7744ed73,2026-07-27T20:17:00,2026-07-28T17:38:40.597590,messaging,performance,low
5400f160-1c8d-488c-8a25-0ef5ed205391,33148140-2b02-43fe-849c-51a0bc78cb72,2026-07-17T02:59:00,2026-07-17T06:38:04.537001,payments,bug,critical
9970129a-7dba-45a0-b011-818510bdfb47,32ce26fd-6017-4cac-9993-e1a7409ff8ff,2026-08-03T18:21:00,2026-08-04T11:36:37.113853,payments,configuration,high
ecee38e8-fc2b-402a-bbc2-ed3332d3b762,d51ec918-2315-433f-bf67-9d3c5be43697,2026-07-08T13:39:00,2026-07-09T10:39:12.618786,payments,bug,low
b339ee97-0ed9-4646-80a2-1926c5a932f9,103a8bcc-c41c-45b4-b0da-94f60c26be11,2026-07-17T14:06:00,2026-07-18T01:04:31.380664,messaging,configuration,high
73d38a10-af4b-4366-ad57-72924f2a0c9b,c19631ea-0a0a-446b-aeae-dccd4fba5fac,2026-07-06T10:01:00,2026-07-06T13:47:43.102785,analytics,billing,critical
378da06d-0d60-4880-9b5c-d602cd33ec27,c647d95e-1ff4-4ac7-b445-79087eb778d8,2026-07-05T14:55:00,2026-07-06T05:59:14.486754,analytics,configuration,low
d07fbef3-e9fd-475a-b21c-424c736d1436,f77341cb-b83e-44f9-bf31-4acf355d3275,2026-07-17T15:58:00,2026-07-17T23:29:16.451032,identity,account,high
7b42b167-3765-4899-9880-8745f71c0558,63c8a5d4-a246-4a23-b763-640619980401,2026-08-26T05:14:00,2026-08-26T07:34:51.211134,identity,bug,critical
187427dc-5b04-4c41-aa28-df11631ecc62,77e023eb-d4ec-446f-9649-69c803a4f581,2026-08-14T19:28:00,2026-08-15T11:36:03.471757,analytics,performance,medium
eb6403a0-391f-48bd-853f-cbfb6dac92c6,686eaa2a-a4b9-40aa-88c6-d5c4065cdf9c,2026-08-12T04:57:00,2026-08-12T14:06:04.703013,analytics,configuration,high
4ce9749e-9c04-4278-9dfe-b0a0f6f0c6cc,bcda6778-733e-439f-a47a-1ba72db93ef5,2026-07-21T23:45:00,2026-07-23T02:26:10.352726,analytics,bug,low
73a1ca28-16b9-4993-9170-5078c0b5a4fa,c9d58477-775b-41e7-8561-ef21649b0603,2026-07-27T04:48:00,2026-07-27T17:27:31.470713,payments,configuration,low
6a0f7cc1-ce1a-436f-a0fd-4f6c261cd72d,34e973de-3874-4485-88ed-4315cc111189,2026-08-22T16:47:00,2026-08-22T23:34:08.442434,analytics,bug,high
ac582b79-953a-41a2-8dc3-180e01ef61b8,d78ecfaf-fc6a-4bfd-93be-e1e787980d4c,2026-07-03T20:39:00,2026-07-04T14:46:00.052091,payments,performance,low
d239adbe-f52d-414d-8785-3a458d854fb3,ea61a493-d974-4dcf-9693-055e59fe092b,2026-07-26T20:52:00,2026-07-27T05:52:53.596676,analytics,bug,high
dcbd723f-f2c7-4335-acb0-4723cafb121b,4b4e2b1a-d632-46ad-99a0-9953990040a9,2026-07-09T12:53:00,2026-07-10T06:24:05.276131,payments,configuration,medium
3c913d9e-ad2d-4cfd-9f8c-16fa868d007f,892d83ba-c72a-4166-8745-b2bc2bbc2162,2026-08-02T16:37:00,2026-08-03T02:06:17.510927,identity,billing,high
61510e25-5d3a-4b5c-819a-b6ffb3996349,b5ec0176-c706-43eb-88fd-a416f9f6f2ff,2026-07-31T23:45:00,2026-08-01T06:51:12.163597,payments,bug,high
31337010-c3bc-44ae-b534-8d658deed60b,13d3a818-b8f7-41d7-9436-6f7f4c1a19c1,2026-07-04T00:39:00,2026-07-04T03:51:29.460424,analytics,performance,critical
3ee6cf67-eaf4-46b9-a00e-d8c7f1111bb2,80935af7-33b9-43e2-9171-2a8fd187e2de,2026-08-22T13:48:00,2026-08-22T17:00:48.883975,analytics,bug,critical
53a577c3-eacc-414f-8c8d-85fb13926579,ee83cf58-5125-41ec-9f72-80efa2030029,2026-08-19T20:01:00,2026-08-19T23:40:04.991299,analytics,bug,critical
6fb66fda-0a81-44ef-86d0-45432c54b9c5,64c6e9e6-088c-4568-b94b-4fc9087948dc,2026-08-13T11:06:00,2026-08-14T05:03:12.207703,identity,bug,medium
3ce957f8-821c-4e27-a9f7-a6c9a11ecc43,bb458328-8046-4872-bf35-ba72a7ba6501,2026-08-15T14:21:00,2026-08-16T04:17:47.573882,identity,billing,medium
d557543f-b6bd-4064-b2d9-d77b626e05f0,83659258-179c-404c-9407-ad5051c7d4fd,2026-08-21T21:47:00,2026-08-22T08:40:42.375060,identity,configuration,high
9d728de0-5449-4c3e-bc05-47596b50b74f,d66253bc-a4a4-42a5-aa8e-9ae59773b425,2026-07-02T20:48:00,2026-07-02T23:40:31.543722,analytics,performance,critical
55042fce-7da4-4fc0-a4f6-babcf9e1cfef,4f5ed62b-4ee3-4bd8-adf6-48502ba7f1db,2026-07-15T07:21:00,2026-07-15T20:16:24.210250,identity,configuration,low
98fcf50f-f5a8-4853-9f08-9fe5e19394ba,7763231a-9c86-4c18-973d-4679a7499edb,2026-08-27T14:33:00,2026-08-28T08:25:41.321492,identity,bug,low
5b489a59-5ee2-449b-9e29-dc829c634d9c,4df2463c-0b09-4a06-9297-9d6628708b46,2026-08-04T12:59:00,2026-08-05T05:46:10.058510,identity,configuration,medium
3f8da9c5-67e7-4e7c-a0c4-106abc7a843a,ed27667d-ec4b-474b-b83c-b6de337918fa,2026-07-17T17:10:00,2026-07-17T20:16:42.180257,identity,bug,critical
6f85a525-2535-4f7d-a68b-ffe40f814684,2dd4d911-0afa-4e37-b61d-cdec5c243347,2026-07-17T17:27:00,2026-07-18T02:04:33.677884,analytics,billing,medium
fb875371-227f-4bd0-9ef8-624b45209dfb,3d352e46-6247-4b43-aa6f-7128fe0f9861,2026-07-21T03:29:00,2026-07-21T13:44:19.411583,identity,configuration,low
8e088bcf-231e-44aa-9c0f-918dd4b7a233,42a62646-6f78-4358-b447-b51d712b350c,2026-07-03T21:47:00,2026-07-04T13:11:39.783200,analytics,performance,low
ea9f38ff-1321-41ba-9fcf-68b08d99c223,ad38d6b0-8e20-4d47-80c2-ec68d0c7cef8,2026-07-01T12:16:00,2026-07-01T18:12:37.700718,messaging,account,high
3cb1ff00-2f5c-4d5f-8a47-b72f3bce0a43,081e4058-2a54-4115-8040-d8ff3191e6bd,2026-07-14T18:53:00,2026-07-14T21:33:39.886433,analytics,bug,critical
20d21ea2-4f0d-4b7e-a77b-883c62fe8312,3bb19634-6d5c-4947-9fbe-2d648b326d8c,2026-07-21T00:28:00,2026-07-21T14:32:07.024695,payments,account,low
64c37c12-b29b-4a87-9b9d-f4b4c15b4bc0,dbc76e02-0e27-4ac3-b0d0-d92775b1ed94,2026-07-31T10:45:00,2026-07-31T13:13:11.398311,messaging,configuration,critical
5e944dad-aee3-4346-a983-61be8a9116d5,83c635d4-f7cc-446b-a1b4-aefbf76d3e49,2026-08-21T11:33:00,2026-08-22T11:10:04.268279,payments,bug,medium
ba7118d6-3dff-46dc-b422-9c314303ccae,1cf3331a-703b-40c3-b2b9-e28c0256615f,2026-08-24T00:43:00,2026-08-24T11:27:34.425688,messaging,configuration,medium
3742938c-c90b-4055-8a13-b52ad9df94e9,9ef63936-bf11-4983-afd1-e48e472fb46e,2026-07-22T00:30:00,2026-07-22T16:04:05.066681,payments,performance,medium
e8363c02-2e94-4cb3-9e43-87192a1de6c5,19f6d5b5-029e-4f8d-ad56-4deaf3cca870,2026-07-13T21:02:00,2026-07-14T05:11:55.029656,messaging,configuration,high
64fa927b-fb68-4193-9f9d-fa9d8b3e4ebb,37b7abc8-51fc-493e-a398-cb600543832e,2026-07-08T01:49:00,2026-07-08T05:59:11.223831,identity,performance,critical
ebb3b06d-1eb2-4aa6-b12a-da2f249e1695,70e0aec8-177a-4c7e-9e05-d520d4d4b3d4,2026-08-24T05:37:00,2026-08-24T08:56:06.549481,payments,bug,critical
d2eff9e9-93e6-4e42-b937-02d1cc03021d,be6d0dad-d629-43b3-aa37-123f2898ccd2,2026-08-01T08:01:00,2026-08-02T06:04:43.972116,payments,billing,low
7aee7a0a-32ba-4116-9093-cc6d370238a8,38b9547c-7548-42c0-9d5a-4675494222b7,2026-08-09T06:30:00,2026-08-09T18:45:30.756902,payments,bug,medium
82f82926-26d0-4956-98e5-910fbd66c19b,5e913d0e-3663-4666-93eb-78401745f2d9,2026-08-17T17:38:00,2026-08-17T21:18:06.125513,analytics,account,critical
64fbeb00-4d03-458e-b9e1-152c83613132,b3892f1d-375c-474e-8495-a166b4c395d7,2026-08-03T07:37:00,2026-08-04T06:31:37.605558,analytics,performance,low
b3bf1170-75d4-4fb6-a038-0fd5572eb05d,d9f4d729-f50c-4e44-830a-6f588b3e4397,2026-08-15T19:06:00,2026-08-16T01:45:30.693516,messaging,billing,high
b31b4b5b-47f7-4287-894f-c10b40bc8ddf,9916c0d0-3e4f-48d1-93ac-42f3b7618e0c,2026-08-20T02:48:00,2026-08-20T11:21:06.481494,analytics,account,high
39def592-f1ec-4104-8b2e-819431553f7e,3fe0bf69-c5c1-4a01-a42a-993bf800fa82,2026-08-12T05:04:00,2026-08-12T20:56:15.439790,messaging,billing,low
bf1e6959-a47f-4cac-8847-7cfe20930c9b,313e57f3-1027-4299-81ba-d143a6466290,2026-08-17T00:53:00,2026-08-17T12:13:14.434126,analytics,bug,high
0fc61119-cad3-4c28-aa7e-3323044740ad,424e7b23-cf61-4bee-861e-b6923706c2ca,2026-08-13T13:50:00,2026-08-13T19:49:12.282125,payments,bug,critical
f45d5c76-218d-4ad7-a56d-31816cd75549,78e884f5-c4eb-4e3c-93a8-0ae57a838705,2026-07-15T01:40:00,2026-07-15T08:19:12.926651,messaging,billing,high
eb0bef7e-15fe-4017-9f68-4b566a05472d,9f5185ec-27ce-4df2-aeb6-fa061dd466d1,2026-07-29T07:22:00,2026-07-29T15:23:02.842673,analytics,bug,medium
331dc70e-a243-4a81-9b32-9e76e18ac9b7,327bbe2a-7192-49ba-bac7-a317e1b88487,2026-08-13T09:31:00,2026-08-14T07:28:19.026975,payments,bug,low
228df3cc-0068-459e-bf73-125a69573a36,7d5d2cda-234c-4d4a-9682-3524a92c34c2,2026-07-20T10:56:00,2026-07-21T00:26:11.752880,identity,account,medium
b667ca8d-45d5-44d9-a953-3cf14f65887a,b2f2760c-d38f-47d8-b3bc-4619c81d1c2c,2026-07-21T19:28:00,2026-07-22T09:00:07.139003,payments,billing,low
85bf6c91-9de6-4c2d-af5a-a8130ba639d6,1ec470af-34ab-4f64-a01d-be69f91863c9,2026-07-26T06:02:00,2026-07-26T15:16:19.210084,identity,performance,high
fb286a20-1b3b-481d-9483-649fa5c932e8,825b2005-b778-45dd-9a48-3e23f96936c5,2026-07-12T23:39:00,2026-07-13T04:04:18.531316,analytics,bug,critical
77bbb23f-923e-49c2-a486-df7dda0f6061,1be7fafb-66e1-4932-9ab1-8125c99197ba,2026-08-02T18:13:00,2026-08-03T20:54:29.532035,payments,bug,medium
6c20c9d9-9ad7-4f35-bde4-da4849927ac5,8fc3d4bc-2e5a-4bf8-b04d-3b30d3465fed,2026-07-02T04:29:00,2026-07-02T22:13:38.782885,payments,bug,medium
3717efbe-a29f-4a7a-a8cd-8109b5c32993,1cc3799b-6234-458c-8368-4ea7577a500a,2026-07-26T05:06:00,2026-07-26T12:40:01.250662,payments,billing,medium
a757bac5-b1b2-4bb1-900b-6980a4f31d45,d2cf8474-aaab-421a-9e6a-d7b1aa217ff8,2026-08-09T22:48:00,2026-08-10T13:08:43.552311,messaging,configuration,medium
71d7b5ae-d805-4f41-8337-d9bd565b199d,0a5d9b85-6a50-4483-8fbf-751e423de17e,2026-07-10T09:31:00,2026-07-10T16:00:49.725605,payments,configuration,medium
93ec4bfa-4f2a-4913-bdcd-6937829180c7,1a8747a5-3ac6-4fdf-a5f1-2d678c250b2a,2026-07-12T21:23:00,2026-07-13T08:28:26.473342,analytics,performance,high
78fb7a12-6067-4939-a8ad-025f858b1067,73d8d246-7403-4671-9352-364684afbcf5,2026-08-07T01:27:00,2026-08-07T07:29:04.668222,identity,performance,medium
2443ced2-7560-40ae-a180-6702a7f9b823,8633f2e7-f81a-48b8-90dd-d26ecb0a8f34,2026-07-06T05:28:00,2026-07-06T22:41:07.797777,identity,account,medium
8f018d7b-7122-4ecb-94f2-64c46b5044d8,0228dbea-5b17-44d8-b959-c4c8d7ff5a60,2026-08-10T01:07:00,2026-08-10T08:17:59.049419,messaging,performance,high
27c2a393-b8d2-466e-9b19-a8250baa79dd,ef69390d-8809-4a99-8044-9b4d9c568c67,2026-08-23T04:59:00,2026-08-23T12:34:03.228053,analytics,account,medium
3b8a166c-1542-42c5-9b7e-71a75df8906a,3e8f613e-8a94-44ee-b5e5-880261e7ee30,2026-07-07T11:11:00,2026-07-08T03:39:58.045164,analytics,billing,low
e5316651-7711-4262-86a7-b97b36949132,4aefc6d7-6ad1-48fc-8201-c52f3ea89d1d,2026-07-07T17:42:00,2026-07-07T21:47:44.042547,messaging,configuration,critical
f36a895e-3f3b-4ce6-a691-127e19b54368,58c507ae-e225-4dfa-a665-116e331c1985,2026-07-04T17:17:00,2026-07-05T00:42:55.126637,payments,account,medium
6b57df67-f8bf-4bb0-b40d-f4add5e87c4e,a004e548-eba4-4145-b86c-63d1c75a6198,2026-07-03T15:43:00,2026-07-03T20:15:06.168026,identity,billing,high
3ce701f4-b0ef-49bc-ad52-74d97a38561e,93d95a2a-285a-4da8-a254-a6afc110cf71,2026-08-05T05:37:00,2026-08-05T18:25:35.528610,messaging,billing,medium
bacd3289-52f8-4f0f-8a9e-7640328879cd,6f772263-7461-4962-999a-126efd84abc9,2026-07-19T11:30:00,2026-07-19T13:02:31.114731,analytics,performance,critical
ceaf91c5-55d2-440f-bd09-ffb8df457119,6038f183-2060-45f8-ac63-a36f31144dca,2026-07-06T02:03:00,2026-07-06T13:48:02.563299,identity,performance,high
aa8c5cec-9b5f-46cc-aa36-f8da885d5b41,a423275f-f115-4fe7-aaea-ecec02157317,2026-08-08T00:26:00,2026-08-08T16:19:49.073405,messaging,performance,low
150d8af2-75f8-436f-8a62-036f587d356b,4c9b2d5b-c6e4-4dac-876e-10e2353bcc19,2026-08-05T20:42:00,2026-08-06T01:21:18.267489,payments,bug,critical
ad447ffe-7be8-41cf-8e23-7098f384c102,c931cc5d-4c26-4e36-a75d-892d5a0cb1ef,2026-07-06T12:02:00,2026-07-06T22:15:49.524156,identity,account,high
ea19a776-6ec0-4a7b-9e9e-014a4a3a8b0f,a8803f91-c7bc-4ce0-a2ad-92f781f26819,2026-07-24T04:28:00,2026-07-24T08:51:45.373058,identity,bug,critical
75c8e00c-58f0-49df-8849-453a73814939,d3933bf2-4f13-48ec-b95f-1b2aaa46a87c,2026-08-05T15:16:00,2026-08-06T17:33:35.672108,payments,configuration,medium
d7323397-31d0-45ec-962c-4aac3666a562,6317f9eb-32cd-4118-b2b0-b104e78d1534,2026-08-21T15:50:00,2026-08-22T06:16:29.096233,messaging,configuration,low
3dc5045e-205d-4cb3-9c06-9dd23194aa2f,d4aa9757-5c74-44c1-8f31-cb1183c2f684,2026-08-25T00:35:00,2026-08-25T02:39:09.545602,messaging,billing,critical
7ade48b1-3950-4e50-a095-5c8a13a58fe4,cc683c7d-2ce3-4ae1-9cd1-37b209f01d31,2026-07-16T09:03:00,2026-07-16T13:11:46.293357,messaging,billing,critical
9887682f-b330-44e2-bb67-7f60cd99b89e,158cc57d-39e4-456f-a35d-04aca7ff588e,2026-07-11T16:37:00,2026-07-12T01:41:07.381387,analytics,configuration,medium
80120b71-f407-4f05-8f25-d8f0c448d5e1,6d4a6174-7064-4faf-8e68-841c95fc8514,2026-08-07T09:42:00,2026-08-07T20:44:18.213976,payments,configuration,high
c73f453f-326f-4c82-ac2f-978aea2696c3,5154ad64-3f5c-4592-a6c2-a403f7f929db,2026-07-14T18:31:00,2026-07-15T13:07:30.301088,analytics,account,low
869cd3dc-9b28-4d48-a5bf-f8f5df71005b,468a13ad-a694-476b-89ce-6461b9e90675,2026-08-14T20:57:00,2026-08-14T22:53:33.204204,analytics,account,critical
6daaf719-2fed-431d-8ac5-51fe4c7205c8,d445afb9-7c19-4e9e-b87b-1b7acbb6d8ee,2026-07-22T20:30:00,2026-07-22T22:47:27.632933,identity,bug,critical
e61901cb-e964-4432-8a11-ef7d18e17a1b,ee668ff1-4d8d-4968-8bfc-470debe9f584,2026-07-19T07:07:00,2026-07-19T21:45:31.146308,identity,billing,medium
39e53362-a428-425c-910a-f68b279c688b,852d5668-772e-4e85-bda0-090f47285da1,2026-07-26T15:27:00,2026-07-27T00:47:01.260794,messaging,billing,high
9dba3106-981c-4d3c-a146-cb3b6734aff9,25424086-a03a-49fb-9e9a-ef6988eca235,2026-08-03T04:38:00,2026-08-03T21:03:55.301463,payments,billing,medium
af390801-1f25-43f1-9a43-630b0a58246d,b337194b-2bd3-4de4-a1c7-4879c247462a,2026-07-19T09:56:00,2026-07-19T20:20:58.825551,analytics,billing,low
e850ef06-6628-4631-b0e6-f57644cf1e41,7677f848-fd84-4605-b5b3-f0de2f6a0397,2026-08-03T07:11:00,2026-08-03T22:54:46.260861,messaging,performance,low
cc2967fe-9234-4f15-89d7-21631cb0cf7c,5b724d7d-258f-4b5a-9102-02612025d88d,2026-07-25T07:26:00,2026-07-25T11:40:54.286119,identity,performance,critical
2844a071-6561-499a-8285-a76fa37d5fc5,e63db32f-bcac-4839-948f-a055421af984,2026-08-21T07:27:00,2026-08-21T17:49:06.701786,identity,performance,high
d14f5b18-2d38-494f-bcc1-12d6216f14f7,d6fc099b-98b1-4335-905b-fd8b865f05be,2026-08-06T12:49:00,2026-08-06T23:08:33.280717,identity,configuration,medium
4e74bb72-c4f2-4153-ae07-1f0c53b6344b,ed364c0a-0d05-4c66-bfc3-77dc90e6daa4,2026-07-22T20:07:00,2026-07-23T00:35:24.184616,messaging,configuration,critical
dc23b5b7-0c31-42f3-9201-53d437f4d863,1ef8975d-6374-4c4b-9406-f4aa5414d40e,2026-07-25T15:41:00,2026-07-25T20:04:12.571416,messaging,performance,critical
89ddae9d-d924-43b5-856a-7c89b7923647,f1058f71-9a71-492e-834a-b74be05d3ef3,2026-07-06T18:53:00,2026-07-06T23:53:42.426985,messaging,billing,high
e9d1bacc-42f3-4985-a8c1-3eececcba9f4,4b6937e5-e777-44d0-8651-abdb1e72839f,2026-07-17T02:50:00,2026-07-17T07:00:37.229033,identity,configuration,high
2dc852e1-c5d7-4e56-b65f-a5a41934b3f2,24345c14-f47b-4f53-95d0-9f84f4678fa8,2026-07-01T17:18:00,2026-07-02T01:21:51.712408,identity,account,high
1e32f46a-c5db-4b78-971b-76a8f4875e65,2f6d6652-9fd7-4d18-bc6f-d96abc2ad09d,2026-08-01T02:26:00,2026-08-01T20:12:43.984206,payments,performance,medium
43870053-090d-4cc1-8449-7699c118c5dd,c053538e-cc47-493c-97be-774ac7bf52c9,2026-08-03T18:55:00,2026-08-04T05:40:14.097572,messaging,performance,high
33bcb417-2dc7-4379-bb23-f718d46c056e,2c34195e-589f-4637-8051-065e461034d2,2026-07-17T12:58:00,2026-07-18T06:07:27.381504,analytics,billing,low
e4adb99e-2b07-4d10-b987-2d790bdeea67,f9383324-7aa7-49de-a8e5-aee1d9111fc8,2026-07-26T03:19:00,2026-07-26T13:31:55.285589,payments,billing,high
5e845ca0-462e-417e-8511-dc914eb68c85,497be90a-13fb-46ce-8408-96938d371757,2026-08-23T13:36:00,2026-08-24T00:13:03.617617,analytics,configuration,medium
1094526e-7e31-4fa1-b9fc-a4073e2cf848,b006a40c-257c-418e-9eb6-0ea147678b23,2026-07-27T00:35:00,2026-07-27T09:33:25.494552,analytics,configuration,medium
e8522157-ebdb-48fd-8e3c-e618bc4b04ec,071570d1-8c46-48f2-9993-a52672be29ef,2026-07-15T07:52:00,2026-07-15T18:04:50.444652,messaging,bug,high
94348265-00dc-43fd-94c0-5e67c5e27fc1,74f29b85-fb88-48f9-aa01-a39e1e6c16c6,2026-07-29T02:54:00,2026-07-29T06:05:58.969459,payments,bug,critical
242a0f9a-b52b-49dd-b740-66a62252213d,03e6b7ad-7c19-4847-978f-4e948c032115,2026-07-21T00:37:00,2026-07-22T02:54:56.075926,messaging,billing,low
77f8524f-0a6a-47d3-8d05-a2fd4bb6a602,fd0bac73-7404-4a8c-b11c-203d1801eec3,2026-07-02T15:28:00,2026-07-03T09:23:20.220680,analytics,account,low
5a3670b5-07eb-4d35-9dd5-f06fc282681f,6181ce76-add9-48e2-9b00-b4c614369e0d,2026-08-18T07:36:00,2026-08-19T00:46:58.995512,identity,billing,medium
0ab57937-6c78-4995-a74d-ed56fca56c60,bac317ac-0662-4b35-9cf5-364fdb9b7b08,2026-07-08T05:27:00,2026-07-08T07:13:37.683337,identity,account,critical
1a59d6a5-8463-4009-9bf6-18566703d38b,461d8f90-c3bd-4c0a-aee7-6229d44fe69b,2026-08-20T16:44:00,2026-08-21T01:14:33.779321,identity,configuration,medium
b3dcaa2e-a19b-405a-9aa0-8ac8d0c0c1be,01db8246-5c43-4763-97f2-3b881a91c006,2026-08-29T21:17:00,2026-08-30T01:27:03.145571,identity,billing,critical
d129720f-e474-49f8-a342-226c730a90e0,52c8fbb8-9393-48ff-b604-6a28b88b5886,2026-08-16T00:15:00,2026-08-16T11:00:11.276153,messaging,configuration,high
cadb37e7-25fe-48d5-85ef-89b99afff385,3ca0ab77-9532-488e-9b3e-6683a60a4648,2026-08-29T05:00:00,2026-08-29T22:56:59.861541,messaging,bug,low
c7b74e6d-d31a-4be7-86b0-8cbca2f975ae,277b5a33-c0ef-4662-88e7-9b5c00c56217,2026-08-28T12:15:00,2026-08-28T19:15:06.538427,payments,bug,critical
ad245e22-59f0-4df6-8476-4911dad8c572,bde84474-b13e-4af8-9cbf-6c9d050a99f7,2026-07-14T10:24:00,2026-07-14T13:15:32.036562,payments,performance,critical
14f390dc-2410-4b6b-bc49-300aaf83e7c7,2e38367c-54e3-4151-bdc7-b56939775fd5,2026-08-22T13:08:00,2026-08-22T20:23:14.043872,messaging,performance,high
6a7a2ac2-e70d-4033-b9d9-c01c1017653a,51a7f911-770b-45a6-9459-875b9914c008,2026-07-18T17:56:00,2026-07-19T07:56:56.996040,messaging,bug,low
02e1b550-6a3a-4545-b28f-1eded85f2e8d,0764c837-86f9-4527-9d0b-c25969341cbd,2026-07-06T15:19:00,2026-07-07T07:04:50.604413,analytics,configuration,medium
cc76647b-7ea0-42ae-ad91-1197d9d7d9e9,fbbb2046-3a88-45e5-848b-534a7ac6067d,2026-08-18T21:06:00,2026-08-19T03:42:13.929044,analytics,bug,high
278a5f27-e1ea-43c8-81e1-8deb2f0921ea,3248be92-84b3-4c76-b259-0445691faf02,2026-08-17T06:05:00,2026-08-18T07:39:26.211142,analytics,bug,low
9534cdd2-6d90-47a2-a606-7586b69a5955,0d2eed5e-7272-4cef-b314-c35f5be3911f,2026-08-14T00:58:00,2026-08-15T03:11:03.778093,payments,billing,low
1df6b221-7d3c-44b0-924c-92086f51a2ca,3cfd36cf-11dc-4500-a14f-a342fd9f5332,2026-07-30T02:35:00,2026-07-30T19:14:27.386032,messaging,billing,low
db82f51b-764b-483b-893e-91b60616cbca,95c288af-79f9-4d1b-a946-5ef99ed705d7,2026-08-24T23:55:00,2026-08-25T22:45:46.711847,identity,billing,low
630a908f-cddf-4347-8bf4-de898b56d413,cdb90bb9-7afe-4be8-9b16-58c2e9ed367a,2026-07-20T19:23:00,2026-07-21T13:16:55.638425,messaging,account,low
65092761-89ac-4232-a2aa-57151e1fc1be,9834ab6b-c2df-4308-b950-d3dc29099525,2026-07-15T23:18:00,2026-07-16T11:51:57.891201,analytics,billing,low
82ec623b-465d-47d8-9e0d-483f274798fb,d3150518-e4f9-4307-8255-f0ca479d6c3b,2026-08-26T15:43:00,2026-08-27T03:56:01.810855,identity,configuration,medium
83816eae-7f7a-416c-a6c2-d7b9f2295e0a,41e173a8-49e3-43c0-a1bb-bb447a36acee,2026-08-05T13:38:00,2026-08-06T12:51:59.704341,payments,bug,medium
a0d67e6d-411b-42a8-a08b-d2d7b5df3375,328b93be-bc99-432b-ab54-b17795d2175e,2026-08-27T10:48:00,2026-08-27T15:49:21.230962,messaging,billing,high
9ec17928-078f-40c5-b4c0-28ac5fb7bc7c,812436f4-cb87-47ea-a978-7a1c2c6d6219,2026-08-03T23:59:00,2026-08-04T07:45:49.091503,identity,billing,medium
abe71e2a-3513-479e-b131-c70fecf3939d,907b5b06-600c-4c6c-8972-7455b85cacb5,2026-07-14T17:22:00,2026-07-15T10:05:24.447545,messaging,billing,medium
76d7310e-290f-48ef-b898-5811e0065500,0eebf823-e2f2-4fb3-9c17-32afb7bfead3,2026-08-24T22:07:00,2026-08-25T10:33:08.535390,payments,bug,high
0ab93d21-8699-405b-99ad-974685a9d037,f2c87f8e-dac5-4bf2-8551-22373129a8f2,2026-08-13T02:46:00,2026-08-13T16:21:26.798697,payments,configuration,medium
e8f8ded3-f4a1-46f2-9109-d5103876d003,b513eb01-0b03-4886-b8b1-9e851d1cd468,2026-08-08T12:33:00,2026-08-09T00:19:33.394740,messaging,bug,high
eb62762b-dd7e-442a-b955-283d7701462f,82bf48ab-9ed8-4123-95a1-4c3787d952f0,2026-08-12T17:43:00,2026-08-13T12:38:19.514633,messaging,bug,low
1fce3c62-0673-4ff4-a0d7-5dba621a31b3,b2697e99-4d22-47c4-93df-4d7883d6b89c,2026-08-11T18:57:00,2026-08-12T05:37:08.686333,analytics,account,medium
f56ef3ec-2367-46a5-9ee9-7dbf25fce5df,8497ac6e-c9ea-4caa-93da-01c3b9e20f37,2026-08-15T07:32:00,2026-08-15T23:29:25.843745,analytics,account,medium
61133263-a48a-4349-a814-e50edb663b5f,ae5f0965-2f1a-4057-9aa5-85d45e3e2abd,2026-07-19T04:41:00,2026-07-19T13:56:17.533462,messaging,bug,low
9e12adb7-9fb1-4bcd-9032-507c89ff9bd1,76438d43-fce9-41e3-8696-906830ff5068,2026-07-12T08:22:00,2026-07-12T23:44:33.505261,payments,performance,low
0269cb8a-d39c-4fcf-8c41-a5c5b63ab63e,8a23125d-6182-45ff-81ef-840cf9c39d96,2026-08-20T09:24:00,2026-08-21T11:27:05.323486,payments,account,medium
aa85ad5e-43e7-4572-91cc-ca1db8001fc5,c27c89e1-8ce7-471e-a945-15f93efe6855,2026-08-14T20:57:00,2026-08-15T07:11:05.300189,messaging,configuration,high
5a264106-29c3-42d5-9ecb-e12347bf1094,01576e22-e7af-4707-8408-35f1100f9dc2,2026-08-13T13:14:00,2026-08-13T20:00:12.932123,payments,configuration,critical
af477644-f617-4bc4-8c29-3af05a32a736,20efec7d-ccd9-42df-ba71-091df2b68cae,2026-07-12T22:13:00,2026-07-13T16:00:08.979178,payments,billing,medium
317b108f-f790-42fc-82ea-0ea712e8f009,ec7f54fa-d88e-4c51-be63-9bb64f53432b,2026-07-14T21:43:00,2026-07-15T18:08:31.180212,payments,billing,low
fdadbd17-5fc9-4a95-bebb-abf60d1d122b,63458fcd-2ace-4b44-a8b6-7c63242f88a7,2026-08-25T06:56:00,2026-08-25T17:05:11.784219,identity,configuration,medium
3437910b-5fb2-4358-8334-928a7461e41d,a74b4329-cc4d-467f-b041-e44f30c3b690,2026-08-21T12:36:00,2026-08-22T15:15:35.472448,payments,billing,medium
77aa79b4-d7a7-448f-a5f7-4e84d926608e,022a5eb4-f817-4fc5-917d-e74a92ee61f1,2026-08-02T04:45:00,2026-08-02T06:47:56.837141,messaging,bug,critical
b61544b9-0438-43e7-a9e7-732ca930e2d9,7e67941f-0392-4326-8614-89e71ff7b4eb,2026-08-26T05:53:00,2026-08-26T15:07:55.383822,identity,billing,high
c23ed5e9-9827-474e-a657-aaad2211993e,ac9d9942-bd38-40f1-8e14-97a44467e83a,2026-08-05T11:07:00,2026-08-05T23:21:24.189057,payments,performance,medium
19fb12cf-f3d7-429c-a6f0-9caebb7307f7,afb61ef7-0189-4435-a09a-3b2b477231d6,2026-08-28T23:02:00,2026-08-29T12:55:16.830274,analytics,account,low
3116c71f-97f8-4f81-b4be-33bd89ec9b78,1116c516-8375-4d9a-bacc-dcf68a034fbd,2026-08-14T18:18:00,2026-08-15T00:22:32.717728,identity,bug,medium
501d7ff0-6dff-4b1a-b718-ecda904bc3d6,86ca24d7-ebe3-4f96-b194-2b17696f10d0,2026-08-30T21:27:00,2026-08-31T07:37:38.502028,identity,billing,high
4cf18632-fce7-4ab9-855f-2b2f026e59de,10f3eff7-87d5-406e-902f-dcfb038ea2e2,2026-08-29T10:56:00,2026-08-30T11:55:33.415497,identity,billing,low
1ae602f7-a1ae-427f-8eb8-a40f8bd3faef,735f968c-08e2-4266-91d5-a68b8ee0e99c,2026-07-07T12:42:00,2026-07-07T23:30:55.841809,payments,performance,medium
e7955b39-2d0f-46be-9b08-32cdaa14ed29,bb51a1cc-7b76-4376-b0f9-671b34c5fd01,2026-07-06T05:14:00,2026-07-06T18:05:03.336699,identity,performance,medium
381ff767-9798-4461-bb2f-1c4a1fee9a65,1895d842-8cca-43f9-ab73-ad739251ff5f,2026-08-13T02:26:00,2026-08-13T17:04:56.246837,identity,performance,low
d9684601-961b-40e7-ad92-5fd2c5f64c2e,8cb04a00-31ef-432f-8223-5d1f4c7cc657,2026-07-26T04:47:00,2026-07-26T11:19:50.508725,messaging,bug,high
f3819691-7ea7-4e98-8de4-26b4f96c5478,5001c6aa-90bc-45ec-93c4-5f5621c19cc3,2026-08-21T18:17:00,2026-08-22T09:54:45.025938,analytics,billing,low
549f9aaa-5adf-4904-836a-720ba5ec9435,0d094db6-f2e2-478d-b0c4-32816adf484b,2026-08-08T23:14:00,2026-08-09T18:25:31.473049,identity,bug,low
98e46ca4-900e-4764-ac23-7c8cd6267f0b,772ec2e8-8209-4774-b853-a92bb536b44b,2026-08-01T03:35:00,2026-08-01T07:43:06.921266,identity,performance,high
4883d3c0-f806-42b6-b3db-81b6ee6be0ea,5b9fb0c1-94da-45a1-ab46-6e7a3810a381,2026-07-09T07:30:00,2026-07-09T20:35:28.375336,messaging,account,medium
6f14ab99-82c0-4de3-913d-6199d1966234,b5621409-30c1-4522-a425-80b2ca0e921b,2026-08-11T00:55:00,2026-08-11T07:38:20.558971,messaging,configuration,medium
f448a129-c4be-4a63-8f8e-c985d53781c5,2618b5fa-d37b-41e3-950a-792d4482c0f3,2026-07-01T01:09:00,2026-07-01T06:29:59.345506,payments,bug,high
0a1a67f1-e153-418c-8521-d4577cb0ea01,61185fbc-04df-41ec-8b9b-78b20259cabb,2026-07-15T09:48:00,2026-07-15T11:35:17.815021,analytics,bug,critical
4e1f15e9-ba48-4b42-b092-4edb6c567ee0,c711da8d-a2ac-4aa5-90ec-476385a44a95,2026-08-30T05:21:00,2026-08-30T09:56:10.798275,analytics,billing,high
47cd0131-a626-4ace-85e8-84e3f5321dcf,217d42f5-6801-4bcb-a061-3dc78bfc5a58,2026-07-19T08:48:00,2026-07-19T11:41:17.780056,payments,performance,critical
4aa379ab-3dbc-4f0a-bfbb-3d65f6cf460a,45b6fdd9-cdd9-4e4a-b1f3-bc78078197e7,2026-08-21T13:36:00,2026-08-22T08:47:42.376159,messaging,performance,low
9abef3c6-1261-4a0b-bdc5-0dbb87a64d36,270e181e-85af-4715-8012-e64f00a51aa3,2026-08-17T14:59:00,2026-08-18T02:57:10.294907,messaging,billing,low
bf723788-9619-4d2f-8e3a-6b70c030c63e,72354636-f156-4d38-a7bf-32f944f7d00c,2026-08-14T15:37:00,2026-08-15T14:58:43.264086,messaging,billing,low
e4ed09fe-c6e4-4b62-96ff-bdf841769eda,d89016a0-0a2a-4216-a013-f2ccd0487b76,2026-07-17T20:57:00,2026-07-18T00:28:29.460905,payments,performance,critical
1ef35eac-6f03-46ed-b977-ce41b8ac5daf,ffc7a025-088a-4e7b-8925-e43be4b6873f,2026-07-03T13:51:00,2026-07-03T17:17:46.482097,messaging,configuration,critical
dfacd92b-64d2-4830-b3c8-76c658a0d88f,6729bccf-32f4-428a-922f-4de62e7bf390,2026-08-08T06:16:00,2026-08-08T23:33:18.439525,identity,billing,medium
8095d710-6bc6-48eb-a7e7-b99b927f4620,1e3c207b-af6c-4a55-a5ee-088bef272987,2026-08-22T00:49:00,2026-08-22T20:39:49.640259,identity,billing,low
e81b3b1c-124d-433d-9b0d-a86074d61d17,818aa190-ea89-4f59-a49b-9baedbb0a013,2026-08-27T08:10:00,2026-08-27T13:40:25.231654,messaging,configuration,high
6041a3d4-f73b-45d5-b9eb-e26ed7ff0ddb,f0bcd11f-dd60-42e0-bf3b-f5bab428e22f,2026-08-16T15:33:00,2026-08-16T23:02:46.574088,identity,billing,medium
e4fe157f-db7c-4f79-a1eb-e1795ac5da1f,eef0df3f-d3d8-48b4-80b7-bf7372432b60,2026-07-05T03:47:00,2026-07-05T19:07:07.840486,payments,bug,low
7864f16b-abcc-49d7-9a5f-e48f5beeb402,27377801-8735-4c5d-b11d-abd2cb78c7ec,2026-07-03T03:22:00,2026-07-03T05:41:00.704387,identity,performance,critical
8d63171f-dd9c-4cd4-afa6-5bb844d1733a,9c0c7057-11ea-47af-94e9-7b644b83372a,2026-07-26T17:45:00,2026-07-26T19:16:14.386779,messaging,configuration,critical
3d25a891-c924-47a4-8271-32af5fb953f1,d411188c-abf9-412e-85c0-9799a3f2c1bd,2026-07-05T13:05:00,2026-07-05T17:29:16.231401,analytics,billing,critical
b80aa42f-f2b0-48a1-ae57-7a28a42115c7,a2b56ddd-85c6-475e-a25a-9259853bc595,2026-08-12T06:12:00,2026-08-12T14:33:28.959074,messaging,configuration,high
567b4bf4-2679-4a4c-9399-92509710cf29,e2f8588e-902f-4c4a-b6a6-9978e59973c5,2026-08-09T14:50:00,2026-08-09T23:24:45.000683,messaging,performance,high
9e6593ef-8992-4189-98a7-65234039f208,0094f058-4fcb-410b-acc1-94379600a181,2026-08-23T23:36:00,2026-08-24T16:09:22.365339,messaging,configuration,low
59c0f59f-610e-462f-aaa6-0516a931392d,b81c4de5-a695-406e-bf21-86cc69bdc5f7,2026-07-19T07:45:00,2026-07-19T11:19:18.763083,messaging,configuration,critical
fc64caa2-bee4-4504-864e-908eae2ae775,949f6a7c-b0f8-48ed-b03d-b0c52d8e85cd,2026-07-04T01:46:00,2026-07-04T11:10:53.872600,identity,configuration,low
b7de9cbd-999e-4152-bef7-afbcb8a14639,773daebc-181e-4b2b-9353-8bdc48bc7982,2026-07-23T05:36:00,2026-07-23T17:14:35.222161,identity,configuration,medium
cf80947f-51cb-4a77-baeb-2eea278d74b3,7af20c6a-d6d7-4d6f-816f-29ab514b1f0f,2026-07-04T10:12:00,2026-07-04T13:32:57.753965,messaging,configuration,critical
278b4a2e-7a10-471b-a2f0-af160995bf7e,39cec6ef-9ecb-4c18-a671-ef1502fc290c,2026-08-12T06:30:00,2026-08-13T07:23:21.027885,messaging,bug,low
fd78c957-4871-4f80-9a07-a6649432e311,6da10581-ec99-4445-adcb-9039f5188949,2026-08-21T11:12:00,2026-08-21T13:22:05.593737,identity,billing,critical
67880eff-2c7b-484c-93a8-1c96a992be4b,7425e908-46ad-4f62-b29a-b177946ac5b5,2026-07-19T17:46:00,2026-07-19T21:25:25.371118,analytics,configuration,critical
35d059c8-7a05-4a3a-b4c8-7415bb6779e6,465b869a-2ead-4ead-a26a-e6bf92de6703,2026-07-17T07:34:00,2026-07-17T19:28:25.977525,identity,configuration,low
d74390f2-e546-4f7c-8f68-38b1e819ae87,33809091-acf2-486a-acdc-2747b302ffd8,2026-07-15T15:55:00,2026-07-16T03:02:07.670814,messaging,performance,medium
2ad0e916-42ea-492f-b9df-d1601a65477c,a8e8aa98-683d-466c-b9f0-a05aab2ef6c7,2026-07-22T08:51:00,2026-07-22T20:10:45.556024,analytics,configuration,high
1f5b93cb-dffe-4dc0-8804-565aecc691a1,52e17350-bea7-41c7-9452-f1227c1b7790,2026-08-26T12:04:00,2026-08-26T14:36:45.754181,identity,account,critical
896bce8a-9431-49fb-9763-6ea8962b7f92,63cb565d-8a1e-411d-8839-31b5fc3d843d,2026-07-26T15:22:00,2026-07-27T00:56:56.802941,messaging,performance,medium
9c39907d-d5f5-40b0-ba87-491b214797af,560ae27e-11f1-40f1-acf8-0b5ff8a302b2,2026-07-31T01:47:00,2026-07-31T11:28:19.315044,identity,configuration,medium
dad2f041-5475-430b-9b96-6018a0653717,5619a8ff-9477-4233-bb16-04117444f2fb,2026-07-24T10:17:00,2026-07-25T02:24:09.820944,analytics,configuration,low
07650acb-7aeb-4f39-89f5-7e7ecd459df4,df2c65b6-f271-48de-86bb-a89f7e38c925,2026-08-24T22:19:00,2026-08-26T03:07:34.996670,payments,account,medium
b45932d2-eafb-4ac9-b337-1f1702c2ad5e,808c83e5-5615-41df-a975-dfbf7055a2ac,2026-07-24T12:39:00,2026-07-24T15:00:18.959942,identity,account,critical
60a19c8f-e5dd-47d3-80d6-c94dfdb5a876,119fb5b6-d048-4a7b-8fda-db1603eb772d,2026-08-22T07:55:00,2026-08-22T12:03:14.674557,identity,performance,high
8e0224ff-bfe3-44c6-b104-3747325d4cad,13bbcede-9b1d-4b21-91e9-e5ea06a46bc1,2026-08-29T20:04:00,2026-08-30T07:53:52.591625,payments,billing,medium
95a851fa-760f-4478-9ba3-5cc286bce56a,0519f5ed-a661-4df6-afcf-a46ae2b48dfb,2026-07-30T20:56:00,2026-07-31T00:36:14.297260,messaging,billing,critical
6a36099c-efd5-4a16-838e-581cd47b72d5,399acc37-d78a-4f28-96cf-099f1f3a793b,2026-07-20T21:22:00,2026-07-21T05:15:32.351737,identity,bug,medium
74b4e68a-238b-46f8-9c90-814cdce6e800,dfed2611-903f-44a0-a31c-06276ca0767c,2026-07-01T17:25:00,2026-07-02T14:51:34.422174,messaging,billing,low
ce988cb2-5d36-4eaf-ad16-8cdb67c3ae2f,4217bbf3-d179-43c9-a8b2-9c46778779ca,2026-07-11T11:32:00,2026-07-11T14:00:49.693613,messaging,bug,critical
a2a26574-51f8-4b8b-9ff1-e8b5d66947ca,7235c420-f663-49a8-9d30-6583b34a5d04,2026-08-17T04:50:00,2026-08-17T13:52:32.560982,identity,billing,high
3b635e7f-cccf-49b1-877f-86a44ed5018a,2fbff191-1f17-4568-9644-0e492d065927,2026-08-07T13:46:00,2026-08-07T17:40:03.811461,identity,configuration,critical
b4894e38-bd7c-4e23-9d21-c8bb874da3c1,e4cae0c6-cfd3-4616-b06c-dcfc1cffbbe2,2026-07-13T00:09:00,2026-07-13T06:16:18.939657,payments,bug,medium
a7b10366-1559-4c12-a726-5beb480a1d11,1fba8211-218c-461e-8a7e-cccda2bfbb6d,2026-07-28T11:13:00,2026-07-28T15:15:41.170933,identity,account,critical
54a7ba86-22d1-43a7-9699-186f75f6cb28,09d9284c-96bf-46bb-9a36-030a3cfec6f7,2026-08-04T17:24:00,2026-08-05T06:11:55.976532,analytics,billing,medium
73da320e-efcc-4df8-9200-1e317f0a46dc,d91ac712-00f9-474f-a4bc-25b00596aab6,2026-07-03T11:49:00,2026-07-03T23:16:16.155224,payments,configuration,low
8b03dd9a-26a9-4ec6-9d0f-1aedf87e1908,f5a5777f-c221-48f2-9966-dd45c10c5237,2026-07-11T10:46:00,2026-07-11T21:38:03.984374,payments,performance,high
dcda644f-06d7-45de-904a-62de81871e55,59aa7abb-5acf-4ce6-8d79-9cba4b9393a8,2026-08-02T10:12:00,2026-08-02T18:51:31.688033,messaging,billing,high
ebd0a976-dde8-4ed5-9958-bd16a43150b5,42a28562-97d4-45e2-aecf-48349915c349,2026-08-27T03:53:00,2026-08-27T08:17:45.205393,messaging,bug,critical
9b3bd82e-e96b-4620-a556-c1440d0be755,e873396e-2d2e-4b74-8042-248baa49fc98,2026-07-08T04:19:00,2026-07-08T13:57:47.508622,payments,bug,high
3fbca6fb-c470-4a1b-a55f-cd028e498365,212c4b31-eef5-4ea2-8790-e282a7b46421,2026-08-20T07:03:00,2026-08-20T16:36:57.973164,identity,billing,high
95faca33-1186-4877-b22a-0ab35f096021,5013dd3a-0339-469a-83ce-2ab3f67ecd78,2026-08-06T02:16:00,2026-08-06T12:34:16.638000,messaging,billing,low
8ea2132e-b1b2-4d1a-a577-6e549c614e71,87294b45-3910-4263-97c0-ba11ee8aa7c8,2026-08-19T08:06:00,2026-08-19T17:39:34.131225,identity,bug,medium
7e6369e6-3df9-403e-a3b6-710595c9e34c,15346aed-4154-43ff-a0e7-c2c4dffa9b68,2026-07-17T17:00:00,2026-07-18T10:11:36.447910,payments,performance,medium
9702a59b-d049-4151-ab8e-c8f912f31876,6a28dc5e-7b75-4f83-be9a-4e6cdd56948c,2026-07-13T08:30:00,2026-07-13T18:13:13.182461,analytics,billing,medium
e8aa2fc5-e80d-44b8-bd83-3ba353627db2,c2071ec9-dd08-4d0c-b3e0-6b6d13f033c5,2026-07-27T15:31:00,2026-07-27T17:38:25.452609,payments,configuration,critical
4fa54890-2944-442a-9a2b-f018ddf9d4af,4220101d-53f7-4ef6-acac-b8486a1fe926,2026-07-10T19:27:00,2026-07-11T09:24:33.941848,analytics,configuration,medium
d17886a7-f5ba-4e68-855a-229bcae2319b,068e9efc-57aa-44f4-a6a8-2c5262f0ad56,2026-08-22T17:49:00,2026-08-22T21:39:39.454270,messaging,account,critical
4647fbe2-9c49-4f1c-8fe1-3219cd8b9d93,dfdd10f6-1a56-4efd-9023-c35a4e2a5ba4,2026-08-19T04:14:00,2026-08-19T13:55:09.761905,analytics,bug,high
47c6b8af-d0b1-4476-9fc0-2c027aeec0f0,c8767125-da55-4ba0-9c46-58676007e6d0,2026-07-13T19:43:00,2026-07-14T07:28:13.793366,identity,performance,low
67865d9a-eeda-4522-b59e-e70ec14cdb1a,f454451c-a458-45a2-8c3a-859c9ff78394,2026-08-29T12:17:00,2026-08-29T16:27:04.100575,analytics,performance,critical
972bb6ed-d330-49aa-83f9-3543e8ff23ca,30c0a9f7-8685-4498-a749-77a4f2bedff4,2026-07-06T20:42:00,2026-07-07T14:37:21.230090,messaging,configuration,medium
fc932f86-85c3-4d72-8650-47261abdb3fb,8ae7a5c8-afeb-46cf-9939-bbd26fe8e1b2,2026-07-28T11:56:00,2026-07-28T23:43:34.740986,payments,configuration,low
57afc9b2-8d9d-439b-9d6d-f4200c0e4e19,adaf387e-18bb-40c2-926b-3aed043871ba,2026-08-18T20:08:00,2026-08-19T04:04:37.839916,identity,bug,medium
bff49fa4-d6e8-4257-9745-5070ba2ce5e9,833e3802-c6fd-4999-b245-a1229e675797,2026-08-20T21:20:00,2026-08-20T23:50:54.076916,identity,performance,critical
52d5dd9b-0c63-45c5-b6af-8d9c68d77e16,9de180b9-082e-478c-b920-8e10aa40d262,2026-08-10T19:39:00,2026-08-11T04:03:45.007854,identity,billing,medium
f9fba487-62b5-4e86-8c49-f7c7b4b84e47,f582c91a-2184-47ed-b06d-c30f5cc3b445,2026-08-17T08:38:00,2026-08-17T19:38:04.666951,payments,account,medium
a484f4d3-c9d6-430b-9947-ab44a0ff03a5,00234944-42b3-472b-9d24-49545f2f1ec6,2026-07-02T11:28:00,2026-07-02T14:41:15.062595,payments,configuration,critical
a0437163-ac1e-4c4e-9df0-de0a49471378,78e00e98-43c4-4324-96ca-547e731484d4,2026-07-10T19:30:00,2026-07-11T08:38:05.974066,payments,billing,low
0bdb7246-f337-4e08-8ea1-bbb9d8ca2536,ef3eef24-b472-4531-b573-3286402c948d,2026-07-20T23:25:00,2026-07-21T02:19:19.217092,payments,configuration,critical
fe0eefb7-5735-43ab-b35a-2edf763bcb11,62ae62de-f285-4166-a0bc-c13bc4e788ab,2026-07-07T03:56:00,2026-07-07T06:31:44.161100,analytics,performance,critical
834500ef-4f10-4308-b001-bae1255c3a0b,1ffaedd6-9471-4a8b-b6a8-03f5eb6dc6f7,2026-07-01T23:23:00,2026-07-02T14:41:39.127296,messaging,performance,medium
10e7ee19-36f8-454e-9f69-66fe6950b066,4ab65501-d771-46dc-8db1-ce0193279949,2026-08-25T11:50:00,2026-08-26T04:37:01.464183,identity,configuration,medium
15ed1074-cd84-4067-995f-7ca8a82cf2d4,b0b80f80-0d6c-4844-8181-8d797a4da696,2026-07-06T03:47:00,2026-07-06T09:28:05.550053,payments,configuration,high
643c031d-ced3-4b42-8b35-4b47dedf3813,9e27cfac-6109-4754-b8a9-c595d163b297,2026-07-08T02:55:00,2026-07-08T13:26:42.664337,payments,billing,high
3c05ecf0-0596-4c45-8427-114b11907d80,4a9ae0c6-d496-41a8-a1c4-55efd9e40e53,2026-07-16T12:44:00,2026-07-16T21:59:00.859718,payments,bug,medium
78e10117-2f24-49df-bda5-c26ebd522d11,34645a0b-96a2-4c08-be2f-42081777997a,2026-07-12T23:56:00,2026-07-13T07:36:03.436747,analytics,billing,high
2f00aa5e-90e1-4d41-9763-149d81db5427,0be91e60-e15d-4cf4-8e03-683ade92c601,2026-08-22T22:21:00,2026-08-23T02:00:11.152740,analytics,bug,critical
44857e9c-b7d5-455e-bff0-d85e397581fb,ae7668a6-4f36-41b4-8bec-cde83a31fbcf,2026-07-15T20:58:00,2026-07-16T21:49:33.986697,payments,configuration,low
bd612f4e-c1e2-4b63-8c81-bff95c241624,c2abf2c8-1be8-45a3-a588-0abfc053765c,2026-07-06T07:46:00,2026-07-06T17:03:03.950862,messaging,performance,high
e21910b5-f0b2-4016-b380-25dad71b86b5,df269baa-6a3c-4408-a2b3-06674e127a13,2026-08-19T17:46:00,2026-08-19T21:11:35.685626,messaging,bug,critical
a8059c9a-04c2-4496-959b-a7db911106f3,0c856e60-959e-4cca-9ea0-68eb1fcbbce4,2026-08-15T01:45:00,2026-08-15T03:34:03.405154,identity,configuration,critical
c17e942e-5e66-43d5-b048-3818708fdc6a,62db8c38-1445-416f-a1d1-7849c2820429,2026-08-24T16:17:00,2026-08-25T21:00:00.055144,payments,configuration,low
c9fff5b8-1b30-445d-be3f-951ad4ad823d,78688ede-9c85-4a27-86fe-991c3021e536,2026-08-28T05:42:00,2026-08-28T09:13:55.435020,payments,account,critical
1e1c33e6-9983-4d70-bcf9-bb797cc40d7d,53b22575-b77f-4f58-8493-2e303bcd7ac9,2026-08-12T16:53:00,2026-08-13T14:54:41.053068,payments,configuration,low
c45d4528-2ca6-4ba6-a458-9379c5881bd1,c5e476ed-0b1f-49b5-b997-a66ceccab16d,2026-07-29T19:44:00,2026-07-30T02:48:55.988716,analytics,account,high
2209b029-6b5d-4201-a171-a57548f2a96e,2d27a428-eb47-4497-babe-a702298cf368,2026-08-18T14:03:00,2026-08-19T07:24:57.066415,identity,configuration,medium
172dc36d-8aa7-44b2-b8ee-70eff71d7d4b,752734b8-4f11-4908-9491-64fd5a3ad9e9,2026-08-14T04:31:00,2026-08-14T10:18:46.962559,payments,billing,critical
3bf80199-a701-4ad4-9e7b-7ad488ce6b9d,704ff093-f414-430a-adb2-13e53ae8788e,2026-07-07T22:41:00,2026-07-08T05:41:51.969437,payments,bug,medium
9a5d542b-3016-4ea7-b0ba-76f9e6b57832,80397345-0b68-4986-ae28-d495037fa538,2026-07-05T06:59:00,2026-07-05T11:22:52.910823,analytics,account,critical
59576b65-a08d-4dba-8625-28e44110b259,5648464b-c73d-4844-a4f8-f430099bc4f1,2026-07-04T19:40:00,2026-07-04T23:35:19.298103,payments,configuration,critical
90316567-f267-4158-b8ce-e43525a93245,91cbf5a5-db92-4f53-a976-ed8bd00860d6,2026-08-25T21:43:00,2026-08-26T01:46:54.623663,analytics,bug,critical
f2a0ff8f-c918-4f2a-9fdd-5711556fe9b4,f4e1ce56-cd6a-4c42-8aa4-5e972cb33465,2026-08-14T02:54:00,2026-08-14T16:04:45.014883,identity,bug,medium
39f70d03-939c-4f95-ab35-0fdc11557d92,b1bf9a2a-c214-4075-918f-ffcdf4f93a43,2026-08-02T02:05:00,2026-08-02T11:38:20.013904,analytics,account,high
1c1fef77-93d6-4d07-ae65-1b8f3d41bb51,8e61bb7d-cda4-43cd-b64e-f0383a79994c,2026-07-17T05:17:00,2026-07-17T07:05:21.855554,identity,bug,critical
9380de34-a9f1-47f9-b509-df115098a941,51c864e8-9b7e-414e-b362-d4742c91226c,2026-07-16T23:23:00,2026-07-17T03:07:43.133566,payments,performance,critical
6e4f56c8-c526-4371-b82e-a3428ac20545,f8cc211e-f354-4c40-8a85-cff0cd309953,2026-07-23T17:38:00,2026-07-23T19:40:43.309340,payments,account,critical
0cb00ae0-e903-49f1-935c-62ec9acd6e60,ce2aea0a-aa6a-4d34-900f-973f816aba4a,2026-07-02T22:53:00,2026-07-03T06:36:55.572732,identity,configuration,medium
923382eb-f80c-4615-b807-56015e8be690,fb3c5f01-b394-4e5b-a2a2-f43e6b0bba89,2026-08-04T04:41:00,2026-08-04T21:44:55.543197,payments,performance,high
fa5c49d1-27aa-4b42-84fb-03e5e5291fa9,01da35a9-cea6-4812-9861-f52190d90db2,2026-07-24T17:26:00,2026-07-25T08:18:49.637655,messaging,billing,medium
940d9bf0-f02f-4eaa-acb7-23d00258046f,767d1a66-9469-4db9-ab4a-3cb0ceed4345,2026-07-01T03:17:00,2026-07-01T09:38:19.516118,payments,billing,high
36022b2c-066c-4de6-bede-e767f590e111,5e6efc72-fbf3-4cc9-9ed2-e79b3097c0a1,2026-08-10T07:21:00,2026-08-10T10:22:32.605380,analytics,configuration,critical
d506f41c-baaf-4826-80cb-1962db4ce5de,cbba1541-8ff2-4330-a65f-e36a04e2eef8,2026-08-22T19:16:00,2026-08-23T02:59:01.198101,identity,bug,high
0b7d2c2d-b18d-4051-9cda-8579fea32b31,63b81c52-6006-49eb-a812-2e713707eec8,2026-07-16T03:05:00,2026-07-16T06:52:52.316547,analytics,configuration,critical
5410bce1-6833-45d2-b606-3c8c888f432c,63427656-974c-470c-a808-495f5fbaf0a2,2026-08-01T19:11:00,2026-08-02T00:41:56.634905,analytics,account,high
535afb01-0ad2-4952-92fd-a8f982fb35fa,dd91ba00-724f-4213-8730-aceda324d325,2026-08-10T19:05:00,2026-08-11T05:51:01.673135,messaging,configuration,medium
1002cd05-6049-43bb-97d8-8bf1a6c8bd4e,b750a5b5-31d7-428d-ba72-a712a4d61aa9,2026-08-27T18:26:00,2026-08-28T07:35:47.713413,payments,billing,high
944c1fec-c9f0-4dd5-bd66-b2c9d7243330,f342aa81-e786-4a55-b993-dfc86806bd56,2026-07-25T09:28:00,2026-07-25T12:23:20.985245,payments,performance,critical
ad97f226-4b72-4584-9933-2c2abdd450f2,e846a621-eed1-4559-875f-5d2ad7409bfc,2026-07-16T12:27:00,2026-07-16T18:39:37.592646,payments,configuration,medium
8514c094-9ab4-4d8f-adf4-b4f9f7e9a8ac,a70d9845-01f8-4e62-a592-050ddfe746bf,2026-07-08T07:58:00,2026-07-08T19:31:06.040608,messaging,configuration,low
c66294e4-c7d4-49d4-ba09-6fdfebdc7f9d,19bcd26d-2c7e-43c5-9729-c8d0d96efc6b,2026-08-25T00:44:00,2026-08-25T16:10:49.007429,payments,bug,high
186e5737-5c28-4242-a115-9f74921c3ab5,761a6ed5-6c60-4a99-860d-763ae247dd44,2026-07-15T08:25:00,2026-07-15T13:21:10.337692,payments,account,high
6a062d72-bcce-4af0-a04a-87a9ac5b08da,be51e693-1810-465a-85c0-0ca9b74a43c3,2026-07-30T08:41:00,2026-07-30T20:24:45.932747,messaging,billing,low
e1110b77-c9aa-4114-bfad-bfc8b6bc4fdb,cd397d8d-89bb-490c-9b5f-f5fcd620884d,2026-07-29T22:07:00,2026-07-30T00:18:51.986973,identity,account,critical
61c365b5-815f-442b-a879-19e82cce1677,74ad5077-aa77-4718-b108-57bd017c032a,2026-07-23T05:49:00,2026-07-23T07:50:01.493088,messaging,billing,critical
3ef4edd4-c18a-4994-9231-8a608291bd30,7f401326-07b7-4e75-bf38-2464b2c68f50,2026-08-26T15:42:00,2026-08-27T08:27:58.896449,identity,billing,low
42d02ace-9639-4528-9ebb-92bd80c8a1bb,eabf018d-6158-4558-b2b1-44043efa745e,2026-07-07T22:01:00,2026-07-08T18:39:00.702067,identity,configuration,low
a2e5e2b3-0f82-4ca8-9766-58538110a2bb,c8b872b4-8631-4439-874f-054c79393457,2026-08-20T04:10:00,2026-08-20T12:37:25.749397,identity,bug,medium
78727ca0-cbdb-490e-ae33-674b983f2c10,dffbaa08-b1cb-4d75-b305-c44d5cfa4549,2026-07-10T17:40:00,2026-07-11T03:27:05.888485,payments,account,low
1571753c-8792-4169-b423-dc568f336120,1ada1022-d9d7-4e31-ae21-f3cb40d47d5f,2026-08-22T05:41:00,2026-08-24T00:24:59.067636,payments,billing,low
6f897655-e0eb-4a98-9aa7-10a5c800bf16,546726ac-aa92-4e59-8c32-5d84355b80bc,2026-07-08T14:51:00,2026-07-09T16:56:44.241596,payments,billing,low
d18d1a63-51bc-40a6-9adf-d127085898f6,7bc527c1-ed4a-4c57-a16e-7cf94b6f6207,2026-07-16T17:41:00,2026-07-17T01:46:27.219771,analytics,configuration,high
80ac5817-79bd-4711-a331-439a7891cef3,0f72e797-5d58-4138-a8ab-cd0292509a7e,2026-07-11T06:05:00,2026-07-11T22:31:12.344646,identity,account,medium
2d620c82-407d-416b-8ff3-39e73e476d41,b0e3b65c-01f3-41de-9136-316e9b764e60,2026-08-19T11:09:00,2026-08-19T15:37:27.486593,messaging,account,critical
415bced4-5a5e-432a-ab61-bac37e1a7df1,2250480c-0ccd-4237-8288-286101d55036,2026-07-28T02:53:00,2026-07-28T21:26:18.321727,analytics,bug,low
4fa12fc0-41dd-43b1-98fb-df4ed70d865b,9db299c5-6ec5-4d84-aaff-9e0c6cfa113b,2026-07-24T20:39:00,2026-07-25T08:33:38.068250,analytics,performance,high
ec3e1153-3ddd-4217-8e00-deb523836e8b,cfa67d3f-f82f-49b5-8206-10f1a46b7e91,2026-07-13T03:46:00,2026-07-13T05:47:58.742726,analytics,bug,critical
743e81d0-ea6a-49ef-8cfe-dab206d0d156,8a0cbda7-dec6-48c9-abf8-7ffcb8d9b052,2026-08-15T17:40:00,2026-08-15T19:54:01.161118,messaging,performance,critical
6ab61332-ec59-4e57-94dd-44b0541bcf9d,6444bedb-89c6-4007-898c-74ab3f19e96f,2026-07-29T13:14:00,2026-07-29T15:34:43.104954,identity,performance,critical
f5934b68-13fb-4e21-8d53-0bdb36502def,6ec271df-208c-4324-a808-4488b75c8af0,2026-08-06T08:16:00,2026-08-06T11:56:21.581082,identity,bug,critical
93dfa4c4-755d-4985-90c5-c4a2e361680c,a2a914fe-8301-4970-b8b6-4702ca928857,2026-07-20T19:35:00,2026-07-21T15:34:21.372449,identity,billing,low
05952b66-4b96-417e-8f12-80f5a67ecd53,c698d465-1c4c-496e-ac4a-f8cd4f6594e1,2026-08-09T16:42:00,2026-08-10T15:09:47.437836,payments,billing,low
c44f551a-59d9-45f4-9cc4-7f64ac15a95f,f7607b6a-48d1-47eb-abfa-1d7f77f21441,2026-07-02T13:22:00,2026-07-03T03:29:04.072505,identity,bug,low
74c02305-cae8-4590-83ff-b309dc5545b7,76bac321-9da4-4334-b912-0aed49202859,2026-08-25T16:21:00,2026-08-26T07:54:00.188003,identity,account,medium
cba1e83c-ee9b-4019-b98a-39556c39b9d8,699f4091-08fd-405c-853f-b60d18e1ee84,2026-07-11T06:20:00,2026-07-11T16:57:15.084570,identity,performance,low
d1f24a11-3be6-4c9a-81a9-fafe3691d2e4,4e0b4972-d1c6-489a-909d-3086addeebc2,2026-08-25T23:28:00,2026-08-26T02:43:51.777144,messaging,billing,critical
7ebf15b7-39e6-459c-9526-9ad596edcd37,94c067fb-f913-491a-bc45-b5a6c8b3e817,2026-08-24T01:44:00,2026-08-24T22:27:49.361850,identity,account,low
48959abd-1994-4356-8b34-bc3ce3979dc0,d207e13c-5c2a-444f-ae32-ee0718c3dd44,2026-08-16T18:10:00,2026-08-17T12:12:50.003179,payments,bug,low
4c57259e-25b0-4391-a33d-680542f99b88,fab2cac5-dff1-491e-a3a6-9772ac042189,2026-08-09T07:41:00,2026-08-10T05:57:30.030555,messaging,performance,low
ec561262-6e33-4d82-93ec-b12b10131767,5f06bdbe-e9c2-4def-b4fa-9a5af94ef9a0,2026-07-16T07:12:00,2026-07-16T22:27:39.742046,analytics,bug,low
705edd61-cfdb-4605-bfe2-800309e20cf5,273159c6-9b17-4a46-ba39-57365848613f,2026-07-18T21:42:00,2026-07-19T03:14:49.683525,payments,account,high
7a3cb809-104b-4250-8696-f23847d150b3,acedfc54-fafd-4ba6-9809-def55d6381de,2026-08-06T01:08:00,2026-08-07T03:45:30.725550,payments,bug,low
d4f23ea0-fce5-42b1-8e31-e72ed8a1d2a9,cb980507-12de-4131-9df5-912d0bf2d1d7,2026-07-05T05:23:00,2026-07-05T11:20:15.027599,identity,billing,high
f970e269-12da-4d01-8d02-cb13cd5c7cdf,e35456b3-6f8e-47dd-a30d-9487c1faefea,2026-08-18T04:37:00,2026-08-20T03:07:15.439758,payments,account,low
b6864ac2-8a9e-44d3-832a-f29fa187a146,2f974304-8c66-40b5-b06d-8cab9a9c00bd,2026-08-20T08:22:00,2026-08-21T09:25:20.414808,payments,performance,medium
03d0f351-f9c6-4d3e-a1ac-0d94c2a5fdbc,f8de9a26-c4a2-4e87-bdf8-a4ab47284a15,2026-08-21T09:17:00,2026-08-21T11:58:39.561836,analytics,bug,critical
b63ff244-8c09-4788-9b9f-c2eb555ccadf,2fe730c8-bd1e-4868-bb6b-da0e0eb10f9d,2026-08-09T08:08:00,2026-08-09T15:52:28.452762,payments,performance,critical
bbdca685-5fbd-496f-b646-254afdc32daa,d4e55b58-d3a4-4687-9d8b-9b3b1eeff446,2026-07-21T16:11:00,2026-07-22T08:46:03.010506,payments,account,medium
92761789-c038-494c-919a-abe66a45f36c,3f0c6880-ab97-4b57-98e5-0f4131be328e,2026-08-15T15:45:00,2026-08-16T07:31:28.878048,messaging,billing,medium
ddb46bf8-9c77-42bd-8849-0982b9ac06c1,2e1a67fd-a30b-42bb-8456-738b2476537e,2026-08-07T02:13:00,2026-08-07T11:17:47.992454,analytics,account,high
dc219b15-ccae-4e6a-87ad-adda25996b5e,0ecbb1cb-5293-4040-8169-8177f8cef0a9,2026-08-27T10:40:00,2026-08-27T13:31:52.658616,messaging,billing,critical
cca025e7-6137-4796-a2a4-d3fea877ec8c,d8b08f29-1d4a-4dc6-b17e-4be8e7f6f5f3,2026-07-23T13:23:00,2026-07-24T01:06:15.808577,messaging,account,high
d153c785-7b8b-4eaa-94f7-815bfdade304,458b556a-4002-42bd-827c-9cd65c61fd3b,2026-07-10T21:22:00,2026-07-11T05:13:38.269736,analytics,bug,medium
70ceeff8-db6e-4b27-b002-9a146b616eb6,e9e64796-fb81-440a-a725-98f1f8bb369b,2026-08-16T01:01:00,2026-08-17T03:18:05.852818,payments,billing,medium
1e066436-5218-414a-8af7-c151c473e425,4335dd3d-69c1-46b6-b1b1-0abf2f255323,2026-07-14T20:49:00,2026-07-15T07:00:30.952995,analytics,account,medium
3df8e2ba-5393-421c-82e5-a700ed2fd2ec,cfc0d6df-c3ce-4f62-8419-035cc30f1a75,2026-07-18T00:08:00,2026-07-18T18:38:37.402455,messaging,account,low
735a903a-e399-4513-8eeb-af5d938aa43f,6c519a18-7017-4546-9b67-960dbdf4bf6a,2026-07-30T14:46:00,2026-07-30T17:44:44.490000,analytics,performance,critical
8329a015-ccbe-4b8c-9e64-69209c8c3905,5148c7ec-dc74-4e80-925a-ccd6c056d6d7,2026-07-09T15:28:00,2026-07-10T02:04:15.027233,analytics,performance,high
74f7d28e-082a-497d-bcc2-b01c79021748,470f2c5c-7f1e-4317-a842-0385c52ef55e,2026-07-16T04:55:00,2026-07-17T05:19:48.278705,analytics,account,low
ebf934c9-05e6-45a4-9bfb-7aee69f3f7d3,83d6aac9-3a25-49e8-89ef-24a16c56b4e9,2026-07-25T05:57:00,2026-07-25T17:33:18.239732,payments,bug,medium
a5ba9e9f-33a4-4ad1-94c7-ad136b6992c2,23c59cff-d234-4f46-9232-74588dfb7ee9,2026-08-10T11:13:00,2026-08-10T15:28:16.785600,messaging,bug,critical
f4568da0-19ab-4f16-92ac-e028118046c2,ce1d22a1-bbe2-4011-8491-0e36d85cc03b,2026-07-11T01:45:00,2026-07-11T04:59:19.198305,identity,account,critical
ecff4d0c-66fb-4c69-9dc1-72be1c0572f6,4ae2b0a9-8d75-4302-b620-82418b526469,2026-08-18T12:52:00,2026-08-19T01:06:21.071875,payments,account,high
27f5af40-4f33-42c0-9d77-f251689d286b,91264cb0-fe46-4804-859b-79c83f4d5f58,2026-08-15T06:45:00,2026-08-16T08:42:08.267009,payments,bug,medium
a4e1beb7-2d22-46a1-903c-5773dfd846cf,8f203a3e-84a1-4c76-ac27-2d250a50264f,2026-08-04T07:17:00,2026-08-04T11:04:28.169156,identity,performance,critical
c3166b1a-aa6e-4b5c-862d-f01cdc0ad7a0,47ac8741-1d68-48c7-8e69-8b1d5cfbeeee,2026-08-25T16:08:00,2026-08-26T03:37:26.104813,identity,account,low
3252b62f-6d34-4c34-9ebd-eafa95d0f482,72bb071b-c852-4cb0-823c-4bf6e1eefb9e,2026-08-10T19:08:00,2026-08-11T13:21:05.007301,payments,configuration,medium
895d1c76-f112-4b6d-892f-b37ec07ea35e,82ddda62-a5f5-45e8-a7c0-7f1b0f7cf977,2026-07-21T08:16:00,2026-07-22T07:01:06.958723,identity,performance,low
404496fa-b86f-4962-9914-e0e96eed32a0,2bca9476-239d-4d88-b7c8-1eae6bb8ec5b,2026-07-28T02:41:00,2026-07-28T19:41:39.357041,payments,account,low
8e7ba615-082c-47b3-a642-e3081c36f97a,6c0d31a7-2b24-48b9-aa94-a42beca1c3fd,2026-08-27T02:34:00,2026-08-27T05:20:08.954706,messaging,billing,critical
3ff250c5-1f81-4a3c-8b8d-f04e65393e86,995aa259-1b5c-4cd1-98a3-d1a78cc52a4a,2026-07-28T17:13:00,2026-07-28T20:10:11.857120,analytics,performance,critical
93bea89a-a8d2-467b-9652-08cfb975f900,46d5bf7e-8484-4a35-ad85-a4790809a659,2026-08-21T04:39:00,2026-08-21T07:04:15.530090,analytics,account,critical
c055312e-bd14-48b5-88ea-0f1a8d045fd4,c49c2c61-0203-4934-b689-79a36765ec0e,2026-08-15T07:57:00,2026-08-15T17:26:04.817223,identity,account,high
a137a717-1379-4a21-a446-3c99aa9a5c1a,f5a85467-ce38-4a8b-8129-bb5845cde711,2026-08-21T23:19:00,2026-08-22T03:55:07.717542,identity,performance,high
75b48e4d-1a07-44ac-bb69-1db243901571,a4b00b77-ae91-42e2-a3d2-cf05f6ef4050,2026-08-16T08:03:00,2026-08-16T16:52:14.310094,payments,account,high
ec015e66-d4a7-490b-a42c-188a0e104bd9,d88ccfca-2b2a-4c89-832a-8691ed0fb70a,2026-08-12T01:20:00,2026-08-12T06:50:09.117990,payments,configuration,critical
49952cf1-786d-412d-827e-ea81ad225fd7,f4afbb1d-1daf-4825-83a9-6a0572dd6ea7,2026-08-27T08:04:00,2026-08-27T11:45:57.222281,identity,billing,critical
4a188805-a112-41f9-9618-edb574f822f9,c2dd75eb-6086-47f0-a15f-f53b3d1bb5a5,2026-08-18T19:51:00,2026-08-19T06:03:40.485131,analytics,performance,high
73e520f3-29c0-423d-8600-014cc8f79ab3,3a19a6cc-b757-41eb-9c9f-a29c2fa43513,2026-08-18T13:53:00,2026-08-18T20:24:41.868369,analytics,configuration,high
e8d1bc34-dee9-4dcf-981a-799ed085bcea,8287c0c2-6463-40f5-8500-d6f5c34feb7f,2026-08-25T01:29:00,2026-08-25T08:54:46.296159,payments,account,critical
aeb294fe-7a0f-4472-8869-cf8244f98063,b827a71a-1b9f-45ed-9933-c7f2a0733600,2026-07-30T17:36:00,2026-07-31T05:33:08.910555,payments,bug,low
2eac182e-42f9-4387-b470-582ec04bd2d4,38b79e84-e25b-4f36-8774-010c6822e2bb,2026-07-13T16:49:00,2026-07-13T19:31:02.319447,messaging,bug,critical
05a4a28a-c4c8-42ac-bc2b-3cd498a0dfec,b5c47b5c-d7b3-43b7-a81e-5200dfe11594,2026-08-20T07:46:00,2026-08-20T17:00:48.173669,analytics,bug,medium
50bf6f85-d1d7-4806-bce8-41a249fc0dd4,2962afb8-b50f-4764-8b0f-49efb76ffca8,2026-07-23T23:57:00,2026-07-24T22:48:47.174188,identity,account,low
27fd4994-289d-4b5c-b220-faf1c6052da5,915bfe90-acd0-4304-9584-c879e1e0b464,2026-07-01T01:11:00,2026-07-01T09:02:35.067137,payments,bug,high
00f57fc3-eae2-44a2-b8f7-fd82c41f6bb2,0b2a7bf7-385b-4518-bd28-d9f39ecc862b,2026-08-30T16:33:00,2026-08-30T20:39:51.559468,payments,account,critical
96b8f726-9283-4bdb-ba9d-25c480f6f33e,83a1a5be-d4c4-47e8-9077-100f355af0fa,2026-07-10T15:31:00,2026-07-10T21:41:29.375995,identity,performance,medium
38efcff2-f615-44b5-b1c8-1472ee3accd0,2d17f81e-e11a-4ff8-83c2-e0b95dc55ad3,2026-08-10T16:39:00,2026-08-11T01:39:40.945204,identity,bug,low
02648ce3-82ee-47b2-9df7-bedf57d4dac6,c10f58fb-cd21-4f3e-8c49-c21699098342,2026-07-05T04:19:00,2026-07-05T06:07:19.683160,identity,performance,critical
1a20b0da-a659-4cac-874a-b2200e58c9b3,b5065913-cdc4-48b2-8e4a-446085aa80f8,2026-08-24T06:56:00,2026-08-25T08:20:03.198379,identity,billing,low
05a3e51a-16c7-4228-8968-25a5dcd137b2,2ed064d5-3dad-4368-b8de-9606ab717295,2026-08-02T12:49:00,2026-08-03T07:51:35.688144,messaging,configuration,low
6a502ad8-deb5-40eb-993a-cf17cd28c19c,afdde9d8-112b-4a16-a9e6-c15223b29607,2026-08-21T10:59:00,2026-08-22T00:24:14.527733,payments,performance,high
885f4d1d-c685-4341-9515-fa4a44e5a8f3,2df5c75b-9d62-4de9-8d59-d0af817bc42a,2026-08-21T20:03:00,2026-08-22T00:17:30.990573,analytics,account,critical
b2d59928-f441-47ee-85b6-2df14b2fed90,345c4210-d570-422c-b1bc-81c584bd3265,2026-07-02T18:36:00,2026-07-02T20:35:09.551195,analytics,account,critical
14a7d9cf-5323-42ed-a127-be6f98a43a01,420014bf-fb37-47e1-ad50-68ab8441c306,2026-08-28T12:05:00,2026-08-29T08:26:30.315686,analytics,bug,low
42303138-63ca-4704-a64b-24654608c0d9,3673ec21-cb2e-4def-8471-27265579f539,2026-07-19T13:44:00,2026-07-19T23:35:24.832625,messaging,configuration,low
495859ca-ac32-402c-b94b-bcdaf0b26287,221e26eb-0e54-413a-8e62-501cc634b2e3,2026-07-25T16:50:00,2026-07-25T21:53:07.969122,identity,configuration,high
70345909-bccc-4a9e-8a0c-32ac16ec06f0,63bf4da2-34aa-4fef-b4ab-32694a0460da,2026-08-24T04:27:00,2026-08-24T06:46:21.994448,analytics,performance,critical
1cf6ade6-825f-4aac-8b93-c7d1e3c32171,27216da2-8a1b-446f-8508-b0c95d0b365a,2026-08-01T05:10:00,2026-08-01T09:07:19.802217,messaging,account,critical
cb43fd5c-42cb-4713-aa59-80ac826eada7,4ba3a8ae-d7ed-4c26-ba6d-1b142c833f08,2026-08-04T01:30:00,2026-08-05T05:56:30.068580,payments,configuration,low
fa5d2b4e-cacb-46b3-a8a1-895120c32fbb,ea3105bf-5698-4ef6-96c8-a2c082c1ad1f,2026-07-12T11:21:00,2026-07-12T20:14:24.916748,analytics,configuration,high
f143c77a-a1bf-4106-97a1-73918496aeb5,8ad2312b-ed22-49cf-9856-09ae18ffebe0,2026-08-09T16:52:00,2026-08-10T04:19:34.240270,messaging,billing,high
074d7f7e-e296-4f36-9542-331f62afee42,9e3355fe-9592-4857-a7f8-f8354674cbcc,2026-07-17T05:24:00,2026-07-18T01:21:42.449084,payments,billing,low
6510e7ed-6b5a-404b-9d61-da1e2263452e,013783e9-15d6-40ab-afda-ac52c1b30a71,2026-07-31T04:47:00,2026-07-31T12:17:59.812573,payments,billing,high
b7288efe-bfe7-404e-a9e3-78d71047d817,ed1a7152-a321-4e07-a850-b6eb651758a7,2026-07-03T16:13:00,2026-07-04T00:03:35.529092,identity,performance,high
9c704f68-f7db-428e-a2d0-ade4cad7bf97,b55f0550-3115-45de-99ec-6eff2efbd7a6,2026-08-05T09:20:00,2026-08-05T18:48:40.347788,identity,account,high
c4c7c001-f726-443a-8979-5bca5606f2c3,47a55418-b488-458a-835e-52b67f3cebf1,2026-07-30T15:27:00,2026-07-31T04:39:33.794107,identity,account,medium
b9ee1967-db06-4afd-9087-968671a8f0be,36312fdd-fd6c-4ce3-bc69-351b65c0314f,2026-07-30T16:43:00,2026-07-31T05:07:45.110343,payments,bug,medium
575c9600-df05-4ef6-882b-6ab855f97253,f420668f-8549-4437-8871-3d5ab2b9180e,2026-07-29T10:45:00,2026-07-30T13:12:00.305312,analytics,performance,low
682b4412-47b1-4a86-a1a1-3f851bdd3894,ba9892ab-1a9f-467f-8b18-6f815636d1b8,2026-07-27T03:59:00,2026-07-27T11:12:10.302855,identity,configuration,medium
b95c7398-04e1-436b-b4d8-94fd6058c4a1,c0b87157-3af0-4747-9a57-17132655544c,2026-08-24T05:50:00,2026-08-24T16:33:57.494593,analytics,bug,medium
014b79e0-f986-40b0-b62d-44e3d5f43862,99c912e3-27db-4355-88e4-abdf1d2efefb,2026-08-29T22:19:00,2026-08-31T20:37:33.052380,payments,bug,low
19c25bbd-4ccc-4901-9b30-e5e173f75b22,e733f86d-9f75-4343-8b01-2aa10bd442de,2026-08-12T23:45:00,2026-08-13T05:07:16.063640,payments,billing,critical
abd9e0da-cba2-46e5-b775-69f0f485dfd0,bf0911cb-da80-43ab-8a4e-8a69ae5f4fb1,2026-08-08T17:44:00,2026-08-09T07:08:35.373749,identity,account,medium
3122db53-e0b0-43d0-b390-d4eeb437f658,01f695f2-a317-4be5-a636-5e070a320fdc,2026-08-20T13:54:00,2026-08-20T19:16:03.912659,identity,configuration,high
cce555fd-c11b-413e-a635-89d37217324a,c1967a0e-b51c-4ee2-bf0e-7211776607e6,2026-08-23T04:45:00,2026-08-23T09:52:10.361448,identity,billing,high
c151e583-0939-48c7-985f-897e9ed7485b,c12d3c17-3627-44fd-93cf-7a0953d757f8,2026-07-29T10:56:00,2026-07-30T13:31:41.893969,analytics,performance,low
b5dfa1d6-01a4-49a8-adf8-d626dba4cdbf,69b6a565-27a1-4fa0-807a-e664cba11296,2026-07-30T19:51:00,2026-07-31T12:55:31.008553,messaging,configuration,low
0a068c3a-f7ee-4252-8f2e-9bac17832f99,34070d31-bb02-43df-925b-99e672e4badf,2026-07-05T23:34:00,2026-07-06T15:06:20.078139,identity,bug,low
80b72f1d-ff3f-4350-8770-19883799c47c,9c2a3ae1-7eca-40da-88ad-78a9a6597346,2026-08-24T13:09:00,2026-08-24T16:00:44.366584,analytics,configuration,critical
7f6603e6-389f-4974-a7c4-92f96d127754,ce54835c-f20e-432e-9981-a8949a61b657,2026-07-25T12:10:00,2026-07-25T21:16:32.502926,messaging,billing,high
b60b59b0-c793-4784-a44d-07e2b48ea002,87e6e471-d4bb-48b0-8b2b-0a08eedb56be,2026-08-02T11:03:00,2026-08-02T18:28:07.547525,payments,configuration,critical
6b56db00-3988-4b5d-81de-127ccc17eda2,23389f4c-6cb6-46bd-9b43-9fd29982d307,2026-07-27T22:10:00,2026-07-28T13:34:55.181227,analytics,performance,low
e06cd9bd-a52f-4155-885d-d82250228dc4,8750a080-667e-43c9-98db-24a14f87c0db,2026-07-28T07:58:00,2026-07-28T14:16:54.286848,messaging,billing,high
7aee4760-8843-4689-b4c0-cb49337b5fac,5fbdbb41-c96e-4c94-9b3d-a16aa7be05b2,2026-08-24T21:20:00,2026-08-25T07:51:54.117582,payments,bug,high
7420f3a0-0a84-4b2b-8cc5-089ef22ed718,ea89a85b-ffce-4cc0-ad07-e649dcb85568,2026-08-16T11:18:00,2026-08-16T18:47:51.868249,analytics,billing,medium
fa1d3b22-bf01-48db-be6a-20080a197297,ba80dc84-3846-4a27-a522-e91263e115ba,2026-07-20T19:43:00,2026-07-21T17:06:27.078363,messaging,bug,low
91d2da88-ab5f-4ee0-afee-ac5e7bc28cff,c284bd16-167a-49a2-9b7d-afc66c4c2897,2026-07-22T19:30:00,2026-07-23T13:44:01.094520,payments,performance,low
bc1e31eb-38f4-4991-a781-aa521238d74e,5f181043-ffc6-41cd-8669-2a57f6060a6f,2026-08-16T01:26:00,2026-08-17T05:03:30.340301,payments,account,low
f5978515-c067-450f-8038-af6f82bf0185,92572e15-376e-49c6-a6a1-9bc53b72d896,2026-07-16T20:18:00,2026-07-16T22:23:20.031954,messaging,account,critical
54fc855f-2ec5-4fa0-a305-95113e7346be,4e1509c9-52f7-4b0a-b8c1-34c5435ff97c,2026-07-26T23:07:00,2026-07-27T08:35:27.010831,messaging,billing,high
c14deabd-5547-4c0c-8284-4dbbffc70fb6,a7a0d03e-827f-48dc-b89a-75e3f7d61b50,2026-07-29T12:45:00,2026-07-29T16:19:28.302626,payments,bug,critical
5f39beab-a08e-4eff-bbc0-1d4e2aaa4969,eb5fdc01-2287-445c-8344-971285bfc265,2026-08-07T04:35:00,2026-08-07T14:24:53.430067,identity,billing,high
fa95c49f-d6ea-4b6e-bc6a-0447c1ad43ec,9bb33676-a177-4317-a41b-7da5103922b5,2026-08-13T22:19:00,2026-08-14T13:43:44.380969,analytics,bug,low
7246ab8a-de70-4e86-98f7-07da50fa0cbf,81979997-79f8-41d5-9195-8d5429e8cbde,2026-08-13T13:00:00,2026-08-14T08:43:07.442555,payments,configuration,high
28273bda-19bd-47ef-9ab8-b066fb97e1ba,e78e8fc9-16e9-4771-8fe8-eb9506db6fa4,2026-08-15T04:45:00,2026-08-15T08:28:36.912974,analytics,performance,critical
5054e76c-eb6c-4fcc-85c9-f980c1c03aad,188c64cc-f9bf-44ae-96f2-6008c735b189,2026-07-15T19:10:00,2026-07-16T21:55:53.513009,messaging,account,low
535c911d-fd76-46c6-9cfa-8e2fd996126b,1617d1da-49f3-45c6-9cf8-ef784787aa55,2026-07-21T10:23:00,2026-07-21T23:26:06.945335,payments,performance,medium
703ec87e-91cd-4650-9eeb-830631b2dd80,2c3c3ae1-611f-4f92-a514-3ce5b1269f9c,2026-08-22T09:23:00,2026-08-22T11:40:09.525749,identity,performance,critical
08b34beb-2506-4bb1-b64c-40443e23970b,9dbe2034-8e02-4b67-bcd6-8d96da72a8b7,2026-08-01T01:55:00,2026-08-01T23:19:39.193765,analytics,account,low
de4676ea-b94e-40a0-86ab-e7688073347a,c1d578a7-bf45-4fdb-900d-0be6787fa3e9,2026-07-11T05:01:00,2026-07-11T12:51:15.088154,analytics,account,high
16809094-a005-4b0b-bd63-79c8f85e6277,8d687be2-ef75-4f64-afc7-6dc90198f620,2026-08-22T13:26:00,2026-08-23T05:25:30.925690,analytics,account,medium
a1f8e9e7-3828-4b4b-9e9d-a335c3839771,0d74b3af-57c6-404c-8301-3602539395ab,2026-07-31T23:34:00,2026-08-01T18:17:31.607123,payments,bug,low
7d207db9-a433-4a29-b9d8-6d2a1f433cbe,49259cf0-8f61-4283-948f-92edc50b325e,2026-08-07T06:46:00,2026-08-07T20:34:23.807425,identity,configuration,medium
bfb37ba2-5d5e-456f-86b9-6d954ffc80e5,abffb1b6-add9-4e88-94bc-5a72f63d4e60,2026-08-05T11:40:00,2026-08-05T20:37:14.491557,identity,account,high
e3909b72-1d77-470e-adb5-79e1c2542540,a3938936-61d0-471d-99b0-ee8df1d10013,2026-08-30T23:37:00,2026-08-31T07:07:15.564145,messaging,account,high
b92a5e64-b502-4bdf-bc45-7e8e16365b31,210a12ce-e517-444a-80ec-8bdcbaba1373,2026-08-21T01:36:00,2026-08-21T10:40:51.152010,identity,performance,high
82c35215-8620-4556-be9f-174d8a7509c6,6e7e8371-2783-4e06-a4bd-2b188eb707c1,2026-08-21T23:24:00,2026-08-22T16:44:43.347490,identity,account,medium
a5a4dcb5-f5cd-4f7b-aeaf-b3e3726d115c,1abfc37e-d239-466a-bb51-4600a1f4624f,2026-07-11T02:50:00,2026-07-11T09:41:26.946987,analytics,billing,medium
26254c2e-2921-4019-82b2-332efdf9df1b,a7f3999b-143c-4660-8776-ec9b1ae6094e,2026-08-23T03:20:00,2026-08-24T03:05:36.109198,messaging,account,low
9d5c002a-1e29-4623-adc5-7e247068d857,9102f52e-0f0d-41d7-9eb6-93723b08b5e9,2026-07-28T05:41:00,2026-07-28T09:52:46.107811,payments,account,critical
e2e8c65c-7a7a-4e57-b64b-494aa5514ee3,843089f6-d4c9-4421-a488-db6d583d2e8e,2026-08-12T01:31:00,2026-08-12T12:50:38.037565,analytics,configuration,high
c6c5e373-811a-4c4a-bad5-8bacdc2fe14c,2de7193e-5469-4ca3-8b60-7cfcb320917f,2026-07-24T21:51:00,2026-07-25T08:12:30.384992,identity,bug,high
6612a07d-388c-46c0-996f-3e543f28b709,cfc64bdb-a435-49e8-bd41-fe4bb0a0fb1b,2026-07-19T18:15:00,2026-07-20T06:31:36.722816,messaging,performance,medium
288298a3-658f-4bc9-b09d-e0f16f0cef6d,c3fbddf6-0d86-49e9-937c-aaa6d46ba114,2026-08-05T14:37:00,2026-08-06T05:19:48.360363,analytics,bug,medium
90c38e8f-3d6f-4fb0-b616-451a5e72fc1c,76927512-968c-456e-a907-3924e64ab72e,2026-08-28T02:09:00,2026-08-28T12:09:57.182429,analytics,billing,high
9a8a9ef7-3e2f-4e91-86f5-9e6f8f76f62a,ac429b38-7260-4790-b7bb-663ce9f7a684,2026-08-18T19:43:00,2026-08-19T09:02:01.399021,analytics,bug,medium
59dfd28f-90f8-4405-8508-80b62a204241,e66b748e-0975-4fc5-b7a2-64299f89721c,2026-08-14T18:06:00,2026-08-15T02:42:41.406958,analytics,configuration,high
ab51ed58-f7c5-45dc-9b37-862290a44243,c9b43e6d-9e80-4ffd-a1d8-616e063274fc,2026-07-03T01:30:00,2026-07-03T04:24:14.511516,payments,bug,critical
33fb954f-8f0c-479e-9d67-0dc6df97f116,26015624-6ee2-401e-a1a4-b80fafe24886,2026-07-05T06:39:00,2026-07-05T19:22:23.837612,identity,configuration,medium
11830988-0ca2-428b-bd52-f42d6b31933c,06e4ba15-b75d-45b8-8fb4-88acd44e8a79,2026-08-08T16:55:00,2026-08-09T01:34:07.682133,messaging,account,medium
c42957cd-3e8f-453a-b9ec-6cb6e2b6c375,756b29a4-b014-404d-9f4c-6113e03b6d38,2026-08-04T00:17:00,2026-08-04T22:51:54.461998,analytics,configuration,low
d4ea14ed-d8ac-4689-90a0-f981b3328441,eb923951-87d7-462e-b927-57d47ccc8c79,2026-08-12T07:06:00,2026-08-12T14:37:06.378131,analytics,configuration,medium
ec68f95b-1f6a-4171-9b1f-5845e9e600b8,fba8f69b-f299-4acf-a10f-11602d9db05d,2026-08-05T21:56:00,2026-08-06T17:17:43.627834,analytics,bug,low
385dd5f3-b1e8-4d34-acf0-db893426dd62,f4d659f2-f268-4f2f-bd42-46ed4ecfc42e,2026-08-23T04:50:00,2026-08-23T22:20:08.320918,analytics,bug,medium
92013f3e-ce15-45f6-ba46-6d616c113afa,e15b5ad3-a314-42a9-9ec5-256f7e210865,2026-08-18T11:33:00,2026-08-18T15:54:35.346100,payments,account,critical
49481993-fec8-4fd3-a322-7a0735a3e3ac,b657d55c-5922-426e-8927-73ef4338fcae,2026-08-28T19:54:00,2026-08-29T09:16:49.035397,identity,configuration,low
005351a7-72c1-44f0-a59e-6846421b25d1,38516f0a-0dbd-4f7e-993c-2c9740c39c3c,2026-08-08T19:54:00,2026-08-09T17:19:17.472130,analytics,account,low
3b4399b3-2745-4312-baa6-e8832f95c4f3,b46f6a7a-33b5-4335-8421-baeff6704677,2026-07-30T20:43:00,2026-07-31T06:29:08.029058,analytics,account,low
c2c9a78b-d8a1-4125-ad2a-7f77b5129748,6b2c66d3-1107-44d9-808b-5e203d4fbc2e,2026-07-30T19:57:00,2026-07-31T01:38:50.709582,analytics,billing,high
7619ec6f-b9b9-4a32-9ac3-cad88f278e90,5cf1a3bc-6780-40c1-b2a1-0dbdcee4c126,2026-08-11T23:09:00,2026-08-13T20:41:49.813923,payments,performance,low
4d476e49-51d2-4a06-bf85-4b0173dc0074,94be0dbf-6c84-4b80-92f4-6ddf8b29cfe8,2026-08-18T07:50:00,2026-08-18T11:36:21.280782,messaging,billing,critical
96392def-a22a-4aab-b3eb-e0fd73abd496,8845b234-5ade-4912-8759-548e4b5186e6,2026-07-13T17:31:00,2026-07-14T07:47:56.947537,messaging,bug,medium
da9e1d5b-8c72-4587-821c-3f7f4c0b689f,4b33ac26-4fac-4715-84d6-5ad8c9dccc8a,2026-08-16T09:21:00,2026-08-16T17:51:28.186268,messaging,account,medium
a19bc757-a3c9-4ebd-828a-6400893daa2d,85a3ff01-8359-40e0-ab34-b3ab4232835c,2026-07-23T00:38:00,2026-07-23T08:59:23.116934,analytics,bug,high
e58df1bf-17c5-45df-9ab7-edf51fd6840d,27d1d95e-9fd7-4adb-aa8e-fbcc8c876fc3,2026-08-09T03:47:00,2026-08-09T11:23:10.447540,analytics,configuration,high
de1decea-2cfa-4aa5-80a2-8758e073a23d,d3399a0b-01a4-4469-a7ef-3bcbaf292361,2026-07-23T10:04:00,2026-07-23T14:01:40.442657,analytics,configuration,critical
c20d2a52-f20d-4071-8df3-008474110c45,45b162f8-5b2c-4408-8997-fdbe53375a33,2026-07-22T18:59:00,2026-07-23T05:16:05.352935,messaging,account,medium
c2bbadba-bf6b-43de-bd06-01ab92172aea,0f2e29dd-b065-4685-90a9-b40751574c24,2026-07-11T12:43:00,2026-07-11T18:41:07.660802,analytics,performance,high
0e9a98da-47cb-43f9-968a-54b058610fe2,791f6dad-4789-42c1-a6e4-353a640ee2aa,2026-08-25T20:05:00,2026-08-26T07:44:30.389284,analytics,billing,medium
99b9e20f-9ce8-435f-98c1-3d99aa1d56b7,62168f69-737b-4566-a970-4c0503511691,2026-07-17T12:57:00,2026-07-18T01:29:11.138218,messaging,bug,medium
0573a8b5-b0d9-4672-85a6-4eca04219eab,e3db3948-78d1-4bc8-ad8e-44daa7ef0b0a,2026-08-08T09:29:00,2026-08-09T00:39:33.879602,messaging,performance,low
21a52691-1a08-44e2-9142-899b937336bf,5927dc2a-3260-48be-bf4f-2836884620f5,2026-07-23T16:45:00,2026-07-24T08:32:55.672098,identity,billing,low
cc31355f-7903-4671-a11c-3ebe1df8eb91,084fcc6b-86db-47b1-bb1c-cedc8febab55,2026-07-24T04:48:00,2026-07-24T06:31:46.668703,identity,bug,critical
2fb7f8f4-28f4-4096-9034-35b7f34b5018,7563466f-f5c9-4c3e-bbab-c66e60401689,2026-07-10T13:01:00,2026-07-10T23:02:01.723059,messaging,configuration,medium
f51b4a5e-7efc-4544-8854-a7e55ef27daf,cd419664-6f4a-4539-a8d9-27d8577b4563,2026-08-27T18:46:00,2026-08-27T23:06:34.186501,identity,performance,high
e4e8d239-a742-407a-a429-bacfb198bc79,8caf0669-cfdf-443b-b8c7-93314e990a7b,2026-08-03T23:29:00,2026-08-04T13:30:52.845005,analytics,bug,medium
40801629-ae7c-4378-bdc9-bb6796bdd415,61226b8c-d101-4491-8693-c47735670646,2026-08-19T18:38:00,2026-08-19T23:04:25.395508,analytics,billing,critical
415b32da-2c12-446f-b363-3f608657ad3e,d3ffe6c4-08be-413a-a1c8-111f707a5fe6,2026-07-01T18:04:00,2026-07-01T20:49:32.743003,identity,billing,critical
4081470a-3a85-4e1a-8f63-6a3bc23f1587,f76e65de-8575-4f19-b946-45bb5f529dca,2026-08-08T10:21:00,2026-08-09T11:04:50.976423,payments,account,low
b1dfdd7d-2aab-4cb3-b088-199627c5a289,e7962e8c-2295-41bc-b793-ae33c9689ad3,2026-07-24T14:09:00,2026-07-25T08:40:10.681829,identity,performance,low
426c3957-f0fe-45d8-927f-8de351bda3d6,82ef1e95-52d3-41aa-b02f-5b19171c9653,2026-08-22T16:52:00,2026-08-23T11:30:13.760772,payments,account,high
058f972d-46ad-433f-b021-20fc71ef2d0d,22762136-3b47-4640-bb10-2b5d44227450,2026-07-02T23:12:00,2026-07-03T15:43:51.612750,messaging,account,low
c7902777-52f1-48a6-b77c-4f7dc6d5e874,e4051f7f-601a-4b29-ab7c-10582b3671ec,2026-08-06T14:28:00,2026-08-07T09:43:14.473606,identity,account,low
1f2d973d-1202-413a-a25c-3b18d301b34c,7ded48a5-8024-46c4-9030-d58ab3b46f38,2026-07-16T18:12:00,2026-07-16T21:59:44.816267,identity,account,critical
69b16b52-91fd-4101-a781-2e8faa388ba6,6658cde6-36fd-46a4-8f11-d98e4665cbdf,2026-07-30T02:50:00,2026-07-30T18:48:26.032186,identity,bug,medium
ecda4f40-ce75-4af2-8803-282ac9e8b641,83a126be-1674-4f24-bc1d-d13b4d49559f,2026-07-30T21:56:00,2026-07-30T23:48:11.487484,messaging,billing,critical
050887db-074f-42b5-a94c-a5b8727cd77c,2ef8c2e9-cf53-4631-ac2a-4649185b84ba,2026-07-25T04:49:00,2026-07-25T08:44:05.276263,payments,bug,critical
b37b9aeb-f3aa-4b03-b4c1-5bc33a6968aa,a4a18cd1-66a4-4ee6-b3a7-ecddbd162305,2026-08-20T23:13:00,2026-08-21T03:14:02.752198,analytics,bug,critical
3731fbc9-cff9-4b16-93f8-4360c809ef6f,73b00212-b5c8-43d1-b2a8-132e93568480,2026-07-25T15:59:00,2026-07-26T03:33:36.797578,analytics,billing,high
8c113771-75ac-45dc-a8dc-5ed435f7256d,a700e156-6308-4049-800c-2e2e841269b1,2026-08-23T18:17:00,2026-08-23T20:23:59.901421,analytics,account,critical
75162918-4d3f-43f3-ab33-ff77618eb5ec,aea0f6c7-0f07-4fc5-abb9-fae9a0a08a58,2026-08-12T18:29:00,2026-08-13T09:16:15.277609,messaging,configuration,medium
5427fc4b-c4ce-4a21-bde7-2c425ae96765,57e09248-9fc4-44d3-b13a-f77739545ed9,2026-07-20T12:28:00,2026-07-20T15:18:54.676948,messaging,configuration,critical
c91ac9e8-794d-47d6-a223-13c9c43c796b,4d315517-c76b-4e5c-948e-13f424ce6305,2026-07-23T20:28:00,2026-07-24T16:21:26.776846,analytics,billing,low
f486817d-fefc-4fff-bba9-b00c70cb70c0,ec567f62-c27c-4432-94ac-1fbb3c7e1d1d,2026-08-26T16:17:00,2026-08-27T04:26:06.526853,analytics,configuration,medium
4b7f8b31-659a-4bee-9ee8-63ce30a13fb7,304beaca-aae6-4197-abf5-50c53b61dbba,2026-08-27T23:21:00,2026-08-28T11:53:21.887718,messaging,bug,medium
dd07fcd7-5a8f-4697-8c9d-98c73496c689,f5f6cfce-e3dd-4b4b-89a4-d69036971e87,2026-08-06T00:51:00,2026-08-06T19:23:25.260050,payments,configuration,high
16ab3531-e2a5-42ae-b17f-49092ecba702,0977885f-92ec-4de2-827c-5aee82ca26d2,2026-07-04T14:19:00,2026-07-05T06:39:53.798455,identity,bug,medium
da2d61eb-aa4d-457d-af95-1710984c5a69,43d6447d-5250-4f21-8e29-5f3eaeff5d33,2026-07-22T04:13:00,2026-07-23T02:15:05.644158,analytics,account,low
f15bb0c9-cece-4a11-8a3f-08d9b5f5379c,9d2b5208-770c-4a83-baf0-63cff323dfe5,2026-08-02T09:54:00,2026-08-02T15:59:16.345182,messaging,performance,medium
784e07ac-1409-4a8d-bd13-4e9c3eb0dd5b,4c8b09de-1def-4960-b5c5-b1180cc6670b,2026-07-26T10:34:00,2026-07-27T08:17:51.491029,analytics,bug,low
122a4276-e326-469d-a728-d9990184f4bd,79b68a16-1a14-4195-960a-d30fd8e85eb2,2026-08-15T00:47:00,2026-08-15T08:41:53.036608,identity,bug,medium
449ea807-8fd8-4d71-8d93-12189129675c,fb0c3606-8d63-44f6-bbd9-9650f734b808,2026-08-03T18:58:00,2026-08-04T13:05:39.757419,payments,account,low
fed877df-2308-4faa-8d5c-86b2d50de904,9f6a66fe-ec61-4de1-b42f-4a5f3d700869,2026-08-13T22:31:00,2026-08-14T06:14:49.370275,identity,bug,medium
8e842ccc-ee35-4614-816c-7875b7d9f9b7,936fab9f-0f7f-417f-9023-823b03aeb526,2026-07-26T05:13:00,2026-07-26T07:10:11.052247,messaging,bug,critical
55ac7d58-a889-4a88-b6d4-16b52bf45a6e,e113e620-8671-4b12-aa99-1a6ddf303cda,2026-08-05T11:28:00,2026-08-05T13:34:50.609871,identity,account,critical
f8a5a9fb-f73d-4411-81fb-94e2e8242234,647bb0fc-9bc8-4c91-b1e2-a0fb3a377c70,2026-07-17T03:39:00,2026-07-17T07:40:33.404573,identity,bug,critical
922c54d2-60cd-4cf3-bdad-2f1b9ee600fe,02b1b4f8-7e4e-4182-821a-806ac9d6ccae,2026-07-14T02:54:00,2026-07-14T16:40:12.954449,payments,configuration,low
04456875-54d6-4414-b6e3-6d6c748e4d63,305482b5-0df3-4097-af25-8880368fdd6a,2026-08-28T18:31:00,2026-08-28T21:45:17.755444,payments,billing,critical
4e88d76a-3d1d-4bef-a0fa-519b3096c19c,4c9b5586-2c05-402b-a410-6d7201edb410,2026-08-18T13:36:00,2026-08-18T23:15:56.682517,analytics,bug,medium
153f0fe1-3ae6-4fda-96fa-95c118bf4f4c,2b334536-8be5-49ad-848b-9450218cddf0,2026-08-17T20:42:00,2026-08-17T22:50:43.212106,messaging,bug,critical
a8dc99c4-36a8-42b6-9a9a-3d33a413baba,5b04f8d5-fb8d-474d-82be-094afef5e45a,2026-08-13T05:24:00,2026-08-13T08:14:45.428773,analytics,billing,critical
60267312-b05c-44a1-8157-962bc96cfe2c,d5cb28cb-fb94-4b3d-bd5e-aba17fd1077f,2026-08-29T10:03:00,2026-08-30T13:40:37.841727,payments,bug,medium
55bfca4e-596f-4fac-9ed6-88d5fd21af26,d2e48b91-7c10-428b-b3d0-9096f918e3ae,2026-07-03T21:27:00,2026-07-04T01:37:47.235124,identity,billing,critical
6486382a-cbb8-41c5-a4b2-8e406cc95b51,84e13834-0131-4c5b-9b77-7d4c447fd448,2026-08-07T16:37:00,2026-08-08T02:38:51.426545,payments,bug,high
25cc2fce-4eaa-4d8b-aca5-1dd7f51d31a1,4ce7f05e-c878-4f61-8206-98d9f9d81a3b,2026-08-19T11:44:00,2026-08-19T19:27:07.574560,analytics,bug,high
4bd21370-6b55-4978-b467-2a53fe663cbe,59e6510f-d39c-43fb-9cef-221ea30f1d49,2026-08-25T01:27:00,2026-08-25T12:10:26.523967,identity,bug,low
a71bd811-7d01-47fb-80a1-38b20804e1fb,8fe90dd5-6af0-4afb-9a99-319b0856c63b,2026-07-23T03:42:00,2026-07-23T13:10:04.596680,payments,configuration,low
270d4743-31e0-4c94-996c-1f13e8d88c7a,f6825332-b52e-40a7-a15f-dedfad97781c,2026-08-11T23:55:00,2026-08-12T03:05:59.398631,payments,account,critical
4fdc28bf-c307-4c6f-a7b1-906ec0baccb9,b2420561-6c19-47e4-9311-652091534d1d,2026-07-04T03:36:00,2026-07-04T10:43:20.244948,messaging,billing,medium
4ddae5d5-c48f-4e87-a29f-7e1427a349bd,14d4ce39-862f-4c97-b2ca-a780f18c25ca,2026-07-19T14:04:00,2026-07-20T12:26:42.237503,messaging,account,low
c5a9cdba-c1f3-44cc-81dc-c0b655a177aa,30286c38-9aea-40e0-9c24-a2e69ce8e2e4,2026-08-13T00:26:00,2026-08-13T02:21:39.378509,analytics,performance,critical
ac59652a-224a-4b47-81b0-70e7aa3f97e5,d20eda78-747a-49f4-8b4d-92336e43cf95,2026-07-11T22:02:00,2026-07-12T08:59:39.996827,analytics,configuration,high
df97db02-7d1c-489a-afe6-74b5e083f143,6cea2d6c-9568-40a5-a74b-f273d42b04cd,2026-07-26T10:12:00,2026-07-26T12:01:58.360876,messaging,bug,critical
9bedf93c-7c53-48b1-81d3-6098e690472d,de695dd0-743f-4e42-95b5-767e854ec1b7,2026-07-16T05:13:00,2026-07-16T22:24:10.273106,analytics,performance,low
75271729-bc37-4beb-8d2b-9e866771043c,16e9c1bb-2997-46ed-8f4d-d01af49d34e2,2026-07-28T21:19:00,2026-07-30T00:00:54.625068,payments,performance,low
99763337-78bc-46b2-8f47-a7f2a647067a,ddde33c7-9729-4e9b-9319-ae4a31251e93,2026-07-14T04:06:00,2026-07-14T14:57:16.662137,payments,configuration,high
812a3d4d-d8ed-4d8e-becd-11b26689731d,03decd22-e49b-4e02-a36d-9bd417edbcea,2026-07-12T23:48:00,2026-07-13T06:54:50.816353,payments,configuration,medium
e73c3e43-769c-4f5a-94b3-5f6ec7ed13ab,020eadc0-a0b7-4a6e-8bf3-faa44d788410,2026-08-06T03:56:00,2026-08-06T09:22:55.211080,analytics,billing,high
fa7b07d8-bea2-4cb3-9201-776bfb2e7763,180323a4-1519-4f9f-a253-e920aa2a59ea,2026-08-23T11:52:00,2026-08-24T05:19:07.913890,identity,bug,medium
399dddbb-36cf-4771-a74a-a7ee0d02dad5,06d5ab9c-1849-42f3-9fdc-297de9113ffd,2026-08-30T11:13:00,2026-08-30T17:39:26.618201,analytics,account,high
52dd583b-aa90-4db6-90e4-32d903c1fa23,0665aaf3-6500-4c49-be63-f60992ea1611,2026-08-10T14:28:00,2026-08-10T17:49:03.859974,messaging,billing,critical
6a9dbace-9da8-4fb0-b39c-fd18b2e4c50f,bca8e82c-14e7-4ff1-9615-cd079a2b63fa,2026-07-19T22:54:00,2026-07-20T05:25:35.220586,payments,performance,high
deab9e33-39ae-40a1-ad2c-8ccd37862efd,19f15379-2c76-483f-b7f3-fcd0085b48e7,2026-07-21T10:45:00,2026-07-21T12:29:12.150329,payments,performance,critical
56dce930-c742-4760-92c4-49b3e14c92e5,1798fd57-a698-4128-8e91-5762cff79c24,2026-08-12T09:09:00,2026-08-13T11:37:09.134792,identity,account,low
e07d3630-b73a-43ca-bbef-f7cfb59030a4,47290bcf-4f4e-462c-a6ad-6431524dad3a,2026-07-13T04:35:00,2026-07-13T13:15:29.168245,identity,configuration,high
47288f6d-0b87-471c-a73d-12133998e93d,24f195a0-2ad5-4de9-ab7f-26aafa6ae5bd,2026-08-01T22:14:00,2026-08-02T09:35:55.577761,analytics,performance,low
6a46862a-6e31-4532-8046-f9b9f7b56d22,a2b4bf5e-f8b1-4372-9511-ebab86d9d8b9,2026-07-10T16:13:00,2026-07-11T04:17:23.273634,analytics,configuration,low
5e67b636-be27-4e69-a01c-d60be70e48b2,20af0f0d-ec97-4165-9d8b-fe2239064ead,2026-08-09T03:03:00,2026-08-09T05:18:57.231995,messaging,configuration,critical
c2842884-763a-468c-8dea-bb26ada0ac1a,13291876-2848-47fb-8ca7-f6826373a817,2026-08-20T14:36:00,2026-08-20T16:28:50.538469,messaging,account,critical
d95ce810-8823-4426-b410-4f423800a041,c9d8a851-6c60-401f-84a8-a46c1536d01f,2026-08-12T04:46:00,2026-08-12T22:46:12.952748,messaging,bug,low
bdaa8ebf-3622-47a0-90f3-1e79bd49cbd9,05ac3122-c694-4374-820f-fdd7422e67b6,2026-07-25T12:09:00,2026-07-25T16:20:20.705490,identity,performance,high
4e2f2e39-e167-4579-8341-12daac2838e1,4900ad5e-fd82-4e70-b37d-5eb366727544,2026-07-22T00:01:00,2026-07-23T02:35:51.500549,messaging,account,low
cbad4931-c5ed-4be6-a105-a8cc5df8b3c4,570a6b9e-69bb-49a9-8065-96c1f4d51bb1,2026-07-10T23:17:00,2026-07-11T08:14:27.683325,analytics,performance,high
a5b63107-544f-4063-934f-9187c596a692,93e12da2-21d9-4bb6-b9aa-e38762d1dc47,2026-08-21T15:11:00,2026-08-21T19:30:27.076415,payments,bug,critical
094de326-ddf9-46bb-8b39-6d8cc1f5eb40,714ca4dd-a19d-4ae5-9dd9-6dfc4a7a0789,2026-07-05T13:59:00,2026-07-06T00:41:59.246824,messaging,account,medium
c122faa3-7aed-48c2-8b78-7ca4a3186680,a895398d-bc05-4c9c-a9d3-bb9ca1beff98,2026-08-26T22:02:00,2026-08-27T19:20:24.921974,payments,billing,high
79598af1-1fb8-4da2-ab00-f09c1474e906,ad40269e-a11f-49a9-9709-7d5221c7a429,2026-07-26T08:36:00,2026-07-26T10:54:40.525414,identity,account,critical
ca75d395-e098-4a7e-9e2d-67be1cbac2f1,1a7dd0d2-18de-456c-a101-a7b1b2e77d6c,2026-07-04T13:21:00,2026-07-05T02:14:20.440002,payments,bug,medium
dab121e3-98d5-4fd1-9cb7-d0d4e8b0234e,faa94c70-83e5-4ee1-a850-0966f7683b86,2026-08-18T00:57:00,2026-08-18T08:24:12.771604,messaging,configuration,high
3b839808-8a32-49f7-a272-2a1a8cd38793,7f390de4-1a92-4712-b441-0cb5617d5bab,2026-07-14T11:23:00,2026-07-15T14:20:42.045488,analytics,billing,low
ea80c530-d702-4a2b-ad9c-153245cb39d0,e20f1a54-648c-47ed-9f02-c7b3d99518f7,2026-07-19T03:22:00,2026-07-19T18:50:01.319178,messaging,billing,low
07dd06f1-4008-491b-b8d6-c8efdaec342c,cc133d0e-6c98-4184-8530-f9fd6d39ed9e,2026-07-30T22:23:00,2026-07-31T04:24:25.464211,analytics,billing,medium
57067605-a077-4588-af63-c23f742b01af,46df6fac-8fc7-47e6-ba53-3b741c6942fb,2026-07-02T21:02:00,2026-07-02T23:16:45.601671,analytics,account,critical
24f492e8-cc59-4901-8e85-b1f54520e695,ce371e77-2796-4a9e-83ac-53f6b8a5d249,2026-07-27T13:12:00,2026-07-28T02:19:29.727738,messaging,performance,medium
4cb17405-a035-446f-a876-59fbae7430ff,592be277-fe5f-4a06-b492-065770163c7b,2026-08-25T17:20:00,2026-08-26T04:31:01.411675,analytics,bug,low
e0548cc0-81d9-413c-ad53-bfd700df7a8a,0819e77a-883c-40c5-a3eb-30947a7f49f1,2026-07-11T20:12:00,2026-07-12T15:38:00.999866,messaging,bug,low
32301b37-1d88-4e12-81c9-4600a09bbb32,1aa71cff-b357-43ba-8758-c5c435f78267,2026-07-09T09:43:00,2026-07-10T01:33:41.279094,messaging,account,medium
a6cb73a3-58dc-4d3f-8850-de9abab15e83,a806f454-63fd-49c7-851f-8279dc3a0493,2026-07-13T15:21:00,2026-07-13T19:04:35.377231,messaging,billing,critical
5bcf594f-8624-49c1-86fe-d9ead38d0d99,0dcfc099-f364-4ba2-a987-62a968d8633d,2026-08-22T23:20:00,2026-08-23T15:19:15.656920,messaging,account,low
dd2a465b-1253-4b9b-8f5a-3babd05bf72f,d0493c91-a48f-480c-a7e7-7d32cec5bd07,2026-08-19T07:31:00,2026-08-20T09:29:13.618102,identity,configuration,low
bf2a342f-e544-49d8-a915-4e99f874542c,d4df7888-d32f-4221-8399-a9e8b4e11cbc,2026-08-19T20:16:00,2026-08-20T03:22:29.026790,messaging,performance,high
92f7ed68-c623-4236-b289-f13688946b67,674494d1-6d66-47e2-8434-ae4e7bb4481b,2026-07-04T16:45:00,2026-07-05T02:13:27.751369,analytics,bug,high
e4171114-c7f4-4b6f-a128-f2028b405a40,73eb7a44-1060-400b-9e79-a0ba161982bb,2026-07-23T16:02:00,2026-07-24T14:02:51.211337,messaging,bug,low
d8d327ca-f3da-465c-9f7e-9aa9e89f6cd1,0fac59a5-b9f7-4fa4-84f8-aa085c8f7ed3,2026-07-23T05:43:00,2026-07-24T00:08:15.760943,messaging,bug,low
cb936679-dd3b-499d-bca5-1e460c86c147,bf353088-60b8-4c43-aa73-4b5d94ebb8f7,2026-07-08T18:02:00,2026-07-09T03:35:15.922979,identity,bug,high
b7d36e33-3b56-4888-ab37-45e149d91632,886fd86b-5cfd-45df-b53e-680adc6ad486,2026-07-31T00:17:00,2026-07-31T05:29:02.339481,payments,account,high
e1f7d57f-5e97-42f9-b876-446c89b7701d,335bdd30-d3c5-4c96-b1ba-cbf65dc69f5c,2026-07-02T15:41:00,2026-07-03T01:54:53.200511,payments,configuration,low
f090721f-20d1-4095-a5ef-e510a07055ec,a95a1802-52de-40e2-a708-046d010b0f78,2026-07-19T12:27:00,2026-07-19T19:45:10.740769,identity,billing,high
9933efdb-9e14-455e-88b5-8ed45badce0f,3c3e4b85-80ff-4e4e-b6eb-b3ae9f9e6b24,2026-07-03T17:28:00,2026-07-03T21:47:49.256145,messaging,configuration,critical
5276a72c-110c-4422-a74c-c7371f24f7af,c673d968-48e3-4363-be94-504933cbd305,2026-08-25T06:28:00,2026-08-25T17:22:21.029378,identity,configuration,high
a897b932-b517-44b1-94d1-377ff2384bbf,08289d53-a8e1-4699-bec9-b007e792b128,2026-08-09T07:35:00,2026-08-09T18:18:07.786381,messaging,billing,low
eec74aa2-58b4-49b1-bcc7-e4e5ff3846dd,e83b1735-e73c-4595-9cc2-3442bacdab40,2026-08-20T02:39:00,2026-08-21T21:05:51.616694,payments,configuration,low
0537e91c-d7e4-499b-8ed0-93be153de0f6,d13a800d-75d3-4928-93ad-1ae384c60742,2026-08-19T01:37:00,2026-08-19T18:39:52.102162,analytics,account,medium
97bfc360-c85d-4400-81df-d397fb8f12bf,ba0e1458-c01e-4bcf-840d-6c36ff2866de,2026-08-29T09:39:00,2026-08-29T15:34:15.250602,payments,account,critical
ffb177a5-05d7-4ae9-b733-6b8b4b439df2,c3d95cfc-f88f-45a2-8c38-0ad24762243b,2026-07-27T07:17:00,2026-07-27T09:12:19.974860,analytics,billing,critical
731e453b-0ff2-4c52-bb7a-704f2ad0390a,abaa187e-5275-4e8e-88d4-d10e92e1156d,2026-08-18T07:43:00,2026-08-19T01:39:37.866763,identity,account,low
6788957d-f50a-45b4-a436-66f37c7653fe,12a4c7c4-4e24-4a4d-b169-4c8f19dc10b1,2026-07-30T13:27:00,2026-07-31T04:55:33.684662,payments,performance,medium
87e39653-730d-4191-a72b-2ff98283a8ac,3008f145-9c40-4669-8d16-44e69ff9efd6,2026-08-02T15:10:00,2026-08-03T00:40:02.447272,payments,performance,high
cfd3a307-f227-4b98-ada2-eacd85b26011,77232268-0e22-4939-88fd-5467e59d0800,2026-07-21T05:33:00,2026-07-21T14:42:05.698088,identity,performance,low
453a34d6-a1ed-4d25-975b-6c30db7c5703,d7094b1d-a393-49bb-9c25-a2907d5902c3,2026-07-08T22:28:00,2026-07-10T01:19:53.375130,payments,account,low
b1776eef-6515-4e4f-93c3-5d3189b8f138,97b3ab7d-ddca-4e76-b9b4-b92b0fe382a4,2026-08-20T23:22:00,2026-08-21T08:06:36.360080,payments,account,high
94290b6f-42d1-4017-a7f2-60e448739b83,24ebc787-0e21-40b7-aa0c-6e119145b03d,2026-07-11T13:49:00,2026-07-12T05:15:08.236960,messaging,bug,medium
70348be8-3f35-402d-821c-68be6c7bcc56,138ab936-2830-4f3a-904e-a4fa7f6e1d7a,2026-07-30T19:08:00,2026-07-31T09:17:48.832265,identity,account,low
1bdde199-a455-4ba5-bfaa-2c0166d2ae8d,616e16b7-11d6-4bcd-a316-e35323ae6626,2026-08-06T04:31:00,2026-08-06T21:52:49.207646,analytics,bug,low
47bccf5a-0121-4008-9496-fc330a8cde03,df366a9f-d31e-4e3e-85a9-cc5e69d4f8a8,2026-07-16T17:41:00,2026-07-17T01:05:42.351653,payments,bug,high
2a83d8aa-4433-4e13-9d8b-d1c372eb55f2,c9cfc518-6a40-4fe8-b014-999ae5b73c9f,2026-07-03T03:24:00,2026-07-03T16:08:19.288329,analytics,bug,medium
96e63545-57af-40e3-8e20-e9482d3dece9,663c65e6-3f22-4616-9751-827070802a14,2026-08-17T13:08:00,2026-08-18T06:17:35.426888,payments,performance,low
3d6ca8b4-2927-44d7-ab38-0e1796beb0d3,9be3c8fc-c608-4e97-b779-c018826a208b,2026-07-16T23:59:00,2026-07-17T01:41:21.352837,payments,billing,critical
0f5a72e0-3dca-4f3a-b5c9-61d9aa3a5807,ccc1e9ef-57ec-444e-b4e7-97b35880e729,2026-07-09T03:40:00,2026-07-09T15:14:19.312219,payments,bug,high
ff09bf82-b726-47b5-a489-94b14f5c1ba6,a01df3f3-9905-44b9-afdd-6d3340d326a4,2026-08-04T01:35:00,2026-08-04T04:23:20.442962,analytics,performance,critical
5d2eac6e-0306-4212-bce4-9f5b412a0576,9e50b888-6406-4153-9f6f-5937a7dbb3b8,2026-07-30T14:11:00,2026-07-30T21:14:16.867216,payments,configuration,high
68c6fc56-2a69-41a6-9392-dadb6892c50a,c3065494-6535-4818-a3e6-0b45425b1158,2026-07-05T04:29:00,2026-07-05T22:13:29.878291,identity,billing,medium
d5c59e0d-63e2-4922-89df-dd4deece7a7a,5e1c3f39-2931-45fa-ac50-c20b148bcd09,2026-08-08T03:14:00,2026-08-08T10:23:22.226753,payments,configuration,critical
ba37888b-86a2-44c0-99d8-72454ef6db77,ef3fdf32-a4d4-4318-aeb4-90673cd4abfb,2026-07-03T06:56:00,2026-07-03T21:55:31.679849,analytics,account,low
e01d94ac-1591-4fa1-be5c-9d5a6e6c0dd6,fe8ba10e-3ab8-4cf8-82bf-2e8b9accb65c,2026-07-01T14:57:00,2026-07-02T08:31:06.479473,identity,performance,medium
69ac467b-1120-4803-93eb-b4ffddc91a00,c162f7a4-fcf0-4d62-8c7b-e0c6027cb16b,2026-07-29T03:17:00,2026-07-29T09:09:44.499239,messaging,billing,high
0fb90272-d685-4a01-8c3f-4b94533c2fca,8384653c-7e69-4fb1-b44b-a7b86572e23b,2026-08-20T19:41:00,2026-08-21T00:10:51.069645,messaging,bug,critical
39bb5ae6-e3db-476c-84c4-66cc89fac460,c6a7ef9c-c6ce-4e8c-936b-95fbd23960e2,2026-08-18T16:11:00,2026-08-19T10:16:55.741550,payments,billing,high
99719437-cded-4b38-9daf-2dec1eb746fe,86816c24-6319-4875-b9a5-df667a3dd6e8,2026-07-12T11:43:00,2026-07-12T14:34:33.082531,messaging,billing,critical
628c7edc-f6ec-4a45-a2f3-d1d7247cd3bb,21f02e2e-89c7-4768-8637-c20363a39b4b,2026-07-01T08:17:00,2026-07-01T12:35:17.431962,messaging,performance,critical
a7338c25-3d04-4ded-a5ad-40f9b9931d80,7ea19545-a436-40df-905a-f0db024b3cb7,2026-08-06T10:13:00,2026-08-07T07:34:48.013631,payments,billing,high
416e2291-4e1d-4fbc-bc85-94b685a937d5,420dff63-4ec7-4024-9478-ebe04e5b0f73,2026-08-26T13:28:00,2026-08-26T16:29:54.876613,messaging,performance,critical
d810b397-a905-4228-8cb2-538f1f55e36a,55bd2199-d314-40fc-8101-5071bf2a674e,2026-07-25T12:52:00,2026-07-25T16:51:22.588770,identity,performance,critical
7a797da4-e893-4549-91d0-d3a9b596edc9,7fe1545e-ab1a-4e28-a2ae-63711305a89c,2026-08-30T07:00:00,2026-08-31T19:54:26.017275,payments,account,low
2c742346-cf87-4cf6-8cc2-525923fa521a,61ef59b8-414f-446a-b3f2-354237dc7d1b,2026-08-02T21:56:00,2026-08-03T02:21:29.646040,analytics,bug,critical
7c2018e9-1805-497d-ad17-9ca89cddee90,9fed2c73-8eb7-48ca-9fc1-b9185104b463,2026-07-10T21:47:00,2026-07-11T02:15:48.954584,identity,account,critical
8f741210-be75-462d-9ee0-07d1bfc753c4,a6831078-e7a9-4cc0-a218-ceef6e0bc224,2026-07-14T06:00:00,2026-07-14T16:54:45.919176,payments,billing,high
d873755c-53f6-4be4-b8f2-2635cb4f9467,1647228d-cf87-428d-a23c-0b28028782c8,2026-07-20T01:36:00,2026-07-20T11:24:30.476250,identity,bug,high
b24f88d4-b1bd-4860-a454-305186153919,62029af3-4a08-4813-9dbd-30520848f1ac,2026-08-04T10:38:00,2026-08-04T23:18:35.839278,payments,bug,medium
21fec5c2-19b1-463d-92da-5fb90272ccab,6d3ed89a-abe2-4a7f-a724-f8f7cd435b35,2026-08-27T23:58:00,2026-08-28T05:16:32.456136,messaging,configuration,high
2c297f2a-aa26-4518-8863-66b93625b359,b290e71f-3d86-4e97-b57c-e8cd78c04f74,2026-07-24T08:56:00,2026-07-24T12:24:47.187951,payments,bug,critical
b80445e0-c7c2-4c57-b3ba-424c4e0b0ca7,0b064ff5-c2e8-40ea-b88b-a644c94e9f26,2026-07-26T03:49:00,2026-07-26T14:38:09.682601,identity,bug,low
4589091d-612a-40ab-b632-369f31949b18,ca46f477-53a7-44bf-a543-164436887ed0,2026-08-25T17:56:00,2026-08-26T12:29:41.527790,messaging,billing,low
0160bfe0-538b-4f5a-b045-457f2f9aeee3,f6748cc2-9119-4f82-bbf6-053ab7512b07,2026-08-12T04:44:00,2026-08-12T08:41:39.273576,payments,bug,critical
45f168ef-de04-4db9-b307-53f02ae5dfdd,f847ac01-9b5b-472f-ad65-904eba137396,2026-07-21T12:16:00,2026-07-21T20:16:12.752482,identity,account,high
9ee96c08-53cd-4335-ab4f-2b077554eecf,6b3c620f-4145-4398-8153-0423f6793874,2026-08-15T18:08:00,2026-08-16T09:46:53.827281,payments,bug,high
2a1d52aa-1ebc-411b-9206-f35986bc9612,1be1c52c-10cc-4282-99ff-acc109620536,2026-08-08T05:00:00,2026-08-08T07:16:44.439978,analytics,performance,critical
eb38ea05-18e7-42c9-884a-3d9abc2225d6,6c63ad10-e7c8-41b7-8ec4-c72fab4c7b5b,2026-07-02T15:56:00,2026-07-03T18:48:24.022289,identity,bug,low
ae7a2073-ef35-46b4-a60b-b86d57755ca3,65b63f8e-dbe2-46b4-921f-d8968668dc73,2026-07-17T13:01:00,2026-07-17T19:30:16.860036,analytics,billing,high
30312ae1-9148-4534-8b2f-a40eb5995c26,5e1b3439-392a-49e9-9fc2-256cab7568b3,2026-08-29T18:10:00,2026-08-30T03:07:56.212899,identity,bug,medium
0bc62219-d326-4934-8fbb-31e3a1f57a38,5d0a8aa6-6525-417d-a88f-cd9036660153,2026-07-03T16:01:00,2026-07-04T06:36:49.907175,analytics,performance,low
8bde04b0-e0ac-4965-916a-f547e2745693,66e1283c-7aec-4484-a9c4-b3fe605138e3,2026-08-18T01:11:00,2026-08-18T13:08:36.198452,messaging,bug,medium
51bdc6d1-a53b-4d6d-8995-c7a76f86b2a6,ba28d4c0-814e-4a05-b8ca-b05977b850e4,2026-07-10T03:30:00,2026-07-10T16:08:50.797173,messaging,bug,low
c0cf5e2a-0a95-406b-8dec-4a0615ce7276,a5eff4fe-a11c-4a23-814c-29eab5c7219f,2026-07-06T16:29:00,2026-07-06T19:38:08.194880,payments,bug,critical
a1f67b75-7f72-4c92-83b4-347c1dc2361e,10befdf9-b661-4a9e-8450-a6b93fcd80a1,2026-08-23T21:44:00,2026-08-24T21:16:11.684901,analytics,bug,low
cd801f09-3e58-487d-b177-688cda34c525,2efca532-fc80-48cd-aed4-d1bb8c96921a,2026-07-03T22:51:00,2026-07-04T10:12:06.727267,analytics,billing,high
ec29bbec-9db6-46f4-b212-7adaeec0b01a,9b590aa9-821a-476d-8ba2-41b5e48a8be3,2026-08-13T05:18:00,2026-08-14T03:48:13.766824,analytics,billing,low
6db2eef7-db1d-4319-83cc-a5407ec71479,9c17ebc5-f2f3-4b7d-8bca-bfba96bc6d06,2026-08-15T04:21:00,2026-08-15T08:08:08.817942,analytics,account,critical
31cfff7f-7141-4205-bbf4-4c04af7d906b,25ad7c48-64a8-4515-a695-1a9f54f3d37f,2026-08-20T11:55:00,2026-08-21T12:50:23.771453,messaging,bug,low
e15c003d-f864-4bf8-85b7-b3744a498a34,40688699-3921-4e8c-ba5e-c80139dfa1a2,2026-08-05T07:29:00,2026-08-06T23:04:05.916196,payments,configuration,low
521e653c-dedf-40f8-aabf-e1f7520c1f21,4ce0d846-ffdb-4ef7-bf88-33334a597270,2026-07-24T12:25:00,2026-07-24T23:10:47.548909,analytics,account,high
f26a8193-8b1a-484d-b5d0-916eb8a0cef4,c13bd589-39d6-412a-9362-5b0efcddcfe9,2026-08-27T21:39:00,2026-08-28T08:35:19.268224,messaging,account,high
832575c2-a6b6-4215-a064-c0e0a26c0082,0e49c819-a35a-47cf-8194-bdc1489e83a0,2026-07-01T20:35:00,2026-07-02T14:04:54.430695,analytics,bug,medium
dabb650d-96da-4ba2-b80b-92dc7c20dfce,e34ea2b2-ab82-4bd7-b36e-13fa9ad7575f,2026-08-01T00:19:00,2026-08-02T02:22:11.686003,payments,configuration,medium
a866e868-9667-47d4-a44e-e57aee0aa3f7,c061a6d4-08ac-42bc-8604-8182bd11dbeb,2026-07-03T01:26:00,2026-07-03T04:30:03.931386,messaging,billing,critical
3080ea0e-7f38-46b8-8f76-d4330adfdc0d,ec98c98f-2be1-4893-811b-7d84d44fc87c,2026-07-01T07:33:00,2026-07-01T10:50:46.438453,messaging,billing,critical
abf171d5-9a72-4c1d-bb0d-8d426bca915b,daf61d86-fb36-4945-91b7-d5fd3eda2fcb,2026-07-06T02:51:00,2026-07-07T04:52:07.973010,payments,performance,low
8a805d77-c98c-40da-876c-a61817c8c766,299553f3-f8e7-4040-aa97-55602604dabf,2026-07-10T15:05:00,2026-07-11T14:06:31.980862,messaging,bug,low
b363d79c-173b-4213-89be-fa91b86e268c,f0cdf0bd-8648-4560-bc96-07aead2e829d,2026-08-12T18:41:00,2026-08-13T20:06:11.553227,payments,billing,medium
c15f6ff0-9525-464e-80e3-9df22efc8102,fda4b53a-8e75-4614-b0bd-e2507f05da23,2026-08-23T12:40:00,2026-08-23T15:38:16.428063,messaging,configuration,critical
f671007c-4881-4a1e-83df-ead8cb695b0b,ff885df9-e5ac-4bf8-a9a6-2d7167feb9f3,2026-07-11T23:29:00,2026-07-12T10:11:00.036484,payments,performance,high
5fb1d6f2-45d6-45a9-97de-92396f3ac8f0,de62a9a9-0e3c-430a-9ff7-c3350f6c4392,2026-07-04T16:04:00,2026-07-05T17:15:38.635579,messaging,performance,low
276a0637-569e-40b9-864c-2b2a81adabf5,726f6286-828a-42d2-aa3d-73515d6a9e16,2026-07-01T15:14:00,2026-07-02T12:21:38.119610,payments,configuration,low
95bc4783-41cb-4068-a9d3-9b8ffbd512a6,a743cd9d-9d23-4e11-8a64-cf2762ee5aeb,2026-08-19T23:23:00,2026-08-20T03:29:05.021098,identity,configuration,critical
0e25044d-a9df-4a51-ac33-c64f5bd38017,50e50534-4997-47a3-8d53-d07a5f7a49c5,2026-08-15T13:21:00,2026-08-16T03:09:57.535655,analytics,bug,medium
c13c2e1e-354d-49f5-bad0-b9e230f33451,c8b533a6-6fc0-44c4-af56-4f0d933abffa,2026-08-30T21:44:00,2026-08-31T06:17:34.010413,identity,billing,medium
d1f9290a-5e7a-4071-943d-7e35f69eed85,d34bda85-6ff0-4f60-977c-8324db631897,2026-08-05T23:27:00,2026-08-07T04:18:31.606265,payments,billing,low
7383fe5a-9a51-43ed-af3a-d4dbcc79fec8,4f7bbfd9-0bec-4e1a-af91-6585ac2ed72b,2026-07-04T11:07:00,2026-07-04T14:16:16.049155,messaging,account,critical
746fe93b-5082-4f8d-8a6e-15d908d3c9c3,e515353b-8cc8-4c18-988c-81c7818474d6,2026-08-11T11:54:00,2026-08-11T13:27:35.169494,identity,performance,critical
2fda3516-bb70-4793-9ca1-869314dacb7d,ba7c2feb-ca80-49fe-9cb4-9fbd7ca01475,2026-08-10T06:37:00,2026-08-10T09:58:33.232470,identity,bug,critical
7b393355-d898-4990-9b16-0c12d073987e,558fd8ae-1d54-4e6b-99b9-5d6016f224f6,2026-07-11T18:38:00,2026-07-12T04:12:33.065990,payments,account,high
a70819cf-84ca-4e00-ad5c-6ce0fb52bfbd,a9f9b95f-1b10-4c5f-a2f9-ba2d5cde89f9,2026-07-13T22:17:00,2026-07-14T20:31:39.832204,analytics,configuration,low
423124b4-0d31-4969-baf2-ae394aab7f06,02afd7a1-83ad-4683-9000-597b5e73a603,2026-08-07T00:10:00,2026-08-07T01:53:05.155991,identity,billing,critical
09bda6dc-ac59-47ed-ba90-c1a16c52e087,f9cf795a-c5f5-4d87-8fc8-bd4832c4a1da,2026-08-13T17:19:00,2026-08-14T03:41:03.878840,analytics,billing,medium
74d8e2a7-31fa-4638-87b0-c0ebd1fb2bfb,d0e9fbe8-0466-4e22-9647-f9bb63d75ecd,2026-08-29T01:16:00,2026-08-29T12:03:17.797139,identity,billing,high
9dadc0b2-7cbf-4305-a03b-faa9a6b2e5a4,af00023f-d531-4af7-a5a1-62ffbef80365,2026-07-11T05:46:00,2026-07-11T15:13:45.722783,payments,account,medium
7748a4b7-31af-4cbc-8cbe-e9ca253b19ea,e6281729-8642-4630-970a-0fece787e809,2026-07-27T15:42:00,2026-07-28T00:53:02.184604,analytics,billing,low
5363ad90-53e8-4f36-b0cb-58e7cce242c3,552d03d9-0ac0-4765-9cda-8aacb589b9aa,2026-07-10T18:02:00,2026-07-11T17:41:10.273211,messaging,account,low
72ee2c88-c6ee-4b94-ab9b-08d21968d813,c7b085b3-a23e-4ea5-a951-e5afb7bb8290,2026-07-29T19:10:00,2026-07-30T02:22:40.348868,payments,bug,medium
4c76d37f-04dc-419a-bece-8016f7181676,1c763978-92bb-4243-b300-8616e5ba6310,2026-07-07T11:41:00,2026-07-07T21:47:33.139273,messaging,performance,high
8a64959f-5a08-45ef-8b7a-c07856a8bf5b,2c0c5f13-1671-435f-acd4-24cacd617bb6,2026-08-20T01:36:00,2026-08-20T05:14:19.483467,messaging,configuration,critical
88085916-d042-4d68-b3a7-77d1f7c86fe3,9eb2ace4-b377-4248-96b5-b2490bb5de40,2026-07-23T07:21:00,2026-07-23T13:12:40.969286,payments,account,high
fb8c8cc1-62f3-4689-b4a0-8b572d288345,dae5e968-eeed-40de-a71b-8b794c6fe027,2026-08-20T01:23:00,2026-08-20T16:14:55.185901,analytics,bug,low
0dc7a732-0f18-4be3-8278-b7e1e78b9af1,3aca1509-aeb7-42a4-9cb6-4c722c136ce8,2026-07-11T18:50:00,2026-07-11T21:06:43.428107,identity,performance,critical
b88b7753-c141-435b-8951-9f4dcb61aad1,3c776366-669f-47a5-b10a-450a4432ad86,2026-07-15T03:37:00,2026-07-15T07:40:59.645475,messaging,account,critical
f9b54e13-da97-4f5f-a7ae-740bf6a6777a,286d095d-8e3c-4f61-afdc-4a98083c1c84,2026-07-12T03:07:00,2026-07-12T15:44:18.171674,identity,performance,medium
ab47b2a1-ee8c-45d2-ad20-9cbee077bc8e,cbab96e3-60c0-4bf0-b0ed-b5af5cd4aeba,2026-07-30T05:07:00,2026-07-31T06:25:17.967895,analytics,billing,low
2065bcb7-3ec7-45f0-b176-278fd4bb85b8,a7769e0b-fc0c-44e7-af3d-8642d1285411,2026-08-14T20:16:00,2026-08-15T05:04:37.881501,identity,bug,medium
ce02ca79-c6be-4704-94bc-150d5560ce64,1810d0b0-a85e-4dac-a86e-e16538111afb,2026-08-03T20:53:00,2026-08-04T12:01:40.527144,messaging,account,low
6383280f-843f-4f86-8175-0ff62fe9c09a,b2206680-08c0-4977-91e9-e0116dd708c6,2026-07-24T15:05:00,2026-07-25T13:48:25.284550,payments,performance,low
49501fc6-0794-4c1e-bfcc-f0c4cfadfded,8e206a28-43f1-4ce4-bb73-fb913a60192e,2026-08-24T11:34:00,2026-08-25T02:22:44.006204,messaging,billing,medium
2fc9030a-4958-481f-8c00-24aacc210eda,f17bf154-1f39-463f-8e78-ac7194d78829,2026-07-02T17:12:00,2026-07-03T00:40:51.792446,payments,configuration,high
eed369c5-1e4f-40f1-8d62-6bb864649a5c,9b8f2d94-1831-4ff6-a717-faf533df82ee,2026-08-03T15:51:00,2026-08-03T18:45:20.489240,identity,performance,critical
921b5ba8-7499-4826-a7ad-b0b5203f957e,51ca1cb8-904d-4ef0-934b-93d89be16d68,2026-07-04T08:07:00,2026-07-04T09:55:18.852702,identity,bug,critical
62862114-b1ce-4657-b459-ee3cbd0b4a7d,f9102e46-e3ec-4c43-ac49-fa263ed4fb2f,2026-08-11T22:23:00,2026-08-12T01:44:41.459193,payments,bug,critical
b2e90c49-d97b-4296-8aff-b7e10388a67e,62d26e06-be96-44f7-b2e9-2bf4e4f4441c,2026-08-04T23:27:00,2026-08-05T11:13:25.871779,identity,performance,medium
3fde05d9-bac5-487f-a1a5-810f5a6b4637,26b1a1ff-52c9-4535-aaa6-8de4510c9d5d,2026-07-06T13:41:00,2026-07-06T16:08:14.941844,payments,bug,critical
2f791340-3fd6-41f3-86f4-2ac2cec44f50,799c0c7c-6fb0-4c75-801d-ef222dc9ff26,2026-07-21T18:39:00,2026-07-21T21:02:22.273986,analytics,billing,critical
05eb84c5-733e-4842-8bbe-ad25b24b3681,14e6e926-3e4d-4b12-8b45-43f884b36286,2026-07-07T15:14:00,2026-07-08T00:52:43.521379,identity,account,high
f335424c-4eaf-4ebf-8977-3ebab8893532,99b9e34f-fce5-496a-911a-c530d6599d3b,2026-07-17T11:32:00,2026-07-18T00:17:05.291518,messaging,bug,medium
177f386b-a58c-43f5-84ed-c4160ae3d22b,34dcd769-9e53-491b-9d86-a1031a782dea,2026-07-31T05:59:00,2026-07-31T10:25:37.663873,identity,performance,critical
bf10ae65-ef57-464c-a99a-e0a07abe96c3,79fe0405-ca61-4627-b23d-02c196813573,2026-08-11T00:56:00,2026-08-11T22:29:26.123146,payments,account,high
f5d3ef74-9888-4ab7-9920-90bab7996e1f,2e15be92-5d3f-449d-b58e-1a1b1fbd3c00,2026-08-10T20:11:00,2026-08-11T01:16:19.874241,messaging,performance,high
e907334f-7576-422d-956b-d71ac1eb13d3,78f64c4c-4e40-4427-9b62-a1c33cb39d7e,2026-08-10T12:48:00,2026-08-11T00:32:19.743244,messaging,billing,medium
aad2d09b-764c-42c3-a41a-59045d27371a,19377825-c3a4-4076-9369-2c0dddae29af,2026-07-07T03:40:00,2026-07-07T18:23:10.378616,payments,configuration,medium
2e7996dc-7c22-45c4-957e-c4f80780288d,10745c24-1c45-4442-abb6-e4f201a4a899,2026-08-06T11:45:00,2026-08-06T22:02:51.411911,messaging,performance,medium
8e49f0d8-a33e-4477-b55c-55dd64a56956,85225c6b-c13b-4c08-8626-d2e0cd6e786b,2026-07-12T09:53:00,2026-07-12T13:32:57.984056,payments,account,critical
c89afcf8-35f2-4b8a-983f-045b1326584d,c8a82043-b219-43f6-8bc9-22baa22f5797,2026-08-13T06:03:00,2026-08-14T05:24:07.055549,analytics,performance,low
0b57e29f-4907-49da-b0ea-d500182bee82,47663201-1c4b-4681-bd8d-0557c669e900,2026-08-17T01:25:00,2026-08-17T09:31:58.963963,messaging,account,medium
72c0593b-8b3f-4286-997a-600716f51569,b3833f41-fe90-4898-9ab9-ba4bc4ecbe98,2026-07-31T10:57:00,2026-07-31T14:59:53.561314,identity,billing,high
01c5ba98-e3ad-4a1f-8945-6a0cf851b2b9,7e9dc2dd-1350-4092-bb05-74b8e277cee9,2026-07-03T07:29:00,2026-07-03T20:24:57.093814,payments,performance,medium
ea8c1ee3-1a70-4f65-ab22-ee72ef941495,064b90af-4e00-41fc-a491-1b6e108e2aa2,2026-07-08T15:04:00,2026-07-08T17:51:13.894475,identity,account,critical
c7f5a1b4-6188-4970-bed3-ca02bc6e0bbd,402ea331-834e-4ee7-9c6a-1aaa48689847,2026-07-24T10:14:00,2026-07-25T00:24:54.255256,analytics,configuration,medium
1d5f01b4-b16b-49c9-96d7-b084720d3d66,b465da31-6463-45ba-8848-7c6c716a112f,2026-07-30T06:41:00,2026-07-31T04:56:41.100844,messaging,performance,low
5cc64eba-b60a-471c-9a13-044559077599,c1d0a655-663e-4746-9e99-ac30d68e6ab0,2026-08-15T12:41:00,2026-08-15T19:26:14.742977,messaging,performance,high
9c5cd5c3-93f8-4dff-8b2c-486dbda3f7bd,e6c492cf-9b3e-43f3-983a-cf5c45865a1a,2026-07-15T10:52:00,2026-07-16T00:12:32.355924,messaging,bug,low
428b62e6-048f-47f6-ba5e-54b2428a887b,a2553bea-b8f5-4f7b-9edc-8994f22b141f,2026-08-17T23:10:00,2026-08-18T10:53:20.216957,identity,billing,medium
ef9bb93f-68e2-44a8-9e14-4a5f94e5fc28,1e8a15bb-82c1-4ddf-bfad-cb42492aa302,2026-08-06T15:08:00,2026-08-07T05:49:37.202653,payments,performance,medium
cca914ad-2ba5-4834-b562-426acfbc4ac0,da1bd58b-e058-4154-bef9-3faa070692a3,2026-07-17T00:37:00,2026-07-17T02:25:35.504399,payments,billing,critical
8e728010-cf01-461d-be79-d5942f403c65,32a71e95-e703-4953-8e36-18345e0be601,2026-07-07T19:51:00,2026-07-07T22:37:40.004790,messaging,configuration,critical
cfa186d1-5b39-488a-b04f-ce9e792851f9,10c31709-751b-4b36-9a1a-c7685a04eb8b,2026-07-11T23:39:00,2026-07-12T01:38:35.322099,messaging,bug,critical
c267f988-95c7-4970-8c9b-b146001656ce,d7130835-e9e2-41ca-b8cd-76912d1eadd7,2026-07-27T19:24:00,2026-07-28T00:18:43.777275,payments,account,high
9ff0ef0d-ca76-4a17-83b6-739dc74cae0c,ae5369ac-9390-424d-88e6-d8718a18358a,2026-07-25T09:54:00,2026-07-25T16:17:18.899795,messaging,account,medium
8d765eca-514b-48d6-bad4-53526e056297,515f63e9-0c83-4754-8edd-8c7a1587e663,2026-07-16T23:52:00,2026-07-17T12:35:55.006227,analytics,performance,low
ee20bb37-3d83-4797-a1fe-fc5014d86adc,a772f5c0-68c6-4533-ad59-f28cf846ac10,2026-07-17T07:24:00,2026-07-17T22:21:45.101971,payments,bug,medium
12a06269-cf14-4610-8616-1a72e4ea590a,a827caec-1d6d-43eb-9b7d-e44b78a80f73,2026-08-21T18:12:00,2026-08-21T23:40:30.280039,analytics,bug,high
da042001-020d-44a3-9617-b331b7cdaeb8,8d4aac38-b0e8-4c4d-821a-295ac25ad368,2026-08-06T04:23:00,2026-08-06T14:28:23.641444,identity,performance,low
c7bb99d2-f26f-4e4c-9881-c044cf26ae2e,622de123-ec85-4558-943f-b7fe18b71277,2026-08-19T17:33:00,2026-08-19T20:26:37.173662,analytics,bug,critical
71883b45-a889-4d76-bb55-a9bc2a7be2dd,512e30ab-a2de-4020-9bc7-6425ee5d55c6,2026-07-02T18:13:00,2026-07-02T22:29:17.589751,payments,bug,critical
d54a81cf-636f-4015-83c4-bfebd76989e9,8395d5d9-96e3-466c-9d18-bf4ae6d22526,2026-08-10T13:32:00,2026-08-11T15:28:40.276993,analytics,configuration,low
30f1f436-e324-4d3f-ac50-3da9972779e7,34b3a660-4e57-44b6-9193-80b4bf13be81,2026-07-27T12:08:00,2026-07-27T23:05:33.213269,payments,billing,medium
ed807d3c-f039-46f3-b08f-9e62751889dc,83e4d69a-016c-4c55-9862-bae52c714b90,2026-08-11T18:20:00,2026-08-12T06:57:29.948510,payments,configuration,high
e74cf05a-6f44-4718-b5a8-6616522f9511,ba64e920-3763-4ba9-89c1-1e6e01da296a,2026-07-21T09:03:00,2026-07-21T21:48:30.301112,analytics,performance,medium
3574feda-ab18-4604-bc73-254e4333b130,73e3d2df-8e7c-436d-946c-32af0fcff290,2026-08-10T09:03:00,2026-08-11T03:46:07.544310,messaging,billing,low
ea4c6007-a254-4318-abdf-44d472e852d1,8c15838a-8ab8-400f-98d3-bf55dc156699,2026-08-21T05:30:00,2026-08-21T11:34:51.155304,analytics,performance,high
69b64db2-8b57-4b91-bd39-80776cc43f9a,82a15d1e-a220-438d-8ffb-cd6f448820c4,2026-07-15T05:23:00,2026-07-15T10:15:11.300432,identity,account,high
a749ad4b-800e-4ede-ab5f-b84a0f989ace,78a3634b-4495-49fa-b294-3c6374a32fed,2026-08-24T22:38:00,2026-08-25T12:10:52.670713,payments,account,medium
de3ce6ea-65f1-47ab-84cb-f1c552db69e7,17c1fd57-f4a8-4f73-a8f7-b15d7f4cd0e4,2026-07-15T09:09:00,2026-07-15T21:01:52.232887,messaging,billing,low
cef49a5b-b021-4427-b543-4761805e024a,9ad8798f-3d07-434b-8a22-a5410035af72,2026-08-22T02:50:00,2026-08-22T13:00:36.264498,analytics,performance,medium
bca7d998-ccb5-41b6-b8d2-63ce7ff72ae9,1723f4b8-5675-4191-b8f8-c6c1236950a0,2026-07-05T08:19:00,2026-07-05T09:59:42.596565,identity,account,critical
3fea1e89-e3c2-46ce-91f3-4fe347d03717,96929f79-f9c7-4a18-9eb6-79c8cd6fcf26,2026-08-09T04:19:00,2026-08-09T07:45:15.521877,messaging,performance,critical
813a5686-ff60-47ce-82fa-7c09663dd921,8855d211-f896-45f2-8697-6a0cf08ea6a6,2026-07-16T14:57:00,2026-07-16T21:47:49.854250,messaging,billing,high
56de8b66-d421-4d63-aeca-704b58b54a9f,91eb0103-be72-4690-948d-78917b29eaf9,2026-07-19T16:43:00,2026-07-19T20:54:13.773791,messaging,configuration,high
81eb6e8a-f56f-4349-836a-d5e493b58cc3,643726d4-f696-4779-ae40-3349dc88cd42,2026-07-01T01:14:00,2026-07-01T17:46:11.491098,messaging,configuration,low
8a5d663d-ddc8-4409-b07f-245b124156c6,400e992e-067d-4e81-bc13-55b6f39d6537,2026-08-15T01:41:00,2026-08-15T13:44:13.071113,identity,performance,low
bea9a03b-59a5-4f3f-ab90-3ed977fdf3c7,09c6aa3c-d596-4d0a-806b-4b5bbdc2fae8,2026-08-19T15:58:00,2026-08-20T05:06:24.944316,analytics,bug,medium
28cae89d-7291-41a4-972d-9b4f8d9ab28b,fba90e44-e5b6-49f2-9ac4-f6a7ee1005d7,2026-07-16T02:25:00,2026-07-16T12:37:46.929780,payments,bug,high
ff744131-ab02-4d39-a23f-f5612cfa855e,6d3f3349-4e08-4e1e-bc18-3ca9591d6f22,2026-07-28T05:48:00,2026-07-28T19:49:51.135203,payments,account,low
b11dc248-7218-4ddc-868e-3459c9eda9df,909ea32f-9e59-405e-997e-24849e6e9811,2026-08-19T08:29:00,2026-08-19T16:33:48.837722,analytics,account,medium
26d2a8e5-09ec-406d-85a4-901b12d19f1e,7a622fd6-d88d-42ef-876a-4c80096c1b8f,2026-07-15T06:42:00,2026-07-15T15:10:31.726733,identity,billing,medium
c8ba19da-3705-4b43-9286-c49a62cbc433,1d214cf1-297a-478d-b3d9-666372d53687,2026-07-01T14:19:00,2026-07-01T18:51:16.386904,payments,billing,high
442616db-0442-43d4-97e8-139ad0529a35,86116088-9952-43e3-a454-9c362b9778cc,2026-07-15T00:20:00,2026-07-15T11:09:41.001944,identity,configuration,high
46f8f541-e69e-4348-8026-d7ce1d34516f,d1725da1-4a9e-4984-9aff-20d647c5f566,2026-07-06T09:42:00,2026-07-07T03:34:18.217057,analytics,account,medium
4c5d39e1-beb8-4592-9b67-bc9f2cb0e9f7,10f0875b-ad6c-4f78-a509-160a2fab6c5d,2026-07-26T19:42:00,2026-07-27T11:57:49.659621,identity,bug,medium
1b9f8bba-a033-4ac6-8fec-1e520f775063,95e9d9bb-6bd3-46d1-a097-e1f531e5a7c3,2026-08-22T20:59:00,2026-08-23T12:02:38.290114,identity,billing,medium
c2942cab-5d56-46d2-9884-fc0032700dde,ef0a69a3-1332-45d6-9d18-0fe2b905d272,2026-07-23T08:31:00,2026-07-23T19:18:54.294286,payments,billing,high
c67bbef2-cdc8-4b75-ab67-d04e88172a60,221d2b64-896c-4795-bbef-0ead61340b20,2026-08-05T20:57:00,2026-08-06T00:21:51.186876,payments,account,critical
06afd77d-99f5-49bb-8c45-99868a1a9b34,28f098e8-7194-420b-9b44-82de20522204,2026-08-18T21:58:00,2026-08-19T05:26:09.790218,analytics,configuration,medium
2a35d168-0282-4ab1-a66b-338e70390d21,3d581451-6ef9-4da7-ad5b-12ee5b08ca98,2026-07-25T12:39:00,2026-07-26T05:12:23.205200,identity,bug,medium
be1550b0-dba5-4f8e-8c51-5da6ab8a4eae,245df357-fe41-4850-902c-eb02b890d807,2026-07-06T05:40:00,2026-07-06T08:06:21.014766,messaging,configuration,critical
36bf2776-dd11-46f7-923a-2e87f39d4e87,f52f9f3a-c0af-4ba8-a5e2-e2493427dc94,2026-08-25T16:20:00,2026-08-26T13:09:17.872453,payments,bug,low
a0227ea8-6986-44d1-8efb-35bc6ce11d0e,cd676cc4-2cf2-42f9-b8f1-1882c86f4f24,2026-08-15T04:25:00,2026-08-15T22:04:36.713194,messaging,billing,low
d15937c8-8f37-46b4-af88-2f63688198c4,0d2ba8e0-3a98-4aac-9c50-93d0c78a42c7,2026-07-29T02:59:00,2026-07-29T09:46:12.474166,identity,configuration,medium
7dc49fce-5ff4-4445-94a6-7d369db1847d,dc1073a4-0fb4-4ca9-8361-14ef9248633a,2026-07-02T08:31:00,2026-07-02T17:38:38.416363,messaging,billing,high
4e173f1b-5eef-4ccc-aa66-f25acb623cb6,11242c0e-243c-46f2-9718-d18ee6f130be,2026-08-21T13:13:00,2026-08-22T05:22:31.432738,payments,performance,high
a9c3829b-0851-43e2-ab49-a50b8588d73d,099c2cf9-223d-4cee-bcae-3f4b1e726947,2026-07-09T21:37:00,2026-07-10T00:27:20.456338,payments,billing,critical
fd309c38-9305-499d-b731-8353658010be,2e5bf869-8c49-4881-a746-49b33d8328c3,2026-07-21T20:25:00,2026-07-22T02:16:25.031045,analytics,performance,high
033033ea-3a95-4177-abaf-dcf1590fefda,c02aefd6-243b-45f9-a586-0f2f7f3d887f,2026-08-06T11:31:00,2026-08-07T01:32:03.780092,payments,performance,high
cdf1743f-0b6b-4b8f-91af-eb0fe2887b93,f253c993-1b28-4a1e-8466-d32fcfd89e68,2026-07-14T18:10:00,2026-07-14T19:58:31.164675,messaging,configuration,critical
2a79fca3-a0c4-4b30-9c44-f6dc133be284,0f4defce-fbfb-48a4-b08b-41bda121d05f,2026-07-13T21:54:00,2026-07-13T23:45:41.027701,analytics,account,critical
b430b5eb-fb92-4043-b450-f2f0524236b6,abc464cb-50cb-47a8-8bc8-241d26226f24,2026-07-21T19:18:00,2026-07-22T09:13:05.294025,analytics,bug,medium
b90573dd-ff9e-4907-9511-985f13c3ee91,f0a5b5ad-23e9-436f-9121-b9e75940c973,2026-08-18T12:27:00,2026-08-18T21:41:44.827407,identity,configuration,medium
cc2837b3-e7c1-48ae-a985-7c936ef08746,60139ce5-b8b7-43ed-8994-5af9bb2e3daa,2026-07-18T09:21:00,2026-07-19T00:43:08.370356,payments,bug,low
94b2e760-39c9-424b-ae04-b27485e6288c,b9d03678-d6d0-4af1-8bf0-fc536b4647c6,2026-07-21T23:02:00,2026-07-22T13:45:13.119488,identity,configuration,low
f86d2d4b-77c6-4d99-a509-8ef5e0c55531,169595e6-5d87-4818-bce9-049517722720,2026-07-25T15:48:00,2026-07-26T11:16:26.257587,payments,billing,low
37d3cde8-e978-4ace-be0d-c4e8ca431e47,2fa77f89-83d8-49ef-bab7-cad30098cea2,2026-07-10T13:31:00,2026-07-11T07:49:49.122108,identity,billing,low
a8d71115-e911-4619-9e66-04391f38c60d,f1a96f0a-ac4c-4b0f-8011-0fd9a4d6bf45,2026-08-10T04:43:00,2026-08-10T08:07:47.281504,messaging,account,critical
410f3f03-d485-4bfb-be22-93b8b16580ae,d1ef46df-5ccd-4592-abaa-274746da075d,2026-07-24T18:00:00,2026-07-25T04:29:32.427007,messaging,account,medium
acd917a6-051b-4a78-a0bc-eb80d6356085,16172d9a-3764-4c0c-bf78-c2156b9c1259,2026-07-23T21:01:00,2026-07-24T15:02:51.350776,payments,billing,low
e2fbe6c9-82c4-446b-a59d-09581372b075,2188d9b5-40f3-48ad-8c29-6b3ec1d023ab,2026-07-22T12:07:00,2026-07-23T07:44:57.409366,identity,configuration,low
485f5a4a-f6b1-4e57-80a1-abc4e96075fa,197cfe39-8750-4ac5-8454-55ffb7088e01,2026-07-01T16:13:00,2026-07-01T19:11:40.492247,identity,account,critical
e6308905-d4c8-4ce8-ac3c-469c6cb27261,d9e1ecb6-e179-4fc9-a22b-38c5de9cc7f4,2026-08-09T06:27:00,2026-08-09T23:59:22.952366,messaging,performance,medium
4d8f47ac-0eb7-446e-9221-9c87effbff16,bdaf4f3a-1d76-42a6-8739-02c42461bd43,2026-07-22T08:13:00,2026-07-22T10:46:46.333629,payments,account,critical
d8700ac2-bebe-4c8a-9bb1-1e3e0f0c16c0,0eee0100-43dc-4071-8c39-965e6ebb500f,2026-08-02T13:59:00,2026-08-02T21:43:17.374488,analytics,billing,high
a75766a0-18cd-494a-857d-dab37091958d,8b1a806b-6ea7-4637-b067-469e43846bbc,2026-08-19T09:59:00,2026-08-19T14:26:31.105617,identity,performance,high
9246a2bc-765c-4c4e-b16c-b589b8c07b08,4ed1c138-fb96-49c5-885c-70d118d148ae,2026-08-17T07:26:00,2026-08-17T17:18:54.937576,identity,account,high
c05dafa8-abed-48ac-ab92-f202c4a641a1,0926822e-36d8-44d6-b2b3-6ed5a5a334cf,2026-08-18T06:41:00,2026-08-19T14:29:34.082421,payments,account,medium
13bf6cba-d72e-4f74-b680-e5c41888219d,4ced8be5-01eb-4c4f-be3a-4ce1e165e5bf,2026-07-30T04:26:00,2026-07-30T15:17:15.730208,messaging,performance,medium
a0b38ca9-bf92-4c5f-9de5-d5879e2a83bc,b96728c8-a756-4d81-8b2c-735338c6c075,2026-07-16T15:31:00,2026-07-16T22:41:59.479126,analytics,account,high
5ac3e49b-4b9c-4051-b097-3083ebb37a1a,2eff632e-8029-4e74-bfd6-2a7cd8f8d3ad,2026-07-12T09:47:00,2026-07-12T21:10:30.559820,payments,configuration,high
2dcab3ed-e3bc-4197-8eef-92f42c936e01,eea70930-c07b-4e6a-8b5e-99699cbe4bdb,2026-08-28T00:57:00,2026-08-29T00:05:35.667143,identity,configuration,low
e56ff9f1-eca8-4987-bcdb-7d2eb2c54666,9c6a9833-5fe5-4eb5-ac80-3143449777f5,2026-08-05T15:52:00,2026-08-06T06:23:42.426566,payments,account,medium
eac7058b-a176-4941-b6fb-a27d83c7fbf4,590e4891-f885-44bf-ab5b-b1b2093304ec,2026-08-01T21:22:00,2026-08-02T07:35:55.290118,analytics,bug,medium
1a87f11c-8d95-40f2-9e87-a294f52bbf99,399b28a5-2759-403c-b76a-8382b21235cb,2026-08-30T09:50:00,2026-08-30T17:24:39.997338,messaging,billing,high
98f9a4c1-66bd-4538-8233-ab089cf7ad30,e60c2d2b-af23-4015-b200-f6edc73761f4,2026-08-20T06:53:00,2026-08-20T17:55:47.382327,messaging,billing,high
5d203a13-3f05-4e9b-92d0-24fb3049fd75,ddecedb2-e66b-4620-ad60-16508f56b20a,2026-08-28T19:28:00,2026-08-29T10:58:54.097419,analytics,bug,medium
d2e73dea-efd2-4bc0-a3ee-c25dda611f51,98ecbd8c-8663-4618-90d0-05a452cb1945,2026-07-23T08:42:00,2026-07-23T17:15:28.270220,identity,bug,high
cecf8854-52b0-4292-9fdf-659d146ba166,cfea8c09-40e7-4b3c-848a-d79de10917ca,2026-07-16T22:18:00,2026-07-17T00:58:59.725128,analytics,bug,critical
719ea207-f256-48c7-a2ba-455d5d1d1fe3,2b642512-6eb4-42b5-9e8a-542054a4f993,2026-08-10T08:35:00,2026-08-10T11:16:43.820711,analytics,billing,critical
0a1922a6-2de4-47fc-9ff6-157ec311ff00,16941c48-bff8-4f80-bc6b-ebd2c8f88514,2026-07-24T20:57:00,2026-07-25T04:23:32.886943,identity,bug,high
ec7175de-e3cd-44b8-a112-f95e054fb509,577a0217-fe97-4cff-8a0d-718cb6c75179,2026-07-17T20:22:00,2026-07-18T05:32:34.058126,analytics,performance,high
782a248c-37df-48de-9760-559ffbf6bf2f,2cb33068-7dec-4473-9e55-91767c3c8717,2026-07-02T16:59:00,2026-07-03T02:52:53.665858,payments,account,low
63e65f08-6bb2-44ee-a25d-6f9f5f019ef8,59fdbb51-192d-45ee-98f0-2bd5d330d259,2026-07-08T16:22:00,2026-07-09T02:28:14.847121,payments,billing,high
967f51a9-2e33-4965-a3bc-8dac4c3b30d8,badb2f18-6558-4584-8b40-c0679b7065e0,2026-08-19T00:54:00,2026-08-19T18:08:03.042210,payments,billing,medium
ad8e7b9a-e970-4341-ba56-45125063c645,9b244193-c289-41fa-afa6-0f2182670991,2026-08-12T04:55:00,2026-08-12T15:30:16.288722,analytics,bug,medium
319b26f3-9855-4607-8961-b590c6f16a76,b59de430-b6c9-445f-907b-13095f5af64f,2026-07-01T12:38:00,2026-07-02T14:24:18.322368,analytics,performance,low
76269ee8-16a1-4016-9c5b-83fcdc1b6ab6,aa9ec45c-5eca-4e51-9d2a-19d714095380,2026-07-14T01:37:00,2026-07-14T16:23:00.027602,messaging,performance,low
882c153c-da3e-4cb2-b400-ebfdf48de1e3,ee28d1d7-dd3f-46d3-a144-a65da7eb1ef0,2026-07-26T13:49:00,2026-07-26T17:48:34.297317,messaging,bug,critical
f3cb2061-12b9-42f8-b573-ca8255f455a0,3fe61010-3215-4f49-8ba0-a434d8208fe4,2026-07-05T23:54:00,2026-07-06T10:35:27.844117,messaging,performance,medium
5d6fba7b-2a43-4a05-9f1b-eeda595b4a68,64829e69-63fa-4803-9ab9-bcacf404ab8a,2026-07-20T21:04:00,2026-07-21T16:22:14.300344,identity,bug,low
871187fa-0de2-4e10-b13c-bc2f4cadfdfe,eeb2d720-f118-47c4-b94a-a9b23644b2fc,2026-07-21T18:39:00,2026-07-22T03:54:23.482233,messaging,billing,medium
43e7ee20-0dab-4a48-92b4-ce8eda7029df,f58450e9-5016-42b3-8caa-a57726c22b92,2026-07-09T04:53:00,2026-07-09T21:10:19.234615,messaging,performance,medium
324cc7d8-21be-4492-a711-a0eccc921de6,e46e1f94-794f-43ea-8f33-5f512de34767,2026-07-11T03:11:00,2026-07-11T05:01:38.394893,payments,billing,critical
4c00ed1c-e2d0-431f-9f0b-e5c9eff2d5c6,2f44a8b5-6606-4b33-b689-5a87464326b9,2026-08-28T12:28:00,2026-08-29T14:50:11.844498,identity,configuration,low
0c6958a8-8264-4f6c-8e5c-314d6b930f1c,b25b43ed-efd8-459b-b2f7-23ba29a5bf4e,2026-07-28T06:38:00,2026-07-28T22:38:12.993647,payments,billing,low
1be08789-1e1d-4538-91fd-f058761cf008,60271db9-0d91-47be-8df0-41196c526cfa,2026-07-26T02:58:00,2026-07-26T14:29:01.921213,identity,bug,medium
e87f09e8-1eff-4d49-9bcf-7db5f264f8ee,4bb2cbc6-284e-4f52-824d-5fc9c531512c,2026-08-12T05:27:00,2026-08-12T13:15:46.333155,messaging,performance,high
f816e927-2e6b-40e2-a5d1-fefab6dc82cb,9dab4828-73b4-4545-ab37-f45ec3fb14f9,2026-08-08T05:59:00,2026-08-08T21:27:49.689512,analytics,performance,medium
95530b87-97c2-46e0-94e6-a5cb96c5f41d,d6210707-1b0a-4fce-8cad-6e9382d11f6f,2026-08-25T00:20:00,2026-08-26T00:04:17.556644,identity,billing,low
b672e4ff-9d0c-40a6-9f50-ba846847fbc8,262c4e1c-e74e-482b-bc77-049920d78ba6,2026-08-09T00:13:00,2026-08-09T11:05:00.422389,analytics,performance,high
019e1335-1540-4490-9c4a-fdfc19a779f2,107d0453-4160-4f70-855f-4c123efc2832,2026-07-10T02:38:00,2026-07-11T02:40:45.895143,messaging,bug,low
b83aedc2-2111-4386-9287-f19dc8fbbfcf,44e65777-cd90-4cb1-9b8b-4dac85a76db9,2026-08-15T00:03:00,2026-08-15T17:17:29.754023,payments,billing,high
45e17af4-9cb4-4873-b329-f532d86d6165,8742f94c-57ec-4142-82e7-93319f4662fd,2026-07-04T17:57:00,2026-07-05T05:17:36.801330,payments,configuration,medium
5dfe58d1-a661-438f-9f17-9aee78e63e67,a3d3b789-8785-4543-869f-385065e9655b,2026-07-25T06:24:00,2026-07-25T08:24:16.757253,identity,bug,critical
34c7b9e6-34a9-406e-8c7e-c93de89e72bd,8a574147-c9a4-47ef-857f-1d007e1bdbc8,2026-07-25T10:54:00,2026-07-25T21:16:08.560394,identity,performance,high
23ae0165-fa32-4fa7-9b14-5862ab1cfb97,61c4b0d3-19eb-4963-a472-5695dc59240a,2026-08-15T14:24:00,2026-08-15T21:59:20.695546,messaging,account,high
1c369b34-ad80-4549-a510-03f0d3e90f2b,8f4ed7c7-5a5e-4703-8d2f-57e0dd6320f6,2026-07-01T23:32:00,2026-07-02T09:42:54.073091,payments,configuration,high
226c1d90-220e-4b4b-bc4c-644b93364a0e,919fd3f3-8354-478c-a760-15f8c2cfbb27,2026-08-03T15:40:00,2026-08-04T11:29:45.360863,payments,performance,medium
32fdc4c5-4710-4045-bafd-2fdbafc27971,9866e1a5-7c7d-430e-9761-7b4c703073f7,2026-08-21T16:25:00,2026-08-21T18:26:07.931304,analytics,configuration,critical
1043bf0f-7f1a-49f1-add4-b888e956f6cd,12f36398-f844-4a3f-9649-6192479511b6,2026-08-16T22:36:00,2026-08-17T19:21:03.834760,messaging,configuration,low
d522fc02-48a6-4e65-aeb5-004da1030d34,c6a303a6-73cb-46e1-ab39-7eb683cf7eda,2026-07-01T07:01:00,2026-07-01T16:01:23.657703,identity,billing,high
e000eee0-c6b0-49c0-8a0f-63c37c282bef,7361ecc5-4d53-4702-8109-4c91314ca1ba,2026-07-29T11:39:00,2026-07-29T18:44:47.194809,messaging,configuration,medium
9bcb0927-c535-4324-bfc3-f09744e40318,3f761621-4aa0-4198-b93b-d6fa0d860904,2026-07-26T08:27:00,2026-07-27T08:29:02.843573,payments,configuration,low
de8e60e0-aba7-41dc-9cd3-ac5398d932c5,b586d0b4-6664-47fd-aff3-5345f4bf4697,2026-07-03T23:00:00,2026-07-04T12:42:47.895737,payments,performance,low
9660f9b5-784a-4f9c-9e9c-d9f80ed62f24,31c518f0-3b9e-4e39-aa6b-7dab7b1c44de,2026-08-08T21:32:00,2026-08-09T01:34:21.443689,analytics,configuration,critical
52e072c6-0181-464b-9e6c-ea2150579e34,eac715c5-52de-442b-9058-0e87ec4c62b8,2026-08-27T19:22:00,2026-08-28T01:08:37.314718,messaging,bug,high
476f0ab8-4a4c-4123-ae20-b8ab4631e38a,1db5dbda-b09d-4871-b078-d788e0f61224,2026-08-15T23:36:00,2026-08-16T11:05:03.973713,identity,configuration,medium
504da794-ac33-4aa9-b872-218426a8961c,6ae5a783-b706-44e8-a9a1-08ae9d013ce0,2026-08-06T01:28:00,2026-08-06T05:29:47.006540,messaging,bug,critical
69072348-ccc4-4fd8-ba30-f19570ac5e52,3ecac9c6-74a5-48e3-83ec-d5b53d5e3b74,2026-08-01T23:39:00,2026-08-02T03:41:50.060377,messaging,configuration,critical
b6ea1970-a002-4422-8ba9-947f1490a143,42aae255-b22a-4241-b28e-b570a4cadea2,2026-07-12T22:59:00,2026-07-13T02:08:37.289078,messaging,billing,critical
dafcd43f-5197-4212-8164-22614d8555c3,f204adba-3596-498a-8baa-5aa3e169e575,2026-07-07T02:40:00,2026-07-07T21:01:01.475534,identity,configuration,low
aa2e88a7-d4a6-46e3-a712-4aed08468a2f,e0ae7512-8804-4d15-916a-de394238d6e0,2026-08-17T02:33:00,2026-08-17T13:59:01.455427,analytics,bug,medium
14aada7b-2d20-4e26-a023-84a5084feee6,d3418abc-221a-4c15-b0a8-cc64bb494616,2026-07-16T04:40:00,2026-07-16T11:20:34.219274,analytics,bug,high
68dbebb8-fe95-4e46-8041-ef379f57cef8,8eedaa9f-720c-441c-ae10-a91a37663713,2026-08-11T08:42:00,2026-08-11T20:30:37.238382,messaging,bug,high
22592896-0349-4a93-b124-4e1a9fa7b0e9,024bb466-6943-4c37-af9f-b8ada6febaff,2026-08-03T01:43:00,2026-08-03T16:47:27.468064,messaging,performance,low
3bde9f2b-faca-4ab0-ba33-2937a7b923f2,b51f7a08-e502-43fb-b1a0-5cd036226a4d,2026-07-04T07:44:00,2026-07-04T10:02:03.697890,payments,billing,critical
3f2c99c6-02d5-435b-8b72-46e0ce51f36b,81bf2ce2-9553-48b5-bbe0-4f9b7cee2829,2026-08-08T16:00:00,2026-08-09T21:02:31.202550,payments,billing,low
2d1f22b9-d5b7-4dae-8fa1-c5229d05e285,512b1daf-c659-4805-9d39-808a2bbde62c,2026-08-28T16:10:00,2026-08-29T15:52:49.034313,messaging,billing,low
cb4df1fd-9839-4a93-a6c1-e7793c40d147,98e99d44-2993-4eca-b8e6-938ab5f36865,2026-08-12T20:55:00,2026-08-13T05:06:47.172153,analytics,account,medium
f8fb9633-6541-40ba-ac49-220ac6cfe75d,c71e1f32-0bc8-4caf-b3db-a8848327c77a,2026-07-17T16:39:00,2026-07-17T20:53:01.225202,messaging,performance,critical
11feb39e-bd99-4070-97fe-c6713e4370ba,04aaa534-fda2-40c9-aa82-18b5af4e97d9,2026-08-28T11:17:00,2026-08-29T10:09:47.108825,identity,bug,low
f4d2b7fd-9868-45c2-89eb-c9fb7b828ea7,6ae84f13-91c1-4273-bdd1-c86481b09024,2026-08-11T03:40:00,2026-08-11T15:41:42.874762,messaging,configuration,medium
eb8e1ede-ffd5-49bd-95b6-ec546632267f,e6fdc2db-d79f-44e0-8e6b-64755f59fc7c,2026-07-30T23:46:00,2026-07-31T03:31:15.442620,analytics,performance,critical
3d794c77-68f3-4b37-8a19-b57994968e88,369b962e-5fda-4b15-b752-50d6318ccfb0,2026-08-22T02:57:00,2026-08-22T12:23:16.434620,messaging,billing,high
241fa181-7902-48d6-af6a-47bdfdbcb456,1233e622-49ee-41ab-ba5a-ff0a89a9d1de,2026-07-16T09:32:00,2026-07-17T07:53:14.536028,messaging,performance,low
96dee0c9-2e8b-4743-8241-54edfe91608f,3cf25aea-3fc1-4230-838f-c7a7333adbb2,2026-07-29T15:56:00,2026-07-30T00:30:04.849020,identity,bug,high
2e6ed207-bfcd-4f35-9d4d-8ed22846a3b5,96a19696-cb3f-4dc2-b438-fdfd8aefaaab,2026-07-13T15:38:00,2026-07-14T05:21:21.041230,analytics,performance,low
8d74afc7-a8c0-49b3-95e9-c417ac4cf5e8,1f78cdf6-df8a-4ba8-b15b-b5d5a159accd,2026-08-21T01:35:00,2026-08-21T05:07:54.175067,messaging,bug,critical
4c687d54-79f4-4eab-b5c2-4cd771e2a75c,b97ef797-343a-4383-9909-233ccdc01cbd,2026-08-10T07:16:00,2026-08-10T09:23:04.073649,analytics,performance,critical
4e7172d8-1ef0-46b4-8553-696d6ab1d289,fefee9c1-307c-46b1-8179-f4305b74e601,2026-07-06T13:40:00,2026-07-07T02:36:04.434756,analytics,performance,medium
b519be36-0307-4d36-add0-0bf855c61809,c7274586-552e-4b4a-917f-0576269ebe2f,2026-07-02T08:23:00,2026-07-02T23:35:03.068244,messaging,billing,medium
6852bc49-5093-477e-b964-ad8235830ca2,e434085a-a96d-4b9f-9dee-e1ca6dab56db,2026-08-16T07:51:00,2026-08-16T19:44:11.244259,analytics,account,medium
f4a5aad6-17e8-41b5-8b6b-308fb450d9b4,59a70eaf-6601-4178-8350-a2bbaa09a004,2026-08-21T03:23:00,2026-08-22T00:29:25.802119,payments,performance,high
a70bc98a-5ef3-46dc-a06c-cf51953b366d,65d8beee-9f09-4db0-869e-4993e5a0669c,2026-07-19T13:48:00,2026-07-20T07:02:08.666094,payments,performance,low
a29d446f-5d99-4da7-9d87-1b7eb4cb9806,8a13db0b-fd73-4068-b58d-1c88f48f0231,2026-07-01T13:16:00,2026-07-01T18:38:22.531315,messaging,configuration,high
85fb1668-d96b-4279-a0fd-9e4228f56e3c,7cb8132c-8579-47ff-9243-e36b3dd9cb2d,2026-08-23T11:00:00,2026-08-23T23:42:44.794965,identity,billing,low
7a84754d-91a4-4dbe-8001-1778153ce521,de3be249-9804-40aa-b890-1fb3f3ad5f03,2026-08-23T19:50:00,2026-08-25T03:19:06.185635,payments,bug,medium
52efea08-e75d-4c2c-832f-74fe71234cad,66cf5d74-2cc1-4c15-bf77-5c86ca60af73,2026-07-28T12:47:00,2026-07-28T19:39:13.224987,analytics,bug,high
499b3914-f6f5-47d7-a060-39826bcfcf3e,6a72c249-fa7f-41f5-a16a-4f2e0c56cffa,2026-08-21T11:31:00,2026-08-22T14:24:23.676926,messaging,performance,low
a60f71af-c90f-4036-bed8-ae94a8d5bdbf,9428e5fe-ef91-462d-93cc-dc4708654562,2026-08-24T12:07:00,2026-08-25T07:07:04.229301,payments,bug,high
2f021ac6-71f8-4ffe-b898-4e091f0df8bb,96831e2e-8366-4828-9004-213d346687c6,2026-08-09T23:25:00,2026-08-10T10:20:18.750256,payments,bug,high
12306883-3b68-4c20-9752-f3564cd03995,dc4676f2-9d19-4f3a-849d-3271445a5ba6,2026-08-25T06:34:00,2026-08-26T05:29:35.333855,payments,configuration,medium
ca0e5493-c5d8-4ea0-bbc6-40c723ef0612,dfffa27e-9a6a-4223-8888-010ceaa63e30,2026-08-16T15:51:00,2026-08-17T13:24:09.882659,identity,billing,low
b3b671c0-6abc-49f1-a628-b59bfc1abf87,1f0bcf38-d89e-4634-8dfb-997681081a5c,2026-07-07T20:35:00,2026-07-08T13:02:25.686359,messaging,account,low
b80de126-301c-4017-9b08-5eb685daf52c,2607c6dc-e783-48c3-965f-2b240a6c71da,2026-08-15T16:37:00,2026-08-15T20:58:41.560108,analytics,performance,critical
7dbb11d9-4faf-4450-85a5-cb69ec574cd5,598e8a84-c6e7-43e8-a289-08e6f08911a5,2026-07-25T16:10:00,2026-07-26T03:13:51.211920,payments,bug,high
f6ddaa01-e46f-4a92-9e63-00daba483347,a029efad-5ca2-4161-9f9a-53ab86b41341,2026-08-18T00:47:00,2026-08-18T04:14:05.306964,analytics,bug,critical
132f892b-1e4d-4b31-bb02-9af67ce77bdc,1842c13e-f5a0-464e-9a7d-9e0f12359d48,2026-07-23T23:48:00,2026-07-24T14:42:51.178662,payments,account,low
71bad0e4-69a9-4ba0-90cc-3c6c384614a8,3765d721-2da4-4d05-b6b3-cf86087062fc,2026-07-19T04:16:00,2026-07-19T21:50:01.818496,messaging,bug,low
e3fe521a-b008-482b-8934-dde64cbf7f32,90dfe4b9-39c6-4284-9839-0e4f6647ab54,2026-08-24T12:42:00,2026-08-24T20:30:44.821816,payments,performance,high
8f36591a-4224-4250-89c1-b92cbd900e0c,6575336a-7840-421f-93ec-a88468dcfdb0,2026-07-05T08:41:00,2026-07-06T02:59:59.273792,payments,bug,low
6f1c3d65-6b20-4cf7-9a16-2ef025bf8f73,151741e5-7ae8-4478-b5dd-ef5f3feac231,2026-07-06T23:17:00,2026-07-07T01:14:02.404520,messaging,billing,critical
3151e5af-c086-4f27-a106-b77479c439d2,2c76f004-0f86-4f7e-9489-7f0bbaac1a60,2026-07-16T01:46:00,2026-07-16T15:34:55.381931,messaging,account,medium
7815cff3-933e-49ff-b4f2-169027bea2ad,37107d7b-8272-43cf-8b61-fc022a5adacf,2026-07-27T22:35:00,2026-07-28T08:36:05.258348,identity,account,high
716eb997-272f-4629-9f94-8da51a28e368,948758f8-b963-4f41-851e-595570b739f1,2026-07-03T17:57:00,2026-07-04T06:08:45.894061,analytics,performance,medium
c10dd4f5-0d51-4fd6-b518-089cd4fc8c9e,483cd836-fd74-43c2-9543-a686f1ffd1ba,2026-08-30T01:17:00,2026-08-30T14:58:56.512435,identity,account,medium
172176af-0ea0-4bd6-9ea3-2db88b859f79,5feb1a34-8f04-4c60-ad67-d35d423bddca,2026-08-12T12:01:00,2026-08-13T04:33:27.854458,identity,bug,low
e3b47794-9977-4501-8369-d4fcbee420e0,29f1c598-fdaa-462b-8dea-1edbe7e90221,2026-07-01T04:46:00,2026-07-02T02:42:46.256125,messaging,account,low
96e995fd-8c61-42eb-b6bb-398c1751a85d,3db0b2ad-a11d-4184-bb0a-3b4ab610980a,2026-08-05T00:46:00,2026-08-05T03:29:06.360710,analytics,billing,critical
1b13e458-eef8-4833-9151-7030c35e3f6f,b50ca37d-1408-4134-b7d1-262002ebc132,2026-07-13T01:18:00,2026-07-13T19:50:48.868564,analytics,account,low
d316e2da-60ee-4f67-8e4c-0ee982083f63,2ffac17a-92b8-43ff-8c4b-af3c3b7d161b,2026-07-02T12:34:00,2026-07-03T05:46:47.558179,payments,account,low
ae7849fa-e5ea-4ce3-a205-a73a907d554c,e21f824a-08f0-4812-84a3-3b4bd137fa2c,2026-08-27T20:29:00,2026-08-28T21:48:34.986878,payments,performance,medium
fcd9ebf3-e24a-479b-adf4-d61964a20e8f,bd0e04ef-40f8-4835-af30-5a2a7847f2d7,2026-07-25T01:56:00,2026-07-25T11:50:45.946306,identity,configuration,medium
76f802ed-4cc2-4b6d-b544-af740d961558,0867b11e-0a95-487e-aad2-b33b69896636,2026-08-24T03:29:00,2026-08-24T10:09:19.426989,messaging,billing,high
bdd30989-11ce-44b7-97a6-fd2f50517759,0c36b520-0c51-4383-a93d-199c151ee1e5,2026-08-17T12:09:00,2026-08-18T00:21:56.047295,messaging,bug,low
c9a99927-ea69-43cf-8b39-7ae0bcc3ac17,d7ef0369-2f7f-49c9-b895-07556095b732,2026-07-27T20:57:00,2026-07-28T10:50:29.591993,payments,configuration,medium
505c76ca-c61e-4a6f-81c1-1658325c22d4,e34845df-0275-4733-aae8-92741f0c38c6,2026-08-04T00:52:00,2026-08-05T12:02:20.520765,payments,performance,low
31b34a20-48a3-4f67-b2eb-f5b3b048c3c2,6e169154-12d1-4eb7-80fc-db32acb58475,2026-07-15T05:14:00,2026-07-15T11:13:20.947682,payments,performance,high
47f69320-7fd1-4e2c-aaaf-e31ae8203a0c,de64805c-06c5-4e88-add6-89642f06ccd9,2026-07-17T14:58:00,2026-07-17T17:40:54.745760,identity,account,critical
b94fd925-facd-4c74-a708-9373110c2f21,a28e90fb-e04c-4c3a-828a-d82a60056d0a,2026-07-06T08:26:00,2026-07-06T11:52:49.472160,payments,account,critical
ffd1ddaa-8310-488b-904f-97042d100c32,67f1e645-5024-484a-b618-fd4411dd6e30,2026-08-10T20:32:00,2026-08-11T02:28:17.751812,analytics,billing,high
30c2c159-2c28-472e-b0ab-9f87ba2a5903,1ccf5ac2-12e2-493e-9dbe-6c24f02037e6,2026-07-29T23:13:00,2026-07-30T14:33:05.101339,payments,configuration,low
1542a42b-998d-4210-bf97-72df7c757550,6349d4a1-c069-4b25-9fd5-985914006c4e,2026-07-21T05:38:00,2026-07-22T03:13:54.318405,messaging,configuration,low
38a9f276-7723-42a9-a683-01cd3e8f411c,ad2582d9-c0ec-4951-9e28-dcdd4152dfc3,2026-08-10T00:21:00,2026-08-11T02:49:34.144806,identity,configuration,low
7ba36c35-d9c0-436a-b1ed-d03303a57893,8ab153fd-a5b4-4e86-b98c-15d180b676cc,2026-08-06T10:02:00,2026-08-06T17:27:34.598214,identity,account,medium
a52b582a-a908-4dae-a9ac-e995298f0a5d,151bd9ef-fe61-4c08-a4c8-75483c33305d,2026-08-21T21:05:00,2026-08-22T09:17:47.696941,messaging,performance,medium
b3aeca14-40ba-4efd-b27f-64ee8d609835,bb9199be-02b4-4ada-937e-e065db7f7c8a,2026-07-26T03:54:00,2026-07-26T21:53:19.510080,messaging,performance,medium
d05b0be5-66e3-4db1-a6c3-2c23a59fecd4,3bfcfd4d-0b01-4de3-9fa6-e4bfdb4432d0,2026-07-12T13:48:00,2026-07-13T05:39:39.134783,payments,performance,low
85ee2c8f-deaf-49da-994c-eec0061f87d6,b240f85b-1643-4d41-84a5-0e8030797eaa,2026-08-12T04:44:00,2026-08-12T16:03:41.735284,messaging,configuration,low
f41ea63f-07b7-4be4-b33b-644bec328936,1035ab4b-bc2a-4fa4-b5af-59ce105b9afd,2026-08-22T22:15:00,2026-08-23T02:39:12.138673,identity,account,critical
6351e877-6a58-4820-a2e4-238609dfe3b1,2e98f0eb-9fca-42da-881c-ad8ad26e39a9,2026-08-30T16:09:00,2026-09-01T15:10:21.481838,payments,billing,low
3865159f-44b2-4671-a341-382196e6233c,177091a5-bf5b-498b-aaa6-9b473256291a,2026-07-17T22:18:00,2026-07-18T15:50:05.827600,messaging,billing,medium
4105df84-db69-408d-8db5-a730045d22d1,ca206f46-becf-40a2-be7d-a99bf4ed6142,2026-08-21T07:22:00,2026-08-21T12:19:05.564011,payments,bug,critical
6201037e-59b0-45e2-b2ab-95ab92dedadc,2662776d-754e-4fa4-91dc-abccbb7dab9c,2026-07-07T14:45:00,2026-07-07T16:46:50.743705,messaging,account,critical
e1f3b633-8672-46be-b4f7-f5bdf8ec971a,35dc5017-300a-4f44-810f-159043ca9b27,2026-08-01T09:07:00,2026-08-01T22:10:21.068875,messaging,account,medium
a114a61e-3ac4-4557-93ad-7b92eb43203f,ce8a29f8-81e8-49e7-ae60-4264432242e7,2026-08-24T21:42:00,2026-08-25T15:43:17.534036,payments,billing,high
9435bb59-7870-4961-8bdb-3d67786ef41c,bab0b3cf-052a-4062-bf22-feb8159b17b1,2026-08-13T11:01:00,2026-08-13T14:38:49.248081,messaging,account,critical
5f25d723-dd79-401f-b5ff-46c5d841c2b0,ffa0c93d-23b8-4eda-9085-3a911e1c3838,2026-08-11T01:05:00,2026-08-11T03:51:00.225995,payments,configuration,critical
bb4789d1-c352-4993-8888-0dc08457a1fa,5109dd3c-f6e6-453d-ae9f-0a58d995f2b3,2026-07-12T01:14:00,2026-07-12T07:49:10.567679,payments,configuration,medium
211a2add-e8a8-480a-b85b-166cbe8b0306,18d7af63-da25-4a2a-969f-9b227bf0c884,2026-07-23T21:20:00,2026-07-24T02:56:04.091550,payments,bug,high
2c5ebd02-4c3a-434c-92a2-4f3385fe9c1f,1fba3dc0-dfff-44de-beb4-bbb50e3f6303,2026-08-18T01:10:00,2026-08-18T22:22:50.960816,payments,account,low
90264623-51b7-430a-ae71-17dcaf313e2c,41aa81b9-2fc0-44a2-bfbb-92156eb56fcb,2026-07-12T11:22:00,2026-07-12T20:26:46.353014,messaging,bug,low
bae3e3f5-fac8-40c0-b410-3cdc11a48b35,e34c424d-681e-4544-89d0-b416227ad7d1,2026-07-07T01:16:00,2026-07-07T22:00:33.669549,identity,configuration,low
5f47cfee-b525-4150-960a-e42881b4b614,bb96b050-cd5f-412e-9ce8-342e5128cb30,2026-08-29T21:54:00,2026-08-30T13:58:51.273399,messaging,performance,medium
398228f5-dc35-41d3-afdb-1f1a8b748ddc,94f89c0c-eabe-4559-82a4-bc1b2ceecac7,2026-07-07T03:06:00,2026-07-08T03:46:22.344673,identity,billing,low
5d8b12fd-a360-49c6-9d43-fe904dd988de,ecb591c5-6f5b-409d-a5d9-d40c10b2977d,2026-08-21T08:07:00,2026-08-21T13:03:44.412678,analytics,billing,high
a714ff6d-45bf-41eb-8110-771ef2714ce9,5a378c04-4627-427f-ab04-a5bf555bd515,2026-07-19T13:55:00,2026-07-20T06:43:48.960325,messaging,configuration,medium
5af57348-a96b-4137-9175-8f8ba22d019b,f35d8909-c97d-4290-8b33-e55b9a3339c3,2026-08-19T11:26:00,2026-08-20T07:04:45.099842,messaging,billing,low
61b0dff5-acef-4da9-8ce2-fa456ee53805,654e90b1-53af-4865-89d7-ba00819b9f9a,2026-08-19T03:58:00,2026-08-19T06:21:28.924953,messaging,configuration,critical
ddf682c2-3bc0-40d3-bacf-c7854f531183,1cd813cb-be74-4eb4-833a-7e180b117c83,2026-08-30T17:21:00,2026-08-31T20:13:33.640619,payments,configuration,low
9b9a1deb-132a-4fef-907d-f1522b78e88c,238d3811-bf7a-45f1-89eb-dafe37da2883,2026-08-29T01:41:00,2026-08-29T17:31:39.467370,payments,bug,medium
dfe4104c-614b-4fe7-bd67-13b47fe9ea27,78a0ec3a-2214-4656-992a-5a64aad67e95,2026-07-22T03:05:00,2026-07-22T07:33:47.922855,analytics,account,critical
9bc8511e-0630-442e-8ebb-e17cc68bc8dc,4b674d4f-c8e8-4ca8-a1af-ce699a83f467,2026-08-08T23:12:00,2026-08-09T07:40:10.540317,analytics,account,high
e26c53e4-96c8-4060-94c7-4d9b38dfecaa,9065d93a-cb6d-497b-a3d9-e266008ac534,2026-08-26T11:22:00,2026-08-27T08:02:57.467949,messaging,billing,low
f243caed-05c7-469a-bc42-f3e6241a7824,63ef10bc-2554-42eb-a2b1-8fa1f7d643f4,2026-08-03T16:19:00,2026-08-04T08:52:07.779631,messaging,account,medium
7d0ca5fb-5979-4257-8e7b-87d642c28473,6866041b-e91f-4cbf-a2ee-cc2ddcaada2d,2026-07-08T18:04:00,2026-07-09T07:36:07.333990,messaging,configuration,medium
c9dd93d3-9c80-40bf-9f66-70f29a63df0f,0f729008-55de-4a16-9c6a-dae3e0ac4b87,2026-07-01T06:04:00,2026-07-01T08:47:37.633580,messaging,account,critical
6337b65d-9812-4e94-aeec-4806cb9e7d01,5fcd3edb-97ab-4ea5-bd63-9af7fa77d170,2026-08-17T21:29:00,2026-08-18T09:18:31.317561,messaging,account,high
6d8f04eb-9e12-40e9-a4ae-4102424aadf8,929b90fc-0330-4569-9fca-f5d0e9b35b50,2026-07-14T22:05:00,2026-07-15T04:03:59.773849,identity,bug,high
3250dfea-188e-43f1-b2ee-5b9f5b2099e4,6cc24a26-1cef-4692-9621-746a0c6ffecf,2026-07-28T23:25:00,2026-07-29T21:12:41.216988,messaging,configuration,low
d9ef72b6-3219-4188-a729-7293350631eb,d872111d-5463-4caf-8ed2-1bc52979157d,2026-07-29T22:39:00,2026-07-30T10:26:09.392765,payments,bug,medium
2e2f26af-636a-4dba-9e07-7cc515fd0e45,c55f6e31-f5cc-4ca2-9ed6-da9a6958caf5,2026-08-26T07:30:00,2026-08-26T16:43:45.080885,identity,performance,low
c9bb3d18-3350-4afc-8538-e5aff4675aec,50400ade-da0d-4afb-9c34-80381f6f33a9,2026-08-15T03:58:00,2026-08-15T17:40:30.106950,messaging,performance,medium
fff94be0-5e97-4b43-938d-dca193992eeb,5af0c898-7056-40c4-b92b-c2e1bce44165,2026-07-07T16:04:00,2026-07-08T05:07:48.972393,messaging,configuration,low
bf9d7982-adad-4dea-ad00-d9f39fdf2532,a9ce9d68-61fb-4c5c-ae82-2508238b8593,2026-07-08T20:13:00,2026-07-09T10:33:24.423051,payments,bug,medium
e58c323f-23e2-4cb6-b45e-26871d99d872,3701c62c-dc70-43a4-a4b4-3c3d341c08e2,2026-08-26T14:48:00,2026-08-27T02:59:15.492931,analytics,account,medium
b8dbae56-aefb-4667-aa21-52c71cc0d741,acbe7267-7036-4297-9eab-05edd943ca5d,2026-07-18T14:26:00,2026-07-19T02:51:04.049278,payments,performance,low
c0852121-92fc-4f17-b5c8-2d94f20092a4,be39f533-5c20-4bfe-b6b3-0ce8a8e47fc8,2026-07-17T17:37:00,2026-07-18T04:23:22.905246,identity,configuration,high
897d639d-1eec-4699-a452-4b8d4223e2e8,0049e79d-e794-4198-956a-c257ae1f4cd4,2026-07-27T02:06:00,2026-07-27T04:53:37.520666,analytics,configuration,critical
cbfe2045-3dac-4b81-948f-dbb8d46ed656,aa5c289a-0f6a-4304-a28c-9782beb058b9,2026-08-10T09:46:00,2026-08-10T19:32:57.211993,messaging,billing,medium
596f76cf-d4b9-4d64-ac51-a1247fc1c026,08d4e164-0511-4c36-a28a-4b21b7a9a32e,2026-07-06T23:29:00,2026-07-07T01:56:50.609868,analytics,performance,critical
ae45b3bd-ac4f-4c46-94fd-e675a9cc6d91,af8333b4-ade2-427f-9c5e-0e560df13ee2,2026-08-25T08:51:00,2026-08-26T11:26:39.216575,analytics,performance,low
19a4b603-9982-45cc-8bcc-ae505ee89cbb,78e8716a-e786-401a-b01e-571f6a7f5bc6,2026-08-20T17:34:00,2026-08-20T21:09:06.826411,identity,bug,critical
367561bb-012b-4841-8db7-d959115d4a06,8132d663-3fb6-450b-af06-e4688ddbe61d,2026-08-29T20:08:00,2026-08-30T04:27:47.210873,payments,account,high
074679ec-f300-4201-818a-f4d96fa2f11f,9bea7369-6d26-40b5-bdaa-d0ffb556295b,2026-08-02T00:14:00,2026-08-02T04:31:46.734825,messaging,billing,high
c1eb977a-16f3-48ad-838d-2d7ddaacaeea,d8ff7f79-34df-4f0c-a61f-c777bb604754,2026-07-07T16:17:00,2026-07-08T07:28:51.492426,identity,account,low
dadd705a-2eef-4949-8988-7654f5cd4af1,5cc481fc-871d-4268-bd57-783058fa250a,2026-08-19T13:42:00,2026-08-20T00:51:41.689132,analytics,bug,high
37813eed-a66c-496c-bd72-0fe3a289ce58,08eb7b5e-12db-4b94-91f0-453b78e70db7,2026-08-11T03:10:00,2026-08-11T06:40:26.030358,identity,configuration,critical
267d7cbb-141e-4242-80f7-29f4f2e9f2d1,a25db5bf-dc1b-43f9-80fb-79ac19a87fb4,2026-07-23T15:40:00,2026-07-24T12:18:20.487511,analytics,performance,low
fd6e4ed8-4433-4af3-b42b-6e4e81383b55,6e437aaf-1924-4d8e-8944-0d60b96b1546,2026-08-13T00:50:00,2026-08-13T04:55:25.667937,analytics,bug,high
3e7dc997-61d9-4ff8-ae27-4427e3446c04,ce578862-031d-4460-8fff-2e9204362a2a,2026-07-23T09:01:00,2026-07-23T20:09:32.307353,analytics,configuration,high
8ec16591-3317-414c-9fee-a23db1b40920,3aaa6a1d-8b4a-4404-b2c5-908bbcc62830,2026-07-11T16:05:00,2026-07-12T05:20:01.741802,identity,bug,medium
ba63e48a-0664-488a-9145-d1ea14b234d1,4fd447ce-cc16-4d1f-ac79-2d1f4b596bf4,2026-08-19T16:36:00,2026-08-21T10:51:30.274787,payments,billing,low
c504d560-ff7b-43bb-8dd1-0fbe05d6e0c2,4a5d5028-09b0-4979-a229-2d0816d46ca0,2026-07-03T04:43:00,2026-07-03T07:23:51.487442,payments,account,critical
fa1c1c9a-208b-410f-8d4b-de39977cde29,7e6436ce-4c25-4509-9687-26a44699edae,2026-07-15T14:13:00,2026-07-16T01:32:21.750302,analytics,billing,high
9412d71f-afea-4ed3-9507-9d45e85a4199,2ff3a7dd-a4b6-4c00-b0d8-60c2443d76ae,2026-08-19T12:21:00,2026-08-20T09:13:52.631461,messaging,configuration,low
bb2f209d-e84a-4fe4-8a63-3822c5c183c2,695bdedb-c554-4ee0-a996-95cc2b348132,2026-08-18T14:55:00,2026-08-18T17:22:54.316231,analytics,billing,critical
b1b521cf-069c-438a-b74a-292dfd5d9091,85c87d07-6459-4655-8b1f-79d6541c1a54,2026-08-25T08:22:00,2026-08-25T10:42:50.833236,identity,bug,critical
577f9279-c4d0-4e4b-8878-569382b52588,0b50ae18-515d-4780-96f1-952218e47ff0,2026-08-09T19:21:00,2026-08-10T13:32:56.361239,payments,billing,medium
cdf19971-d52b-4aa3-bfae-f46d9451a690,1308e54d-98d4-4bf9-b516-354c9f10e55c,2026-08-08T00:05:00,2026-08-09T22:29:51.534359,payments,billing,low
f1c1927e-dc1f-4529-8613-9e35070e0213,4b962593-ca30-47b5-ade0-335b5d33593e,2026-08-25T01:25:00,2026-08-25T12:13:00.121069,messaging,configuration,high
c449dc9c-7f8e-49db-9041-4f359426540f,a645178d-d1a9-4daf-ab65-ef8c58b90030,2026-08-15T19:07:00,2026-08-15T20:44:39.772160,analytics,performance,critical
d2501c0e-ca18-490f-ade6-04283e094b14,2445764f-da5b-49e0-a388-0a29c00868c0,2026-08-25T01:54:00,2026-08-25T08:23:32.334938,messaging,bug,medium
c9904b92-3125-4c7a-a2ea-024fa2b2134e,1585bb23-41b9-44f3-957c-cdd75245786a,2026-07-11T16:38:00,2026-07-12T03:33:30.798316,analytics,account,high
16b08b77-a8d7-4700-ae6e-ab4aba2d88dc,06ea6935-a33f-40a3-be4d-0da0c4fbd8a2,2026-07-08T04:16:00,2026-07-08T19:59:44.696893,analytics,billing,medium
e3a98354-337d-4dac-9265-ad64d1d7b9af,1aa39f2d-00fd-4682-af2a-bbd28e7c7329,2026-08-04T11:00:00,2026-08-04T19:17:48.879234,analytics,bug,high
b2330542-9186-4188-9703-23655fc5c7eb,e59a3cb8-32c4-4905-8b27-65898605c589,2026-08-20T09:14:00,2026-08-21T00:24:20.582510,identity,account,low
e089cee8-bfa2-481c-9871-8fc1fed14772,2509083e-b0c6-45ee-aa83-a244f9c32662,2026-08-06T08:22:00,2026-08-07T04:10:38.173007,payments,billing,low
19c71e21-f43d-4672-8bda-a0746171d657,1c2766ed-6c3e-45a0-a8be-fc9d5aad0077,2026-08-29T17:29:00,2026-08-30T05:26:12.815864,messaging,bug,high
8ae2f565-e6d5-4c43-89a4-565cf5654bbe,b5b2487c-be96-4775-9643-5bca7ebf8e23,2026-07-15T11:11:00,2026-07-15T16:59:25.640373,payments,bug,high
a7e00198-da81-4ab0-bc5c-f142f6eee7d6,03fd2640-5c22-464d-bf17-59c855217198,2026-08-12T19:34:00,2026-08-12T23:55:21.308005,analytics,performance,critical
3664a9dd-215c-4e61-a057-2ac6f89aadbc,82082280-64e6-4c10-9dc7-a21e393b8b5d,2026-08-03T01:46:00,2026-08-03T05:26:45.222601,identity,configuration,critical
b056ac19-5cec-4670-b368-8838bb258a4f,ebdb8a08-6377-4799-b48c-e779a8437c11,2026-07-06T03:52:00,2026-07-06T20:51:17.789098,payments,billing,low
45ff823c-c536-4e92-8ab0-f47fe8d996e3,3a3fcb6c-ef89-47c5-b1dd-00b96410a908,2026-07-06T18:46:00,2026-07-07T18:34:42.252536,identity,performance,low
368ef616-e0c9-49ac-bd86-884b50c5abe2,e48137a9-40c3-43b4-9fc8-8ac0dc2b05c6,2026-08-22T02:11:00,2026-08-22T09:33:11.266997,identity,billing,high
2ed31a59-d517-439d-b4d3-23740d9c406f,55bb39bc-941a-4c83-add7-6dd9934f8787,2026-08-14T05:30:00,2026-08-14T21:58:24.079187,messaging,performance,medium
2f294a3b-f57a-474f-b166-34be390560a5,aeee85a6-8ad6-4719-a929-461b782ef659,2026-07-17T08:47:00,2026-07-17T13:03:06.770160,payments,configuration,critical
c6eeaeb2-b68c-4968-8f78-f723627b2c63,18593340-cab5-4f6d-955e-98fae3452331,2026-08-03T01:38:00,2026-08-04T04:36:45.373808,payments,bug,medium
010eaba0-2332-486a-8643-378305c69b02,2282566a-bde2-4045-bdff-6e88b4b7e32f,2026-07-07T16:56:00,2026-07-08T03:25:15.516793,identity,bug,medium
86893ca3-e97f-4ceb-809c-82cb54700ec7,c79859bd-194f-4701-acf5-1214515ef611,2026-08-20T13:33:00,2026-08-21T06:25:55.899321,messaging,bug,medium
aa505326-7753-4cd0-9dcc-1d79e1ec83a0,ab0453bf-59a7-48a4-8e79-1ab2d521681e,2026-08-17T01:15:00,2026-08-17T12:40:30.039056,messaging,bug,high
fbdc1f41-61c3-4023-b4f2-a8c01791e4f0,34c29c2f-9830-4a35-8e34-8c882243925b,2026-07-05T17:13:00,2026-07-06T09:20:55.485307,messaging,billing,low
4c241650-1a91-4777-89fa-faabab3e2abc,7aedefc4-7fb3-4dca-913c-d3db0cf57f7d,2026-07-22T17:27:00,2026-07-22T21:48:07.683677,messaging,bug,high
3b2d3986-226d-4134-8f82-fe57cb0b3b80,2742a393-09d6-43b8-8be8-dcad01e4a515,2026-08-18T07:46:00,2026-08-18T18:27:57.686822,analytics,performance,high
a7dc90d6-8a14-4e74-a070-c13a63065569,c052beb7-1fb1-4fc9-bf98-1661286f6c36,2026-08-26T18:48:00,2026-08-27T07:50:22.919805,analytics,bug,medium
bd42be4f-0ae6-40e7-bde0-c9428ed804c5,a5929509-15d9-4390-83d2-569a98ad137c,2026-08-23T22:02:00,2026-08-24T21:31:56.017063,analytics,billing,low
57234e52-e545-4e5e-993d-3de8f5e50c96,38dce2e2-4b22-4eda-b65a-f0c1a9bc5401,2026-07-22T14:17:00,2026-07-22T19:21:55.361643,analytics,billing,high
a10d0371-8e1b-4ace-b11f-392efeeae4b7,c3b568fe-52ea-4e8c-a038-45b50992e3ef,2026-08-25T08:52:00,2026-08-25T23:07:45.773141,identity,configuration,medium
71a1e37b-e584-477b-9712-1e92c80e609d,9db2502b-f933-484b-b495-955cf0d85adc,2026-08-11T21:02:00,2026-08-12T00:37:18.029115,identity,account,critical
620f41a5-c970-4028-bd86-e194a5a1ec9a,d23a8dfb-8c58-4b7b-a980-6a6969e4a8d9,2026-08-03T08:59:00,2026-08-04T16:43:03.111068,payments,bug,medium
4bf71203-0ee8-4432-a99f-dacbe26cd4f3,a05a680b-49e8-41bd-b76e-4aab0003c3b5,2026-07-04T19:00:00,2026-07-04T20:37:44.377536,analytics,account,critical
9f048f80-9313-4c27-821e-9ff596a7a8dc,9fb16aab-852e-49a7-a0b0-a432910a3c06,2026-08-12T04:27:00,2026-08-12T13:44:33.683135,identity,performance,high
6b321c12-d3c4-4cfd-b5df-52836834ab8a,8d157551-b267-4dc5-aa1a-03a53c355fd4,2026-07-24T11:08:00,2026-07-24T17:39:34.093068,identity,account,medium
9fe419c0-af0f-42e0-be6c-0dbd2c1250b0,5559712d-a90f-4c9d-a367-41d9ae8e631d,2026-07-27T00:24:00,2026-07-27T06:12:03.716837,identity,configuration,high
dadf508e-2ce6-4ae9-9def-7bdc4a7cf1f0,2d2eae31-dfde-492c-b616-aa791a57833f,2026-07-09T05:50:00,2026-07-10T02:11:04.286527,analytics,account,low
8aab4d28-fa22-46c0-80dc-1f4417e60dce,7df56c8e-a8a9-433f-bcfa-037db573bc10,2026-07-11T23:50:00,2026-07-12T08:04:06.504567,messaging,configuration,high
cf119f00-ba24-4b38-986f-847773e65eae,f2b1edf6-03a0-41c9-a892-9a912598f308,2026-07-26T19:04:00,2026-07-26T23:30:27.789798,identity,configuration,critical
8e293521-ee59-411f-b697-28663bfe1a54,b7863643-83b7-40a3-8ccc-a6c803f4b34c,2026-07-15T06:45:00,2026-07-15T11:56:42.952078,payments,account,high
3a093d47-cf05-4296-8624-9a5673840709,cb32270b-c7a4-48ca-bd13-64027691f663,2026-08-14T21:40:00,2026-08-15T07:15:43.046896,messaging,bug,high
6cdec59b-408b-46c9-aa7a-92d87f85b4ae,6a7adeaa-8fe6-4138-a998-bf2c464b2417,2026-08-04T13:52:00,2026-08-04T15:40:27.528397,analytics,billing,critical
0fbd1b09-de02-4c07-a931-778bbf995921,39b4506a-3a33-4718-aabc-bbb09a4ff9aa,2026-08-08T05:30:00,2026-08-08T08:21:52.596537,payments,configuration,critical
087b3b67-a211-48dc-82cb-41d4d00a4967,80fec95a-69e1-4e61-af85-dffab05c5f1a,2026-07-01T22:54:00,2026-07-02T13:59:35.639434,identity,performance,medium
9e958ad5-ca9b-4ec4-abfc-6e86c53e8109,abfcfb30-286e-4e79-9341-057c509b70b4,2026-08-06T23:08:00,2026-08-07T09:22:23.400872,analytics,billing,medium
ff871cb5-7f44-4060-ae1f-29fd33b2eee7,97470ed1-6626-457f-83c1-5a36b1886883,2026-07-06T17:22:00,2026-07-06T21:35:02.586423,identity,account,high
3097390e-3dd9-47b1-a51e-d772d6c84139,a9ab2400-3da3-4e49-ad10-d0c77589bff5,2026-08-04T02:01:00,2026-08-05T08:30:43.793285,payments,bug,low
b72c3f2b-35a2-4a60-abb3-28f301ae52d1,d0784ad7-b728-4f20-89c4-da5d4f9950fd,2026-08-27T18:45:00,2026-08-27T22:40:36.803715,analytics,performance,critical
f2d2f697-6c4f-428b-9d16-90117bf8abf2,5985c547-787b-47bf-8760-1532d8f48342,2026-07-29T18:23:00,2026-07-30T02:35:44.907955,messaging,bug,high
12c46099-a623-4ef6-9888-a3965fa087d7,c29884f1-59e9-4a3b-9fae-8d3da89c4884,2026-08-22T01:43:00,2026-08-22T09:52:03.286346,analytics,configuration,medium
150e2949-3568-405c-8c21-7a901aff6676,4c6846b4-2570-4c95-9c98-15fcd30da68a,2026-07-28T12:12:00,2026-07-29T01:17:19.562671,analytics,billing,medium
5b1ab68c-afca-4554-9f90-7a912d662c8a,47c13a2f-5223-4e30-972e-a3fde38dbf08,2026-07-28T23:56:00,2026-07-29T04:23:10.494842,messaging,account,high
fe8947fd-4b70-4ec6-981c-fbc9e38e6939,1d2afb56-bd22-4c72-ad5b-1b1dae71391c,2026-08-04T04:01:00,2026-08-04T11:10:53.589060,identity,configuration,medium
24bdb0f1-ccf6-4653-ba63-e5542af927f2,cd847ec6-1ff5-4cd1-a48c-11fcf6d08bbf,2026-07-30T02:46:00,2026-07-30T17:30:51.800246,messaging,account,low
af735862-96cf-45fb-b384-2fb1b7fd6c45,c7ae30f0-902f-45f6-81af-9fbb000d6f76,2026-08-11T21:23:00,2026-08-12T20:02:08.938311,analytics,account,low
de90e11b-ca2a-4fde-a568-3071e2250da6,1ff42b5e-6f23-4cfb-9b04-9de41b67145a,2026-08-17T18:15:00,2026-08-18T05:01:51.237156,messaging,performance,high
836acc66-a598-4913-9645-1cc69de2cf7c,1b0badcb-b925-4e38-82ee-30265a1a21f6,2026-08-06T19:53:00,2026-08-07T08:40:31.714538,payments,performance,high
c3e1f6ef-6c1d-4eae-bf92-284ed4d668a9,f7d0820d-b823-4f1d-9291-b2a05dc3ef56,2026-07-12T04:49:00,2026-07-12T14:31:28.312413,payments,billing,high
df584832-a2d9-44bf-969b-3e1eeff0c872,3343fede-9b0d-4492-86ed-7550294dd204,2026-08-15T01:07:00,2026-08-15T03:48:16.671194,identity,account,critical
d855821b-dfcd-416d-ada3-9b7bcbdd0593,79102fc9-0ca1-41fa-be87-e82273d475c6,2026-07-01T15:06:00,2026-07-02T13:59:45.388617,identity,performance,low
56d93a45-c264-47eb-b176-1910e0f6c474,009a6af2-0cbd-46d8-bccc-78a9bf1c9528,2026-07-23T02:35:00,2026-07-23T21:20:25.545272,messaging,performance,low
a18c9e58-c10f-40b0-b652-b29c97a21c2c,137ff90d-5a17-46fc-a914-384f0db13d1e,2026-07-23T05:48:00,2026-07-23T13:46:02.311865,analytics,bug,medium
f111bdfd-45f8-4e20-98ee-6dc39b074de1,6029f5c5-d653-4837-9ed4-fe2ffdffd524,2026-08-24T22:18:00,2026-08-25T00:31:32.471464,identity,performance,critical
279d321e-d7db-4112-ad7e-7f6aa9cbd551,eeffded7-e248-4361-bf03-e81affe61964,2026-07-18T06:18:00,2026-07-18T08:26:17.175453,payments,account,critical
4002679c-60e4-41c4-80ff-8b72cd5318a7,9f9412d4-ea2f-42b9-adcd-bc2ed2b7f3cd,2026-07-13T03:06:00,2026-07-13T05:28:02.234866,payments,account,critical
3730c941-5cd2-4d8c-ae45-80650ec0c48f,283996a0-2dd8-47ae-b4db-e654acfeb5e7,2026-07-04T15:12:00,2026-07-05T01:03:57.312640,payments,account,medium
3c4767b2-120a-4189-9467-d98da0904273,93fbd42a-362f-4f09-8e5e-de89982a9a03,2026-07-15T21:58:00,2026-07-16T01:19:06.964350,messaging,performance,critical
80ce1ade-7099-4636-b9f0-ad86394c4085,f87308d3-7da6-4ceb-8b08-01ae28c3f79d,2026-08-24T01:02:00,2026-08-24T21:19:19.661267,payments,configuration,medium
846d4cb9-ea2b-47be-a666-0a38a8a93a13,0ddafe6a-a2b1-4c79-9058-f7839751fb72,2026-07-22T13:12:00,2026-07-22T22:24:49.120247,payments,billing,high
49dad357-6d61-4cc6-b96c-6dfb2106dd3c,7cba89fc-32f6-41bb-9d03-c1356e227fed,2026-07-05T06:05:00,2026-07-05T12:20:37.055010,payments,billing,medium
db8b7709-b2d2-4578-a6d3-4fd0921cf105,5e003b26-c53a-4f39-8c5e-1a12b3ae3aee,2026-07-09T13:10:00,2026-07-10T05:47:08.533238,identity,bug,low
a0c1e363-8d8e-4eec-b837-44d8eb4c23fb,b5edf4a7-0650-4907-ad07-3ebedb7e8cf6,2026-07-18T04:39:00,2026-07-18T10:59:48.050338,payments,billing,high
42ecb770-477f-4c8f-978c-1075953069e8,8575f73c-c4c5-4e67-a8fc-c25213363c88,2026-07-20T08:02:00,2026-07-21T03:55:01.317275,identity,performance,low
2b2a9441-379f-4eca-9806-f9de5be76e68,eb371fd7-ea72-4e61-a6e6-6998791ee659,2026-08-17T19:28:00,2026-08-19T13:34:36.474057,payments,account,low
d0a6d2ab-2674-4325-8eb0-de16424dee4d,6b842a6f-8d5b-47c9-a639-4bdbeca90530,2026-08-13T23:43:00,2026-08-14T14:37:30.968194,identity,configuration,low
e5c7339d-4da0-40c0-8e37-2ca61a9fc6e8,af5699c8-6531-4f42-ad79-08941db72dd2,2026-07-25T11:02:00,2026-07-25T12:42:21.852665,identity,billing,critical
cf4b2238-fbe7-43e0-9d68-a84057d2d542,f430d2f6-5fd5-40af-8541-f0919f52978e,2026-08-10T06:47:00,2026-08-10T19:24:52.720186,identity,performance,low
7d989ba5-8588-43df-a24e-bd152bdd2e9c,dfe7d2cb-32f0-4108-93c5-353953c4023b,2026-07-21T03:04:00,2026-07-22T00:57:57.040981,analytics,bug,low
01842d71-f714-4130-8e64-08ae34258220,ea63528f-5f91-4142-b024-af75497e2d2f,2026-08-05T19:16:00,2026-08-06T09:20:52.376067,identity,billing,medium
a0ad3ec7-7427-433c-ade8-14a3142ac957,bb31be0a-22b1-41f0-ac54-386e6e373553,2026-07-17T18:37:00,2026-07-18T06:31:47.367441,messaging,billing,medium
778183c5-0579-4492-ab2e-bc77199b4a2f,867f8b3a-4341-453f-8ba4-ac26c49ff6e4,2026-08-12T13:08:00,2026-08-13T06:24:14.884832,messaging,billing,medium
9eb06018-006e-4264-ab91-8e39e350a187,85582b05-a8a3-4862-a236-2e563f1473ad,2026-08-07T16:45:00,2026-08-07T21:02:08.661701,analytics,performance,critical
1f2e1e9a-5762-4023-9139-88e5944a85da,301f3fe6-334d-4aaa-95ef-3739006a0acd,2026-08-13T12:31:00,2026-08-14T01:14:55.332103,analytics,performance,low
3ae8e5ea-5bc6-49d7-a38d-40fa0ecac263,78b0062e-2afd-4550-b085-34248fc195fc,2026-08-02T21:43:00,2026-08-03T01:36:33.760885,analytics,billing,critical
15d0554b-7f1f-4393-853c-b360e0ac7633,46b9fa20-a17d-4f91-b36f-190080c3c978,2026-07-31T11:56:00,2026-07-31T17:00:55.834915,identity,billing,high
9d8703cb-8d8f-4868-ac39-3415e7629c87,f9cb77bc-9a87-4ecf-b310-e61465687bad,2026-07-27T04:24:00,2026-07-27T08:16:23.722374,analytics,bug,critical
a77d7d50-be3a-4cea-8a43-84a1be9a3911,07dff140-3555-4049-a325-4efeefbfceec,2026-07-28T01:55:00,2026-07-28T04:13:38.685277,analytics,billing,critical
5f2775f2-9a5f-486f-b2bd-37da76470af1,73f90ab4-0154-4414-bcb3-286398f3e3a2,2026-08-28T23:35:00,2026-08-29T07:38:02.579076,messaging,performance,high
698e804e-2f98-41c8-b502-682302ec2e14,a7fb7cd0-4992-4061-abd5-c21c1b5a09dc,2026-08-08T23:02:00,2026-08-09T09:29:18.011603,messaging,performance,medium
984f7fb6-4d17-451f-a184-deee8e5c9608,45540f9d-accc-42ac-9b0b-a9c2a5367d81,2026-07-01T05:17:00,2026-07-02T05:27:11.472060,messaging,billing,low
98127b76-e592-4996-ae73-b5902927fe80,b08eb9f9-f0fe-4263-8908-f4e918769595,2026-07-23T07:27:00,2026-07-23T16:31:27.630997,messaging,billing,high
e35b2c36-7620-4ad0-ade6-7941001c7b68,1b126cad-594c-49ed-9c0c-7ac28a373082,2026-08-06T17:32:00,2026-08-07T07:37:20.547858,identity,performance,low
b9abf730-c675-41d3-87fa-b4550512c169,29eff12c-99af-4407-8285-d24dd167d98b,2026-08-10T18:16:00,2026-08-10T21:42:13.439833,identity,configuration,critical
7854b120-c945-4962-ab94-905980245d50,d77e6f03-68e5-43f7-81bc-a51b13df8823,2026-07-20T00:16:00,2026-07-20T18:02:16.615880,analytics,account,medium
e70c5e17-d437-4dae-b27e-5ad21b6e9ea7,d8b9a01b-96ca-4fc3-829c-c0d2243abcce,2026-08-21T22:47:00,2026-08-22T09:31:12.870154,messaging,account,high
df2d3666-1434-40c4-a5c1-9c1a65babd51,16fee0fd-0ac5-45f7-b2c1-5bb791d83f35,2026-08-24T10:41:00,2026-08-24T12:17:11.322354,analytics,configuration,critical
96a308f8-3694-4101-bc04-9c5cba98bbfc,85b01deb-94b2-4126-b509-954f8673679a,2026-08-26T10:53:00,2026-08-27T11:29:07.046600,identity,configuration,low
4ef4cebf-87a3-4873-9c56-90ffea9aec40,6d4b93dc-c560-4d1b-84de-dace0d8b9623,2026-08-24T08:38:00,2026-08-24T15:31:07.507585,payments,billing,critical
e349b133-5559-489c-8077-f9c66abadead,01a67314-1564-47c0-9e71-012e5d3213aa,2026-08-09T17:35:00,2026-08-10T01:09:53.244757,identity,billing,medium
2c513b7a-6cc6-4694-ba87-2538d36c805a,cbc7a2e2-5095-401e-a103-420cb317321d,2026-07-21T05:54:00,2026-07-21T17:15:13.396696,identity,performance,low
0a299adc-4583-49b4-9c3f-1ce622a90117,07580945-09bd-4c20-b1d5-a2ce2ce8f168,2026-07-15T06:51:00,2026-07-15T15:46:38.434043,analytics,bug,high
7b7c352b-4b1a-4ebd-ba7b-7652271561e5,502c47ac-7414-4789-8d1d-c0af8caf179d,2026-08-21T04:32:00,2026-08-21T08:39:48.968798,identity,billing,high
e080e652-22f7-4dd1-a94f-236c9c28d777,3922b048-b9a2-435d-80c7-840d2f6780ed,2026-07-07T15:58:00,2026-07-07T19:41:26.175097,payments,performance,critical
2a6ab51a-7171-4a1d-a806-07c796c97c73,d9ffa252-ac2e-4602-8da4-0e8e5c2c8c30,2026-07-15T20:50:00,2026-07-16T08:20:44.548594,payments,billing,high
26f97672-166c-4dba-b01e-d3e1af6afa9f,0d6d717e-37e1-4656-81e6-10204c7d1309,2026-07-28T07:44:00,2026-07-28T14:54:53.520165,payments,billing,high
0d7c85f5-6c35-4efc-9136-18c6c409b519,e7d003ed-24a0-4b63-a8ab-3c3f3bcd025a,2026-08-11T23:16:00,2026-08-12T16:10:28.516184,messaging,bug,medium
83900480-ce4e-4566-87ab-58436111055e,b4f04f5f-e99d-4136-9e54-fdeea280e087,2026-07-12T17:17:00,2026-07-12T18:57:24.332589,payments,performance,critical
2ecf5f8a-0a05-4c77-bdb3-98b8c77fbb0d,87361723-d3d5-4427-ba7a-364e12f081ce,2026-08-29T19:48:00,2026-08-29T22:51:59.290680,identity,bug,critical
9bcad8d9-8b58-4178-9bb5-e6d7e82e9bb3,3f73f637-986b-4ab5-81ac-77b5b03cfef3,2026-08-04T23:46:00,2026-08-05T08:22:15.395031,analytics,billing,high
6c8f4bcb-9db3-4538-b84b-07c84b3a96ce,0f488571-8068-4e13-a043-d219a6aff2dc,2026-08-03T16:26:00,2026-08-03T20:10:34.008749,messaging,configuration,critical
d267965e-f6e8-4f72-882a-30458887c1db,36bea31d-0847-4a3e-a552-5044605ab759,2026-08-22T08:00:00,2026-08-23T06:33:16.884716,identity,performance,low
44142e75-5070-4891-88c5-2ecf7bfb5ee4,051fc5d0-e6cc-4ad0-b19d-7a1897449a56,2026-07-30T13:01:00,2026-07-30T21:33:20.227556,messaging,performance,high
60f2e042-8609-4bca-8a6e-f312805445c0,20077ab0-014e-4c30-a3c9-8fedf6842f53,2026-08-05T05:01:00,2026-08-06T12:47:30.031180,payments,account,medium
be249db8-fcb2-4faf-bb3d-397ebad8fd2b,a09a1faa-a18f-4dfe-86b6-03f5784c5065,2026-08-26T12:22:00,2026-08-26T23:06:22.767335,messaging,billing,medium
7e342a64-2ff1-40cb-85c4-d45031946ece,3581577a-abf3-4c9d-a7de-0141e3d79e6c,2026-07-11T20:40:00,2026-07-12T15:59:50.669914,analytics,account,low
037ca5ec-9f7a-4286-b557-c31cfb33ee21,76e55ba1-08b9-4735-85d8-6eb84e24550f,2026-07-13T19:22:00,2026-07-13T22:04:08.381683,messaging,bug,critical
55f8625a-7cea-4eaf-a38f-8d3a775c1780,6db2a1d5-3e3e-47fb-b756-cebde5405195,2026-07-01T16:11:00,2026-07-01T23:02:02.264707,analytics,performance,high
fe445db5-7c9a-4ea7-a24c-5475fe7892e2,cea8899c-4e93-464d-894b-e4536e12581a,2026-07-30T00:06:00,2026-07-30T04:27:11.699046,messaging,account,critical
23444215-d4ab-4f3f-9c5f-de7567284277,4b01d7be-6f7c-4837-b8ac-d0859c17730f,2026-07-31T02:05:00,2026-07-31T04:33:02.715958,messaging,account,critical
30bc3699-f744-4df5-9cab-50c5b4bf5357,4890cee3-76a6-468f-971a-df8b4196bf20,2026-08-02T15:05:00,2026-08-03T17:55:29.633494,messaging,configuration,low
908dd4c1-5748-474e-b2a2-e45b4c11ce66,0c3d4b89-bf43-4a1e-8a4b-9b7d797721b1,2026-07-16T16:03:00,2026-07-16T18:22:25.649415,identity,performance,critical
eec75c28-4b76-4264-99fd-75ce6ecde3e0,b9aa13ce-7bd5-43cf-a4bb-df1b473d2b70,2026-07-01T14:57:00,2026-07-01T17:27:45.847658,analytics,performance,critical
b4daaf64-a376-4a03-b4cb-fb616565af53,ec287a9d-3edb-4fd6-bf97-08606fb055ab,2026-08-07T18:25:00,2026-08-08T22:11:48.689040,payments,configuration,low
35770e59-0d58-45df-b967-79c79ba61dca,86366d71-2b36-4cea-a9cd-4a37b69061c7,2026-08-07T17:58:00,2026-08-08T00:34:02.767934,messaging,configuration,high
77ed5636-d31d-402c-806c-4106e14ffe20,5fb4c8eb-3c12-4e7a-9908-5d912d323f6f,2026-07-15T00:12:00,2026-07-15T06:16:48.348642,payments,configuration,high
ea32c5a4-825b-4f19-8733-6b9ae9d216d2,b3e6b025-9971-436f-8448-a5c7dbef555b,2026-08-16T15:07:00,2026-08-17T02:42:13.075280,messaging,configuration,low
a08ac336-2077-4642-ad8e-96084356c999,edf8025e-6178-4899-8978-a01e1a63fd39,2026-07-19T08:39:00,2026-07-19T12:53:11.212914,payments,account,critical
c116949f-3b48-4a4e-bb53-327184f60f4f,175ed109-0d23-4c01-9da5-ad7bf3220154,2026-08-08T18:10:00,2026-08-09T10:12:16.687620,analytics,account,medium
ead59c95-f046-454f-a015-400acc3b3e37,44b9f173-6e68-48a8-a72f-14898a0b1a4a,2026-08-12T18:37:00,2026-08-12T20:10:34.702433,analytics,bug,critical
657df827-8f89-4723-9f33-2f6b22d8a3c3,1212d51a-a0ed-49da-a34c-97ff30d4b159,2026-07-23T07:32:00,2026-07-24T08:24:26.918335,messaging,billing,low
918e28d1-0352-4f7c-932f-54b8e70a330b,8656a857-6c8a-48da-ad7e-3d73eac385ea,2026-07-28T03:38:00,2026-07-28T15:47:08.404233,identity,billing,medium
e3716ad2-c422-482b-87db-3b9ba8b7710c,9f49c08a-4b90-4068-8cfd-cdb65825ab02,2026-08-07T10:18:00,2026-08-08T09:39:05.922148,analytics,billing,low
a027ce72-534e-493a-965d-b573d9746b6c,172f3ac6-6674-4c8f-88dd-082b4b364fd8,2026-07-31T06:58:00,2026-07-31T13:19:53.141615,analytics,account,medium
5585fa88-8fa7-4b73-b68d-c1b443c2e587,787d2678-d478-4504-aeae-c96cb0567aeb,2026-08-25T09:45:00,2026-08-25T18:58:45.760210,identity,bug,medium
5edaef54-d3f7-4eac-a2a5-b2a8a7260e20,3564b206-1617-4df3-830f-ce4a51654496,2026-08-22T15:30:00,2026-08-22T18:54:50.076494,analytics,account,critical
48c59bdc-4877-47af-8e09-fcfd01fd84a0,859e3f20-21f8-45c1-afa3-e3b02234a137,2026-08-25T06:53:00,2026-08-25T10:59:14.470966,messaging,account,critical
149bd711-06f1-42b0-b559-cb245e5ac479,67dc48bd-bde1-40a6-8ba5-41acd58499c5,2026-08-22T09:58:00,2026-08-22T16:39:35.098326,messaging,billing,high
1493e427-0ea1-4864-893b-a91b7119dc4d,4e1dba40-89c3-4653-9d08-0bce7a59dab7,2026-07-14T21:55:00,2026-07-15T08:16:03.393098,identity,bug,medium
36d3f7d2-e26e-4b6d-a65f-69f2ef34cead,f136adb2-7395-460a-933b-6df72e9e51d2,2026-08-25T11:14:00,2026-08-26T01:36:43.802426,identity,account,low
f94b62c0-54c7-4461-8793-6231ceff59bb,f3fb5025-d1dd-47a4-852e-555806420dcb,2026-07-04T20:16:00,2026-07-05T06:17:41.117085,messaging,billing,high
cf670cc3-622a-47c7-a5c7-b51677658b44,04207be2-6c4f-409c-9c96-f952aaa5be37,2026-08-04T08:58:00,2026-08-05T04:16:52.791382,messaging,configuration,low
8300544f-c644-4b1d-855a-7889a0c2ad1c,7213510c-a5d7-41c9-a1bc-4ad8b1b23b5e,2026-08-15T08:28:00,2026-08-16T01:24:46.897395,payments,account,high
9a09273d-a625-40ef-b644-17aaf2ef68b5,785517f3-d5b5-47de-a46f-779c9a211b0f,2026-07-31T15:42:00,2026-07-31T17:12:11.769413,analytics,billing,critical
31093587-6023-43e9-9ea7-81ef61450cc6,4ae27943-cdde-4c18-b9b4-960067fce335,2026-08-26T03:50:00,2026-08-26T17:38:29.100038,identity,configuration,medium
c3653d00-7a0b-4745-aa17-1ef8af97742b,2d04671b-2acf-4ab9-942e-96b43640e2be,2026-07-05T00:45:00,2026-07-05T12:02:26.810073,payments,bug,high
93322581-e284-483d-a3fb-186d26f8d394,31d0611c-5149-4203-967f-82257ef8f52a,2026-08-24T15:44:00,2026-08-25T07:43:29.573303,payments,configuration,high
4fb1fc4f-bbdf-45d2-b6d0-e0e1adb10623,f6240005-38d4-4cf7-adf0-fc7ed4ae7c5e,2026-07-02T14:21:00,2026-07-02T19:34:42.667846,messaging,billing,high
d9797299-5585-4c8e-a188-c712df5c3d44,2877a6e6-d66d-4de2-ae63-6cd524f0974f,2026-07-21T16:40:00,2026-07-21T20:09:41.869270,analytics,account,critical
abc473d0-91dc-413f-8bf0-016e66da5332,7af3a0ff-646b-4b8f-aee4-adeaabaf669f,2026-08-12T21:16:00,2026-08-13T00:08:50.979383,identity,account,critical
8582d931-d5ae-434a-ba53-f2b2f5f371f5,33325da7-62c6-4d84-8444-285394c47680,2026-08-25T11:49:00,2026-08-25T16:21:00.778266,identity,bug,high
def987f8-888c-4bb6-90fd-db56139486cb,f6b05cb3-91d6-45e1-870a-47dac951b2f3,2026-08-08T17:12:00,2026-08-09T01:37:03.356696,identity,account,medium
b403a4ce-66be-406f-860c-1f07bb9a7c38,6ac004ee-6486-4050-91df-c2a13118dca7,2026-08-15T14:08:00,2026-08-16T08:39:42.935490,payments,account,high
e4d20ecf-5830-4f7f-abfb-b93941544130,f05f3aea-7389-41e0-9557-92034185d9ac,2026-08-17T07:57:00,2026-08-17T12:47:53.410343,messaging,account,high
66791d04-e62b-4376-99cf-017517d5554e,805efb39-82df-438e-8ef0-50667b9db308,2026-08-08T06:07:00,2026-08-08T20:33:08.195305,payments,billing,medium
5f078993-8cb7-4bca-8741-04f0f855b146,84791da3-f143-4263-a890-0cf242962e36,2026-08-09T01:57:00,2026-08-09T05:35:57.460315,analytics,configuration,critical
e7f12585-b7f4-4b80-9e22-1d724ff6afb2,2b22fad2-61e4-4757-ad78-d242a6836483,2026-07-26T11:33:00,2026-07-26T15:33:57.351354,payments,performance,critical
ddcd4673-39cb-454d-9747-595ecd596602,7a25be7e-ad43-42c4-8eed-23f0e0e10328,2026-07-27T15:03:00,2026-07-27T17:07:38.673875,payments,bug,critical
6166e00a-82a6-4e3d-aefe-9312532a34fd,43604de8-9dec-44be-a597-1eed0593e6f1,2026-07-01T05:26:00,2026-07-01T21:33:15.933398,messaging,performance,medium
8e2cc26b-801b-445a-ac42-5cb9ce05158f,18d371a9-2fb6-4663-85d5-0ce6eec7fd5e,2026-07-20T10:41:00,2026-07-21T13:21:15.845560,analytics,configuration,low
eaa72da3-cdbc-4403-ac58-347feb9b64e4,5d2c138f-c4cb-4694-9908-85dc63cf9a74,2026-08-18T04:59:00,2026-08-18T14:31:19.725316,analytics,performance,medium
9cd14869-68b8-44c3-b05a-9b012260e69c,5849eafb-a70c-4f50-9347-056b106a744f,2026-07-14T08:25:00,2026-07-14T16:55:18.041034,messaging,configuration,high
7158b822-9751-4244-9b68-1f3ec68187cb,7aacbd06-bfa6-463a-9b16-4522537bcf15,2026-08-07T17:05:00,2026-08-08T01:54:36.475604,analytics,performance,medium
b9636bb3-7145-4dde-b4c6-cff416d016ee,55004e96-7536-4661-9ec5-3febdb1cd1a6,2026-08-11T21:15:00,2026-08-12T00:35:34.275937,payments,billing,critical
949d9c29-6086-4bda-a097-bcc6ec067dae,3e6d9ee1-e821-4613-b60c-0a3bc22a8224,2026-08-26T20:37:00,2026-08-27T05:21:09.556383,analytics,billing,medium
5a959523-6dab-451e-abc6-659a0d1c7b86,7aed9a88-720e-4d7d-8406-3ad2c2cecedf,2026-08-22T04:11:00,2026-08-22T06:37:56.670812,analytics,bug,critical
e3c42688-c822-4094-b3ae-aa2b779f9a35,80b4aa51-e244-439f-9a0d-84b3e45a2677,2026-07-25T19:47:00,2026-07-26T06:15:45.690465,messaging,bug,high
bd394e64-08fb-415f-9796-2e19d1bc84e1,6f46341f-2b19-46f3-bd9f-111cca5f4aa6,2026-08-10T15:40:00,2026-08-11T11:57:17.369824,identity,configuration,low
3dd317cd-898d-420d-80f7-629bbdaf5a85,c0cb0a50-5669-4879-8e34-4f3fa73a3564,2026-08-10T12:29:00,2026-08-10T18:59:39.586659,messaging,performance,high
93a3203a-4157-4bae-a807-901345dd90cb,21bf8d0b-1518-4fc3-8311-9bcc54f48d5d,2026-08-24T00:11:00,2026-08-25T00:21:25.941221,analytics,account,low
7c22b6f0-ef78-4b1a-9f2a-7ccc25c847e3,e4183dcc-70b6-47fd-a121-eb4365fd535a,2026-07-20T03:02:00,2026-07-20T18:22:57.705147,messaging,account,low
87a4f2cb-50c0-475a-8a20-c9f1798ab579,cc9572cf-0d21-4538-bbc9-b4746216b9c6,2026-07-06T21:33:00,2026-07-07T16:35:27.147608,identity,performance,low
14df00c1-59cd-4700-836a-e3ec04e8c0ae,5a104a95-2443-452f-a350-ad3f97a507dd,2026-07-28T12:49:00,2026-07-28T14:49:10.601276,identity,account,critical
9e54db5a-ef27-4474-98a4-078446afeeaf,4258d732-787d-42fb-80d7-1d14a0d65d6f,2026-08-20T01:20:00,2026-08-20T16:27:37.610719,payments,account,high
b48b0e8c-ffe6-47bc-936f-b07c84d3a54c,baa4806f-b782-49e9-9e4a-9d03f7a5fa5c,2026-08-10T08:23:00,2026-08-11T08:53:08.647034,messaging,billing,low
3cec5277-c85d-490b-b5ba-eefd9f86e4c9,a907aa9c-9e7c-4aba-9862-7f371fdc583e,2026-07-02T12:54:00,2026-07-03T00:37:00.761547,messaging,performance,low
8ee9cc5c-a52b-4e39-94ed-e1ed45151732,050be5a9-58b3-4d96-982b-7f679c347fb4,2026-08-24T00:54:00,2026-08-24T08:16:27.103945,messaging,bug,medium
6edc253a-1ef2-41a5-bf22-8e914346070e,8242e34d-d2a9-40f1-b5f4-2bf89260e2ad,2026-08-27T11:44:00,2026-08-28T06:34:57.396031,analytics,configuration,low
a4dff964-3bd2-4c4f-aff5-24193ec0f0bb,d6bf2c93-08d8-4206-ad38-f65da263eb4d,2026-08-19T18:33:00,2026-08-19T22:35:31.212939,analytics,billing,critical
e43128b4-a706-4a07-87e7-fe5b9f3c3e5b,a5c53407-6f32-4a8f-98ab-f6e68aa9049c,2026-07-09T22:43:00,2026-07-10T00:14:16.062667,payments,bug,critical
461fa6b0-6d1e-4a25-b83b-b724da87681c,dfbdca72-fede-4408-b784-ec74b3949fac,2026-08-06T13:43:00,2026-08-07T14:25:55.346539,messaging,account,low
62200284-280b-4cdc-92b6-6d40f16434f2,a337057d-f41a-4122-8ab7-bc4098bc3347,2026-07-05T06:50:00,2026-07-05T15:28:00.070078,messaging,account,medium
b2c36c3d-24ce-41b2-8fd1-d3a9dc496b32,935a0f69-d766-497f-8a78-3dfe7dbc8d71,2026-07-14T08:32:00,2026-07-14T17:13:12.639959,payments,performance,medium
7f597d91-b437-4656-888b-5a22332143cb,ac508b19-897a-4f0f-83a7-1ed01cf18892,2026-08-16T13:07:00,2026-08-16T17:22:50.258485,messaging,configuration,critical
6823cb25-2829-477b-9973-e586f29fce46,b05a6b54-0b5b-4871-9bdd-7f6ac98b45dc,2026-07-23T01:59:00,2026-07-23T04:57:20.961819,identity,bug,critical
6320ff02-f2fb-466c-a192-9fa9050bd030,97142ab2-8ada-4223-88e0-077fd2830b18,2026-08-11T21:24:00,2026-08-12T15:21:30.688712,messaging,account,medium
3da39553-c476-4107-83a3-57802ca5c9b7,1af85992-b85c-48a9-8b24-c66efb07e77a,2026-07-18T09:15:00,2026-07-18T10:47:23.312826,identity,configuration,critical
bddec58a-0df4-4d94-9571-e23dbc184108,c24bb489-81c8-4316-878f-36480a9b1dd2,2026-08-14T07:30:00,2026-08-15T06:17:13.051812,messaging,billing,low
cb93d907-d9fc-4ee5-a0af-78c469000275,2b4204af-1be4-4960-8329-45f6b692f0d6,2026-08-29T21:51:00,2026-08-30T09:47:29.335959,payments,bug,high
9c8fc7e7-38fa-4b87-ab5e-864a31bac75a,8e588f10-a4b6-403c-938b-73f996d81d24,2026-08-27T12:53:00,2026-08-27T16:24:42.086799,analytics,configuration,critical
fab27255-dedf-47cb-bb4b-3b4866a2ca5c,9f4317ef-3a42-4633-816f-99743c2b6e73,2026-07-03T23:30:00,2026-07-04T17:56:46.884937,identity,billing,low
5e4ac007-cd83-4421-9f54-4b1989b7a070,24508639-9a0e-4d69-91dd-2a071b3f6c7b,2026-08-26T05:45:00,2026-08-26T23:11:13.488582,payments,account,high
8a97bdc6-2f7c-471b-b30d-26a404ddc633,e79efaed-cb0d-41df-843a-9b1ccb593bdc,2026-07-26T12:00:00,2026-07-26T18:56:28.161274,identity,bug,high
e2eabe02-0cf6-4bb4-9ec6-176d9a725fbb,dc03626f-83ee-4ff5-929f-54116e3397d7,2026-08-16T08:08:00,2026-08-17T10:25:17.417359,payments,bug,low
2ec215d3-a936-41a4-b231-c54e2c02e51d,515e8847-f13b-464a-a0b7-fb5c27138650,2026-07-29T02:04:00,2026-07-30T00:36:44.769729,messaging,bug,low
64fb2306-bf10-42f7-bada-4c120b1ed6de,ed990cb4-eff9-44b3-a437-eadc0e5075f3,2026-07-21T15:29:00,2026-07-22T02:17:25.762189,identity,bug,medium
15eb1743-4d2f-414e-9906-1f8f79709362,d9b3063f-2590-423d-abcb-bddd1f45b6c5,2026-08-10T09:51:00,2026-08-10T13:48:26.663336,analytics,configuration,critical
da762d0c-e76e-43b0-a17c-39ed3e474c2c,794fd328-fa72-4b9a-83e3-676f1bf31b06,2026-08-18T14:08:00,2026-08-18T18:16:06.087583,analytics,bug,critical
f2f3a987-ca57-4c39-aadf-e277ecfc71e5,f3352989-ed78-4788-997e-e3812ef72983,2026-08-10T23:46:00,2026-08-12T00:29:36.430089,messaging,account,low
593700d7-761b-44ca-a7bb-b1908fcaf847,38f1447c-0658-4f10-ac4b-1f9b07daee62,2026-07-13T22:28:00,2026-07-14T05:19:26.222311,payments,configuration,high
3dd71a7b-a02a-4d1f-816f-4d2e9d004701,32b2cdaf-bee0-423a-bb5c-e5de1fd2e8f9,2026-08-16T15:18:00,2026-08-16T19:43:44.328442,identity,configuration,critical
b9f0a22b-1594-46d4-b037-d0e861318dfe,1a2fbdab-322a-45c6-a9ff-7adf6462ca66,2026-08-22T07:01:00,2026-08-22T22:50:58.199878,identity,bug,medium
064d67c1-67b8-4003-a35f-f0015d4f6535,d232cc77-be05-4ce4-ac7c-2056677bf4c6,2026-08-08T12:37:00,2026-08-08T22:48:42.308798,messaging,configuration,low
a83d29ce-86e9-4c52-9668-ec788946d277,16dc94cd-b2b6-4f16-908e-c0cfa162b900,2026-07-20T20:04:00,2026-07-21T03:54:17.256021,payments,account,high
88e9cf16-abcd-4601-916d-989174ded64c,a402d389-5ccb-4570-bd93-93638e07382f,2026-08-15T09:13:00,2026-08-16T00:48:06.026037,payments,bug,high
6c9dc240-14e7-4146-bd9c-a90277b8be76,cb0a06e7-afe7-4001-a89d-e3b2f3a33e46,2026-08-15T08:22:00,2026-08-15T21:35:01.342370,identity,performance,medium
1b755086-0d8b-409b-b035-7e8ea85eeaf0,60db276b-49b6-4eae-95a7-b8b2abd28b8b,2026-08-30T22:14:00,2026-08-31T11:17:22.855162,payments,performance,medium
29cac35f-457a-4fe8-83ef-9844d70253a2,4e963bfe-1889-47c0-96c9-a92d0a8fa886,2026-08-05T19:37:00,2026-08-06T18:37:09.335555,payments,bug,medium
86ece700-1345-4fd7-ab72-0c78a00b4ede,8d45c5bd-afad-4f3e-a622-62e6b02d51b6,2026-07-09T01:49:00,2026-07-09T13:11:26.879777,identity,account,high
ea48155b-b07f-410b-8805-14fe50614daf,73d8714f-7ea7-4fb1-989b-66472b7e73aa,2026-08-30T05:55:00,2026-08-30T14:38:10.811082,identity,billing,medium
5412716a-0c88-4243-a94e-8f5fdbcef4d2,e122df7c-1fdc-44fc-942e-4e7a74434873,2026-07-28T07:32:00,2026-07-28T12:05:06.409997,analytics,performance,high
8a073bde-36ab-4ae7-96c1-493834ee0c1b,d258ddf7-f3b4-47b4-a4c8-9045d6fd4610,2026-08-01T13:56:00,2026-08-02T02:55:48.967355,identity,account,medium
2b00ffbe-f666-495e-ae2f-c00e66ed42e2,a678e6bb-70ad-4896-b36e-b4a068642212,2026-08-05T09:55:00,2026-08-05T19:30:55.295907,analytics,performance,medium
833f4bf3-f258-4e99-9805-91c048e45ee0,3f674fc2-89de-425a-8823-aed1ad91b35e,2026-08-04T23:31:00,2026-08-05T01:32:48.208578,messaging,configuration,critical
aa254928-5c82-420e-bb9c-dbc129810648,d932e298-483c-4047-918c-de4700e3cb1f,2026-07-12T03:14:00,2026-07-12T11:35:29.357246,identity,account,high
5ba8208b-68e1-49f1-b0da-a5a27b5ef526,6374de04-1834-4a18-aee0-04adf00b5fe1,2026-08-29T04:36:00,2026-08-29T14:31:32.841882,analytics,performance,high
38cd8587-6990-4b73-b73b-f7b5915aeb1f,aa55cbd0-0d54-4907-9413-a749b1e59adc,2026-08-25T12:02:00,2026-08-26T04:59:18.583590,analytics,performance,low
307dd1c1-6234-44dc-af68-acf4d7976208,1f5d185a-17b2-48f3-b456-c1b1f2356dc0,2026-07-31T15:28:00,2026-07-31T22:23:23.055003,analytics,billing,medium
c8536480-ec2c-4cea-9dde-203b1e88d9a5,f7d9c9eb-1ddb-4082-b79a-780b28f0b337,2026-08-30T11:24:00,2026-08-31T08:01:10.371944,analytics,performance,low
99e70ba3-64c4-41b7-bba1-641793d426de,38a6d95b-b164-4363-884e-e118844eb479,2026-07-27T02:15:00,2026-07-27T12:57:07.981411,analytics,billing,high
74a3e947-5e20-4018-8b3a-76596c680150,69e4daf1-5379-4baa-921f-b6e89326d285,2026-08-30T18:29:00,2026-08-31T16:10:39.124288,messaging,performance,low
7130bc93-5812-4409-b790-8623af20803b,34e5065e-b907-4bea-b83a-745908eacfca,2026-07-24T05:22:00,2026-07-24T07:43:48.256649,payments,performance,critical
22921818-8764-4906-a357-a4c20891233c,d53ffed8-90f0-42f7-ae37-b5e3e6dd6728,2026-07-12T16:37:00,2026-07-12T18:58:57.047641,payments,account,critical
d09793b9-fef5-4e3e-a94c-eff50307062a,37300d67-b505-4928-ab43-82d95ac73b7b,2026-08-27T23:22:00,2026-08-29T17:52:20.920482,payments,billing,low
711f839e-ec04-4a2b-a4ce-6451e43fc2e6,9cd83059-9494-42dc-86c8-49aaa3aa56c9,2026-08-08T15:53:00,2026-08-08T19:30:16.465907,identity,bug,critical
97d24444-e2c0-4721-876b-abd47e9477e5,227586b7-a272-47cb-bad0-159b0879da16,2026-07-18T00:52:00,2026-07-18T11:51:14.616394,analytics,account,medium
8d16e705-37a1-4c98-8c03-4065afc2e850,d10d2c2b-1ddb-4a86-8f5a-19578ceb5f05,2026-08-11T04:19:00,2026-08-11T08:47:11.434941,messaging,bug,critical
83a0be22-f38a-43dc-8570-40bff406e208,e94e46b9-fb6f-41f6-84bc-ad5b317b4b3d,2026-08-07T16:05:00,2026-08-08T03:35:42.830371,messaging,bug,low
d5025001-5d45-423f-bdbd-8691f086a81c,c6b65273-99f7-4f8d-b292-52680caabaad,2026-07-29T12:44:00,2026-07-29T18:07:28.207114,messaging,billing,high
de57aa15-994d-4020-b21f-26385d85c421,c147cfb6-9a15-4be0-9950-37eac62aac5e,2026-07-03T22:03:00,2026-07-04T12:12:38.132890,payments,billing,medium
f843a552-5cee-4477-8d49-70115157647e,bc0e1b8d-586a-48f8-8a7b-60c5694a351c,2026-07-21T00:59:00,2026-07-21T11:17:09.610242,identity,account,low
c90e07c3-fbdc-4c4d-be62-f83fd7089eaf,811a0a53-1bde-4ebc-b191-2b09e095a6e9,2026-07-20T00:02:00,2026-07-20T16:43:35.661943,messaging,performance,medium
517fe296-4d9b-4ee9-ad82-66672b64c8f5,ac87140a-e800-4116-82e3-8016a227d7f4,2026-08-14T10:32:00,2026-08-14T21:13:17.420011,identity,account,low
a3f4827b-a196-4717-9d6b-c035555c76d3,35c220a0-be01-4d29-bcf7-3db6f42d4ab9,2026-08-11T04:09:00,2026-08-11T17:46:40.715201,analytics,configuration,medium
ef217474-3487-4751-bc11-d40cf3cd12f2,90efce72-83ab-4293-b275-161f8e1cbadf,2026-07-26T03:06:00,2026-07-26T09:27:00.451776,messaging,bug,high
93e1d167-d663-4cd6-bea8-d25617834264,61da642e-1214-4464-9042-6782eeadba56,2026-08-26T03:22:00,2026-08-27T06:56:48.949746,payments,billing,medium
bcae6dfa-7f3b-4936-ac3c-51fc6cb2882d,76f8a941-53bf-41d4-8b69-bbd9dde3d09f,2026-08-01T21:35:00,2026-08-02T08:23:42.226037,analytics,performance,high
e48b8683-4ed6-4ae9-94c5-427af025fba3,ab423d51-81fa-4f23-b5a2-eb02c1940ecc,2026-08-02T19:30:00,2026-08-03T11:55:21.520339,messaging,configuration,medium
92ad26b8-b3b5-4573-935e-1b8b4c24410d,33969dd9-a63c-45f5-a799-5f8265d06fc8,2026-08-04T07:20:00,2026-08-04T09:34:20.395265,analytics,bug,critical
d17b3a0c-457d-43d2-8b69-26babb2ee306,4bbc2436-eeba-46ba-b994-2fead3a810c3,2026-07-12T16:08:00,2026-07-13T11:21:01.235178,messaging,billing,low
c49b0721-55ee-45dd-934e-23aabebf0a41,03ae723d-662e-4f59-9386-dac9a6ebfd28,2026-08-02T11:13:00,2026-08-02T18:03:53.232676,messaging,account,high
08cfd198-1909-4f6b-8dc1-bb1ab0215917,b5284cb2-31ed-4f1b-b271-a1fd6d03eb9f,2026-07-15T09:02:00,2026-07-15T11:39:36.794238,payments,performance,critical
4419032d-fe1f-4491-8be0-c4001bf72622,f97d576e-c608-4c31-b28a-845636bb3d45,2026-07-24T21:53:00,2026-07-25T07:21:25.912396,analytics,configuration,low
8c0c91ef-1cf8-47c6-8aae-18013a7e12c0,77be159c-002c-42e6-b70d-98f80fddc48c,2026-08-19T20:11:00,2026-08-20T11:05:55.487567,identity,bug,medium
67e61551-e9e2-4f3d-bcba-c408d08e9628,3e769e34-1017-4209-90f5-ddd5bd91dbd2,2026-07-31T10:46:00,2026-08-01T02:44:51.318585,identity,bug,medium
393b799a-c72c-4611-bafc-fa4c1ce591cd,3a5f6e0a-b88e-40ae-9928-9082ea713b62,2026-07-25T16:11:00,2026-07-25T19:07:36.000313,identity,configuration,critical
8de50435-5250-43b5-ae82-5d58733e500d,69984994-7575-4d59-8d2c-f14079d0c249,2026-07-17T10:27:00,2026-07-18T00:51:44.715783,payments,account,low
7abad517-c6d9-48be-bec1-ca9afe737eb5,82d2b5d2-8c79-467d-afbf-1b37c2bdeb49,2026-07-22T22:54:00,2026-07-23T10:18:04.361478,payments,bug,high
0f273083-8973-4bbb-8787-f9baf63e8dd7,98413a0c-11f3-4883-a830-056a22fb81bb,2026-07-26T02:54:00,2026-07-26T12:23:35.166925,messaging,bug,high
a562e087-190b-48f8-bc6b-620082cd95ad,f97c5d8a-0721-4e1c-969f-4ff6b9ca7be0,2026-07-27T14:46:00,2026-07-27T19:30:32.495795,payments,billing,high
f9793dad-4792-475c-a9e2-2aa2a8369b05,2645ffd6-7681-4dfa-9e4b-8991555a6dad,2026-07-24T17:32:00,2026-07-24T20:48:08.170635,messaging,account,critical
cc30c7a8-8bfa-4f69-b106-a6926fb99afb,b67e69c2-45cc-4b63-8142-035324108dc6,2026-07-29T20:05:00,2026-07-30T12:34:53.458314,payments,bug,medium
5f0e6458-94f9-47dc-910b-31c7d886f296,d8b2c8b0-2b17-4df7-b302-22c1ff3921ac,2026-07-01T17:38:00,2026-07-01T23:54:59.949083,identity,bug,high
290aef54-874e-448c-8416-5c0b2c911970,365c12bb-39d1-4ccc-a01e-bd168daf59f0,2026-08-10T02:58:00,2026-08-10T04:45:03.392680,messaging,performance,critical
beb22748-330d-429d-acf1-d5cbf6b97c93,aa0632c5-0014-467b-86e6-02ed6b08a481,2026-07-18T16:29:00,2026-07-19T00:29:58.995520,analytics,account,high
01d9899d-d13a-4fa7-9c75-377d07567943,0fa7ea4c-b186-48a7-bc4e-4d59b5b2188d,2026-07-06T10:34:00,2026-07-06T14:57:42.315406,analytics,account,critical
1adf4fd8-f603-411d-9638-834cd5e5c9bb,40f9a4bd-4654-4679-840f-7b4c3e1fdd07,2026-07-08T19:22:00,2026-07-09T10:12:32.296344,identity,billing,low
414e957a-ee8c-41c1-92ad-ee9e7641d199,0879a1e4-86d6-4541-bc8a-c18c4ce1c988,2026-07-06T21:49:00,2026-07-07T00:45:38.915718,identity,billing,critical
312f4ac9-fbbf-4e79-a7ef-069d4cae02bf,6ddb5ba2-a0b6-485f-b62f-d55e989930d8,2026-08-07T13:14:00,2026-08-08T21:10:33.654234,payments,bug,low
70a75639-05d5-454e-9930-3fa5bc135f84,677d8d71-0a7d-43f2-8c23-b37773faaae3,2026-08-19T22:13:00,2026-08-20T00:00:31.032323,analytics,account,critical
1f74f643-5bd4-4d56-b65c-ac750388c26e,7fe076b1-1548-4b9c-8bcd-90ec24e69169,2026-08-25T23:47:00,2026-08-26T07:10:09.446991,messaging,account,high
8294cce5-38b0-4545-92a7-78e10e833c8e,8e65f05c-670d-4f9e-80fb-5aa5b274705c,2026-07-12T17:31:00,2026-07-13T09:50:04.190550,identity,performance,low
0ed03494-0033-4411-9014-722ae4c2ebb9,7df8f33b-32c6-4483-9937-ccbce62e075c,2026-08-19T20:56:00,2026-08-20T00:53:57.255939,analytics,billing,critical
5bc50d88-bfcd-4398-8698-890ad3d62cf3,01990d03-c367-43f2-8de5-44d285270ae8,2026-08-29T18:14:00,2026-08-30T22:29:43.640531,payments,billing,low
6a8e1016-39f6-4bbd-a398-164d1be5d22d,4e1fa5da-343d-4491-bf72-4803270c63bf,2026-07-24T23:08:00,2026-07-25T15:24:35.035724,payments,billing,low
729c8799-0ca1-4076-8f02-768adbfe7840,4fa4ad42-5f6c-400a-b83d-4425e001fa0b,2026-07-05T19:19:00,2026-07-06T07:38:49.262650,payments,billing,low
ffa08209-5efc-45ad-a7af-72c006de4e0e,c992a03f-cc98-4b5d-8b77-e94ae2c09bfb,2026-08-15T17:04:00,2026-08-16T04:20:46.664092,messaging,configuration,high
fe8526a2-7a4b-4368-be00-4c013a378a7d,d8014ea6-8d8d-4609-bf06-1e51f2f9dcdf,2026-07-02T17:12:00,2026-07-03T02:39:34.846382,identity,billing,medium
a6d507ff-fa12-4e20-a189-738ea783f794,8645740f-60c6-43d3-ab1a-c3ad2ed5ab90,2026-07-09T16:47:00,2026-07-09T23:06:39.727064,analytics,configuration,medium
1a2fe779-b7f5-4466-b136-23b89ec0174e,e23afda3-f6d5-4411-b9ae-7b9e5b8c76e7,2026-08-07T05:09:00,2026-08-07T19:49:14.403731,messaging,bug,low
7e429c83-531b-4dee-bb36-01516a37b315,acc7c3b8-ad13-4228-809d-e7a85e0ba15e,2026-07-24T07:26:00,2026-07-24T13:39:44.831123,identity,account,medium
14bb1160-650a-4df2-a3b9-190947be9dea,74a29b86-e87e-421f-ad06-8052379c3b2a,2026-08-06T13:44:00,2026-08-07T05:55:08.356407,messaging,billing,medium
49e507ea-7982-46a1-9efe-2ab9081998ea,3e280447-540e-4524-80e4-aaf28cd58046,2026-08-17T06:26:00,2026-08-18T11:39:19.992414,payments,billing,medium
a0888a70-0827-42ad-8d4a-868ccb1648f7,05d6ae59-ee6f-4020-bd64-2a8db661761b,2026-07-26T07:01:00,2026-07-26T12:52:24.686895,analytics,bug,high
215fefe3-d0be-4f9f-9ada-47b9a6d79e07,359f56f9-cec5-4269-babe-6b85f8ef629c,2026-08-23T10:33:00,2026-08-23T22:22:09.614204,payments,billing,medium
cd3f18b7-8195-4b5a-932d-b0ed7e1e7eac,a0f9574c-b636-4469-80c3-155a7586a61d,2026-08-04T09:16:00,2026-08-06T08:35:57.077251,payments,bug,low
46b3e5eb-5066-48b5-bd6a-910afed7e9d9,e66794b1-f762-442c-9cf6-79a12a6b1c42,2026-08-25T21:11:00,2026-08-26T19:49:49.070978,analytics,bug,low
b6f14f26-1c79-481c-91d6-0b21a956ecd0,44b8c418-61d8-43d8-9709-55b3fefcecc8,2026-07-24T07:17:00,2026-07-24T20:11:37.846667,identity,billing,medium
313b8e10-425b-4607-ae8f-7d01b9ca01e7,19e1893b-93fd-4c39-a0e0-1df59599ebb6,2026-07-18T12:23:00,2026-07-18T17:50:08.221361,payments,billing,high
df601d3b-cf89-4b9f-a783-84d61e13bf85,9d20bac1-5c79-49aa-b0c6-6ecd76c4fc22,2026-08-04T11:34:00,2026-08-04T20:29:08.701393,analytics,billing,medium
13297596-abd1-4698-9cc6-17fb8a314fb9,0d1b22e4-36ee-469c-9d4b-88db3da4eab1,2026-08-24T09:42:00,2026-08-24T13:14:16.169042,identity,configuration,critical
cb0efa77-e4ff-4987-a026-73e19cae8cf1,1a9c813f-b8e1-4469-8810-1563611db85d,2026-07-31T08:00:00,2026-07-31T13:29:07.309506,payments,billing,high
869fa566-5ba3-4665-8844-dd8604c68411,30a88e81-e87a-4e05-a377-b8c664f15e34,2026-08-06T09:13:00,2026-08-06T12:00:04.525372,identity,configuration,critical
50f3058d-7f5d-4029-85c6-52f9e50d93b2,4b86291d-912f-43db-b41e-46c2d931cced,2026-07-01T10:52:00,2026-07-01T13:39:17.506706,payments,configuration,critical
d5087033-335d-4ae7-bcb3-6fde11a94c5f,6fad8c9d-9259-4e32-9cb5-3c32b461a32b,2026-07-25T08:37:00,2026-07-25T14:35:48.495835,payments,bug,high
332a2004-1cd3-45d0-9159-b4a84dfc772c,1d435dc9-4876-4032-8388-9cbd8ac418c5,2026-08-11T07:22:00,2026-08-11T16:39:41.885170,messaging,billing,high
fa458b8d-b647-49f9-a7cd-5843ec656734,40aba24c-4b23-4b05-8dcb-9ac7f1916939,2026-08-20T01:48:00,2026-08-20T05:47:28.076903,identity,billing,critical
8a3e33c6-f6e6-446b-a0dc-c8719eaceabe,569b76f8-d696-405f-a39f-1095dd4334f9,2026-08-02T10:09:00,2026-08-02T19:39:24.706402,messaging,bug,high
94a885c7-445c-4f9c-93db-dc36317144d8,3026d875-cd60-44ab-869a-ab688164c1ba,2026-08-04T22:05:00,2026-08-05T06:35:06.351867,messaging,configuration,high
46543086-9aa2-4fef-9d88-b5d6a90710d9,42b4b8ea-e870-4deb-81fe-7435a7e6a6df,2026-07-07T00:54:00,2026-07-07T05:16:52.764752,identity,performance,critical
15bc8aa1-55b1-4fc7-968b-fea58f7deb01,e2d7d580-f10d-46d7-b923-59b446181497,2026-08-03T15:41:00,2026-08-05T03:57:28.805379,payments,account,low
8b21d12c-31d7-4d91-90a1-b11ddf8e7d87,554357e6-9bdd-4cf6-ae02-cec01248e448,2026-08-07T21:58:00,2026-08-08T11:45:55.747200,messaging,configuration,low
29af1910-fcee-4507-b7c5-6f75bdb64bd3,4e304c4c-78d5-4853-8ebd-1b85791cb1d0,2026-08-03T15:07:00,2026-08-03T22:24:04.482585,payments,billing,critical
b6c2a03b-be9a-480c-8381-30e6288f70f2,673592ed-4867-4f38-b666-06ce0efac2ea,2026-08-03T18:10:00,2026-08-04T01:03:53.719301,payments,configuration,critical
2fa8fb08-c6f7-4319-bfb0-afc56ac276a9,fd2bd07b-1192-4667-99b1-4ccbf50d8ba8,2026-07-25T15:33:00,2026-07-26T00:53:07.392576,messaging,performance,high
cc09b427-2b00-4844-a507-b41cf93c05be,944dd9c4-3294-4beb-9797-c3eb48efe315,2026-07-31T18:30:00,2026-07-31T20:22:54.643581,payments,account,critical
ff5d2c82-3852-4362-b393-5752ae7e847b,9792eabc-1c39-4d45-aeec-16b2ce8a2fa0,2026-08-27T16:32:00,2026-08-28T02:00:32.280136,identity,billing,medium
5bfdc0e6-db98-4359-b9fd-e6343ac6848e,2a3d08ae-fdc7-4f33-a963-f69d4f837b50,2026-08-05T08:09:00,2026-08-05T17:43:25.401826,messaging,account,medium
8275cb56-8922-428f-a0fd-1e1db3ee630d,3b7c9b6e-ee6d-4af4-8808-959da27fc3e8,2026-07-31T20:01:00,2026-08-01T09:42:29.196972,messaging,bug,medium
be87a23b-4898-44e8-9351-3188af23d0a7,4b229bc1-c5d0-43a4-a05d-6ebfce547523,2026-08-28T16:43:00,2026-08-29T02:36:16.003834,messaging,billing,medium
23e87409-94a5-4d8f-8a98-6f6b825af59e,7653a930-4b98-4036-9158-5e942450630b,2026-07-20T08:13:00,2026-07-20T16:13:06.085127,identity,performance,high
f15d2829-d96b-4a8e-a35c-299b608822c5,d29b0437-8ffc-47aa-b4fc-20ce2128bc16,2026-08-09T01:31:00,2026-08-10T07:05:47.512599,payments,account,low
b3d51230-b319-4503-bdc3-508ae64f6f34,30c56b63-235b-4c58-aee5-8fe253c3d806,2026-07-10T05:13:00,2026-07-10T14:46:08.716331,messaging,account,medium
7ea297f6-9df0-4d84-8e34-b9440b8a2a1e,78c01c87-61d3-43e4-9e0d-1382f726762d,2026-08-12T19:34:00,2026-08-14T01:13:18.324388,payments,account,low
be11cee3-88fa-4a10-9fc4-31dc886cb415,ec92b811-7836-4938-b4b0-4079a917e126,2026-08-02T06:23:00,2026-08-03T01:52:19.672611,payments,account,low
fbf2a897-4452-4476-a1e1-a3d262072f30,1746cb07-c3c5-41fd-9e62-f153ef89cf7a,2026-08-16T21:37:00,2026-08-17T14:45:49.029205,payments,performance,low
766cce4b-c1dd-456e-90f7-0e5510584ac6,e98dd346-31b6-4f87-89e9-6e35be313191,2026-07-03T02:30:00,2026-07-03T04:23:32.626205,messaging,billing,critical
c37544ff-0044-4240-a09d-a3eea15f6bd1,94c33448-6cdc-4aae-b854-f0fc4a933331,2026-07-06T08:44:00,2026-07-07T10:42:25.418275,messaging,billing,low
34458cb2-c156-4723-8fec-b8eb2c71b2cd,ca4a8d17-e71b-4d53-9e0c-f70725295a2b,2026-07-25T22:16:00,2026-07-26T17:16:24.390188,messaging,performance,low
43e3fdde-c8a9-4940-937c-f93b46d0cba9,320973ef-65e6-4b06-b8d1-ddaf373db077,2026-07-13T17:41:00,2026-07-14T01:05:50.024013,messaging,configuration,medium
558ecbf5-4dd9-4ab7-a145-c5d88826bb74,21881a26-91c2-4a22-b13e-4e09aeeb0022,2026-07-12T03:34:00,2026-07-12T16:40:21.020698,identity,performance,medium
36669a8c-1a8a-448a-9fc1-d0dc6689c052,10070f83-2ad1-419e-b8e5-0f526349d83b,2026-07-28T02:39:00,2026-07-28T12:31:47.196385,messaging,performance,medium
a3325230-51bf-4de9-ae63-e7d22561af4a,9880bbfd-ff82-4b69-a1d9-6f515247d288,2026-07-26T07:14:00,2026-07-26T17:53:47.537941,payments,account,medium
71dfc631-7b5b-4472-a1be-42f7ee1a1cc0,18daaffe-f9de-4862-b7dc-e1fd17a973ff,2026-07-27T23:47:00,2026-07-28T16:47:21.359122,identity,performance,medium
4b3000ab-c65b-473d-818c-b8edbd962bf1,4d86c61a-6aac-40d0-8f79-25d0c93da21b,2026-07-18T09:48:00,2026-07-19T00:46:35.812303,analytics,performance,medium
bc4e78d3-51d6-4492-9691-06c118f6e93f,476f9546-0a7c-4d46-8b87-dd496eb898a9,2026-08-23T06:07:00,2026-08-23T16:51:41.781520,identity,bug,medium
d46da369-659f-47ef-8fbc-630af5603725,d3a47a00-7c09-4eea-801e-b43db42802f0,2026-08-22T02:59:00,2026-08-23T05:51:57.235205,identity,account,low
dc3c0d44-aa9f-43d3-8c49-8bbfc4217b03,71968578-ca13-4d88-b80c-11e4ff65e593,2026-07-10T23:56:00,2026-07-11T03:35:20.937047,payments,performance,critical
865abd33-55e6-462d-a391-9bf1f6a9178d,ddf5ff2c-9405-4789-9bd3-d0d8c08cd1d7,2026-08-21T14:58:00,2026-08-21T17:49:16.176568,messaging,bug,critical
b5139161-e003-4d31-ac33-3771f68d7621,408e08a1-f55d-488b-97e1-a255673913f8,2026-07-03T07:52:00,2026-07-03T16:29:17.075292,messaging,account,medium
aa9fe6de-09c7-4feb-a043-2c98152ac37c,7ff20ee8-25b7-4902-ace5-fa41b5509215,2026-07-21T02:04:00,2026-07-22T04:16:24.429919,analytics,bug,low
a0d77dc4-d5b4-4e7c-8f42-517863e40e4a,e87e8c14-962c-4cea-88c1-37aaa33763f0,2026-07-10T18:41:00,2026-07-11T05:43:40.539630,payments,configuration,low
292de37c-7099-4a28-9e55-71228a66edb3,0cd33b98-fff1-46c5-b620-92bf518ad180,2026-07-23T11:21:00,2026-07-24T10:03:19.925862,identity,account,low
0a887edf-18f6-4f23-8209-a988a619c301,437af62b-11cc-4f5b-98d0-d68f3a495b97,2026-07-08T09:36:00,2026-07-08T18:51:57.976046,payments,billing,medium
e231e436-5f0d-4cc8-86dc-ac9e9931a14f,fa4cd043-1e4c-4552-aa0a-eed711a4e5ac,2026-07-25T17:58:00,2026-07-25T21:57:58.892206,payments,performance,critical
5168034c-183e-4a04-a0ba-70261802f669,190cb9cf-bd64-4ec1-ab0b-97737a2c0d4f,2026-08-29T18:46:00,2026-08-30T20:05:07.959963,payments,configuration,low
41b17f21-cf93-46a8-821f-fdb1f2a665b9,537bc8e0-6310-4c11-8a42-8763f653a33c,2026-08-21T06:39:00,2026-08-22T08:50:24.868954,identity,bug,low
15b56bbb-816e-47f9-bf4c-609feda792e3,566a3a08-d05d-4a12-a2a3-791438141c39,2026-08-09T12:26:00,2026-08-09T18:53:08.520501,messaging,account,medium
b39fa2be-5eb9-4a55-aa91-1726c54bd745,5310f941-2f57-40ea-a4f2-314dec3358a4,2026-07-23T20:25:00,2026-07-23T21:56:52.556780,analytics,bug,critical
52a2a585-2fe4-4ea6-b076-dde53e39d217,f1320f27-ac30-4bcd-a5eb-0b92fc67b8ef,2026-07-26T18:03:00,2026-07-27T18:19:17.666463,analytics,bug,low
e9226911-0754-4b92-a94d-9ca2555927be,2da1bc0d-1960-48a0-95af-643aa4657f46,2026-08-29T17:23:00,2026-08-30T15:37:24.560813,payments,bug,medium
55c7aa41-b80c-48cd-a716-eac4527b361f,925db580-6daf-43ec-a81f-abd1bdf5d1c8,2026-08-07T23:27:00,2026-08-08T03:41:52.569198,messaging,bug,critical
29805921-2fa2-4c4c-8ccc-235e9d57143c,010979b7-335a-4d07-ae8d-ff36a06ac60a,2026-07-04T00:02:00,2026-07-04T13:28:09.817684,analytics,account,low
da892feb-6901-4004-8406-d2fb4df69606,a6589525-7494-4c94-a156-7a744687ccab,2026-07-14T03:24:00,2026-07-14T11:24:55.990983,analytics,billing,high
e7166151-10cb-40a5-8962-fe1eaa8289e3,f7e4b924-335e-4da6-ac8b-e0875e634437,2026-07-30T22:59:00,2026-07-31T10:05:18.868923,identity,account,high
61c9e179-fb9c-4112-bdef-9eaf7cf59cff,5191e69d-4ae8-4de6-a4a1-fdf181ce1d30,2026-07-06T10:53:00,2026-07-06T17:46:46.484185,payments,configuration,medium
2252ca4d-6edb-426c-a43b-3de71c50aa34,df22aa33-c467-42ed-b822-8bea943468ab,2026-07-06T14:05:00,2026-07-07T07:49:30.992528,messaging,account,low
1b547b7a-5ae8-44f4-b1a2-64d52b737db9,ba8aef57-1dfd-4f15-ab71-e2ff2df7e91b,2026-08-23T20:32:00,2026-08-23T22:12:34.615353,analytics,billing,critical
d7a8d51b-6004-46ca-a49b-9698b8f320ea,3bdda2ca-8662-4ee2-b155-bc74d4aadb28,2026-07-30T11:37:00,2026-07-31T10:50:58.376755,messaging,bug,low
5704f2c6-872e-4976-b94d-edfad24d110a,62c3f778-18c3-4778-bcee-f3743763a326,2026-07-11T13:25:00,2026-07-12T08:54:36.246847,payments,billing,low
d2eaa6ae-0906-4015-9054-5a26aa067737,ed12df77-fa63-4c1a-a853-d9bb7d808a5e,2026-07-29T03:58:00,2026-07-29T15:12:58.911981,analytics,billing,high
